[21May2026 14:40:40.913] [main/INFO] [cpw.mods.modlauncher.Launcher/MODLAUNCHER]: ModLauncher running: args [--username, knight4him, --version, 1.21.1, --gameDir, C:/Users/Josiah/AppData/Roaming/PrismLauncher/instances/Create Aeronautics/minecraft, --assetsDir, C:/Users/Josiah/AppData/Roaming/PrismLauncher/assets, --assetIndex, 17, --uuid, e24fd80478cc4b6381394ceb0fbd4f17, --accessToken, ❄❄❄❄❄❄❄❄, --userType, msa, --versionType, release, --fml.neoForgeVersion, 21.1.230, --fml.fmlVersion, 4.0.42, --fml.mcVersion, 1.21.1, --fml.neoFormVersion, 20240808.144430, --launchTarget, forgeclient, --width, 854, --height, 480]
[21May2026 14:40:40.921] [main/INFO] [cpw.mods.modlauncher.Launcher/MODLAUNCHER]: JVM identified as Microsoft OpenJDK 64-Bit Server VM 21.0.3+9-LTS
[21May2026 14:40:40.925] [main/INFO] [cpw.mods.modlauncher.Launcher/MODLAUNCHER]: ModLauncher 11.0.5+main.901c6ea8 starting: java version 21.0.3 by Microsoft; OS Windows 11 arch amd64 version 10.0
[21May2026 14:40:41.749] [main/INFO] [net.neoforged.fml.loading.ImmediateWindowHandler/]: Loading ImmediateWindowProvider fmlearlywindow
[21May2026 14:40:41.856] [main/INFO] [EARLYDISPLAY/]: Trying GL version 4.6
[21May2026 14:40:42.231] [main/INFO] [EARLYDISPLAY/]: Requested GL version 4.6 got version 4.6
[21May2026 14:40:42.376] [main/INFO] [mixin/]: SpongePowered MIXIN Subsystem Version=0.8.7 Source=union:/C:/Users/Josiah/AppData/Roaming/PrismLauncher/libraries/net/fabricmc/sponge-mixin/0.15.2+mixin.0.8.7/sponge-mixin-0.15.2+mixin.0.8.7.jar%23175!/ Service=ModLauncher Env=CLIENT
[21May2026 14:40:42.527] [pool-2-thread-1/INFO] [EARLYDISPLAY/]: GL info: Intel(R) Arc(TM) Graphics GL version 4.6.0 - Build 32.0.101.8509, Intel
[21May2026 14:40:42.643] [main/INFO] [net.neoforged.fml.loading.moddiscovery.ModDiscoverer/SCAN]: Found mod file "client-1.21.1-20240808.144430-srg.jar" [locator: production client provider +net.neoforged:neoforge:21.1.230:client]
[21May2026 14:40:42.667] [main/INFO] [net.neoforged.fml.loading.moddiscovery.ModDiscoverer/SCAN]: Found mod file "neoforge-21.1.230-universal.jar" [locator: PathBasedLocator[name=neoforge, paths=[C:\Users\Josiah\AppData\Roaming\PrismLauncher\libraries\net\neoforged\neoforge\21.1.230\neoforge-21.1.230-universal.jar]], reader: mod manifest]
[21May2026 14:40:42.670] [main/INFO] [net.neoforged.fml.loading.moddiscovery.ModDiscoverer/SCAN]: Found library file "~nonexistent" [locator: org.sinytra.connector.locator.ConnectorEarlyLocatorBootstrap@3104351d]
[21May2026 14:40:42.684] [main/INFO] [net.neoforged.fml.loading.moddiscovery.ModDiscoverer/SCAN]: Found mod file "aa4-atlas-1.1.2+1.21.jar" [locator: {mods folder locator at C:\Users\Josiah\AppData\Roaming\PrismLauncher\instances\Create Aeronautics\minecraft\mods}, reader: mod manifest]
[21May2026 14:40:42.690] [main/INFO] [net.neoforged.fml.loading.moddiscovery.ModDiscoverer/SCAN]: Found mod file "aero_addition-1.0.2.jar" [locator: {mods folder locator at C:\Users\Josiah\AppData\Roaming\PrismLauncher\instances\Create Aeronautics\minecraft\mods}, reader: mod manifest]
[21May2026 14:40:42.695] [main/INFO] [net.neoforged.fml.loading.moddiscovery.ModDiscoverer/SCAN]: Found mod file "aero_cam_sync-1.2.0.jar" [locator: {mods folder locator at C:\Users\Josiah\AppData\Roaming\PrismLauncher\instances\Create Aeronautics\minecraft\mods}, reader: mod manifest]
[21May2026 14:40:42.700] [main/INFO] [net.neoforged.fml.loading.moddiscovery.ModDiscoverer/SCAN]: Found mod file "aerocopycats-1.1.1.jar" [locator: {mods folder locator at C:\Users\Josiah\AppData\Roaming\PrismLauncher\instances\Create Aeronautics\minecraft\mods}, reader: mod manifest]
[21May2026 14:40:42.708] [main/INFO] [net.neoforged.fml.loading.moddiscovery.ModDiscoverer/SCAN]: Found mod file "aeronauticscompat-1.1.2.jar" [locator: {mods folder locator at C:\Users\Josiah\AppData\Roaming\PrismLauncher\instances\Create Aeronautics\minecraft\mods}, reader: mod manifest]
[21May2026 14:40:42.714] [main/INFO] [net.neoforged.fml.loading.moddiscovery.ModDiscoverer/SCAN]: Found mod file "aerowear-1.0.0.jar" [locator: {mods folder locator at C:\Users\Josiah\AppData\Roaming\PrismLauncher\instances\Create Aeronautics\minecraft\mods}, reader: mod manifest]
[21May2026 14:40:42.719] [main/INFO] [net.neoforged.fml.loading.moddiscovery.ModDiscoverer/SCAN]: Found mod file "aeroworks-1.2.9.jar" [locator: {mods folder locator at C:\Users\Josiah\AppData\Roaming\PrismLauncher\instances\Create Aeronautics\minecraft\mods}, reader: mod manifest]
[21May2026 14:40:42.726] [main/INFO] [net.neoforged.fml.loading.moddiscovery.ModDiscoverer/SCAN]: Found mod file "AI-Improvements-1.21-0.5.3.jar" [locator: {mods folder locator at C:\Users\Josiah\AppData\Roaming\PrismLauncher\instances\Create Aeronautics\minecraft\mods}, reader: mod manifest]
[21May2026 14:40:42.731] [main/INFO] [net.neoforged.fml.loading.moddiscovery.ModDiscoverer/SCAN]: Found mod file "almostunified-neoforge-1.21.1-1.4.1.jar" [locator: {mods folder locator at C:\Users\Josiah\AppData\Roaming\PrismLauncher\instances\Create Aeronautics\minecraft\mods}, reader: mod manifest]
[21May2026 14:40:42.736] [main/INFO] [net.neoforged.fml.loading.moddiscovery.ModDiscoverer/SCAN]: Found mod file "antique-atlas-3.1.2+1.21.jar" [locator: {mods folder locator at C:\Users\Josiah\AppData\Roaming\PrismLauncher\instances\Create Aeronautics\minecraft\mods}, reader: mod manifest]
[21May2026 14:40:42.741] [main/INFO] [net.neoforged.fml.loading.moddiscovery.ModDiscoverer/SCAN]: Found mod file "antique_transport-1.2.1+1.21.1.jar" [locator: {mods folder locator at C:\Users\Josiah\AppData\Roaming\PrismLauncher\instances\Create Aeronautics\minecraft\mods}, reader: mod manifest]
[21May2026 14:40:42.745] [main/INFO] [net.neoforged.fml.loading.moddiscovery.ModDiscoverer/SCAN]: Found mod file "appleskin-neoforge-mc1.21-3.0.9.jar" [locator: {mods folder locator at C:\Users\Josiah\AppData\Roaming\PrismLauncher\instances\Create Aeronautics\minecraft\mods}, reader: mod manifest]
[21May2026 14:40:42.749] [main/INFO] [net.neoforged.fml.loading.moddiscovery.ModDiscoverer/SCAN]: Found mod file "architectury-13.0.8-neoforge.jar" [locator: {mods folder locator at C:\Users\Josiah\AppData\Roaming\PrismLauncher\instances\Create Aeronautics\minecraft\mods}, reader: mod manifest]
[21May2026 14:40:42.755] [main/INFO] [net.neoforged.fml.loading.moddiscovery.ModDiscoverer/SCAN]: Found mod file "aspectalchemy-neoforge-2.0.0.jar" [locator: {mods folder locator at C:\Users\Josiah\AppData\Roaming\PrismLauncher\instances\Create Aeronautics\minecraft\mods}, reader: mod manifest]
[21May2026 14:40:42.758] [main/INFO] [net.neoforged.fml.loading.moddiscovery.ModDiscoverer/SCAN]: Found mod file "baguettelib-1.21.1-NeoForge-2.0.3.jar" [locator: {mods folder locator at C:\Users\Josiah\AppData\Roaming\PrismLauncher\instances\Create Aeronautics\minecraft\mods}, reader: mod manifest]
[21May2026 14:40:42.762] [main/INFO] [net.neoforged.fml.loading.moddiscovery.ModDiscoverer/SCAN]: Found mod file "balm-neoforge-1.21.1-21.0.58.jar" [locator: {mods folder locator at C:\Users\Josiah\AppData\Roaming\PrismLauncher\instances\Create Aeronautics\minecraft\mods}, reader: mod manifest]
[21May2026 14:40:42.767] [main/INFO] [net.neoforged.fml.loading.moddiscovery.ModDiscoverer/SCAN]: Found mod file "bellsandwhistles-0.4.7-1.21.1.jar" [locator: {mods folder locator at C:\Users\Josiah\AppData\Roaming\PrismLauncher\instances\Create Aeronautics\minecraft\mods}, reader: mod manifest]
[21May2026 14:40:42.772] [main/INFO] [net.neoforged.fml.loading.moddiscovery.ModDiscoverer/SCAN]: Found mod file "betterdays-1.21.1-3.3.6.3-NEOFORGE.jar" [locator: {mods folder locator at C:\Users\Josiah\AppData\Roaming\PrismLauncher\instances\Create Aeronautics\minecraft\mods}, reader: mod manifest]
[21May2026 14:40:42.776] [main/INFO] [net.neoforged.fml.loading.moddiscovery.ModDiscoverer/SCAN]: Found mod file "BetterF3-11.0.3-NeoForge-1.21.1.jar" [locator: {mods folder locator at C:\Users\Josiah\AppData\Roaming\PrismLauncher\instances\Create Aeronautics\minecraft\mods}, reader: mod manifest]
[21May2026 14:40:42.779] [main/INFO] [net.neoforged.fml.loading.moddiscovery.ModDiscoverer/SCAN]: Found mod file "biolith-neoforge-3.0.11.jar" [locator: {mods folder locator at C:\Users\Josiah\AppData\Roaming\PrismLauncher\instances\Create Aeronautics\minecraft\mods}, reader: mod manifest]
[21May2026 14:40:42.786] [main/INFO] [net.neoforged.fml.loading.moddiscovery.ModDiscoverer/SCAN]: Found mod file "bits_n_bobs-0.0.44.jar" [locator: {mods folder locator at C:\Users\Josiah\AppData\Roaming\PrismLauncher\instances\Create Aeronautics\minecraft\mods}, reader: mod manifest]
[21May2026 14:40:42.792] [main/INFO] [net.neoforged.fml.loading.moddiscovery.ModDiscoverer/SCAN]: Found mod file "BrewinAndChewin-neoforge-4.4.2+1.21.1.jar" [locator: {mods folder locator at C:\Users\Josiah\AppData\Roaming\PrismLauncher\instances\Create Aeronautics\minecraft\mods}, reader: mod manifest]
[21May2026 14:40:42.796] [main/INFO] [net.neoforged.fml.loading.moddiscovery.ModDiscoverer/SCAN]: Found mod file "c2me-neoforge-mc1.21.1-0.3.0+alpha.0.93.jar" [locator: {mods folder locator at C:\Users\Josiah\AppData\Roaming\PrismLauncher\instances\Create Aeronautics\minecraft\mods}, reader: mod manifest]
[21May2026 14:40:42.800] [main/INFO] [net.neoforged.fml.loading.moddiscovery.ModDiscoverer/SCAN]: Found mod file "carryon-neoforge-1.21.1-2.2.4.4.jar" [locator: {mods folder locator at C:\Users\Josiah\AppData\Roaming\PrismLauncher\instances\Create Aeronautics\minecraft\mods}, reader: mod manifest]
[21May2026 14:40:42.804] [main/INFO] [net.neoforged.fml.loading.moddiscovery.ModDiscoverer/SCAN]: Found mod file "CarryOnAeroCompat-1.21.1-1.1.1.jar" [locator: {mods folder locator at C:\Users\Josiah\AppData\Roaming\PrismLauncher\instances\Create Aeronautics\minecraft\mods}, reader: mod manifest]
[21May2026 14:40:42.810] [main/INFO] [net.neoforged.fml.loading.moddiscovery.ModDiscoverer/SCAN]: Found mod file "cbc_at_Neoforge_1.21.1_0.1.4c.jar" [locator: {mods folder locator at C:\Users\Josiah\AppData\Roaming\PrismLauncher\instances\Create Aeronautics\minecraft\mods}, reader: mod manifest]
[21May2026 14:40:42.816] [main/INFO] [net.neoforged.fml.loading.moddiscovery.ModDiscoverer/SCAN]: Found mod file "cbc_equally_opposite-0.1.1.jar" [locator: {mods folder locator at C:\Users\Josiah\AppData\Roaming\PrismLauncher\instances\Create Aeronautics\minecraft\mods}, reader: mod manifest]
[21May2026 14:40:42.820] [main/INFO] [net.neoforged.fml.loading.moddiscovery.ModDiscoverer/SCAN]: Found mod file "Chunky-NeoForge-1.4.23.jar" [locator: {mods folder locator at C:\Users\Josiah\AppData\Roaming\PrismLauncher\instances\Create Aeronautics\minecraft\mods}, reader: mod manifest]
[21May2026 14:40:42.825] [main/INFO] [net.neoforged.fml.loading.moddiscovery.ModDiscoverer/SCAN]: Found mod file "CliffTree-3.1.5-1.21.1_backport.jar" [locator: {mods folder locator at C:\Users\Josiah\AppData\Roaming\PrismLauncher\instances\Create Aeronautics\minecraft\mods}, reader: mod manifest]
[21May2026 14:40:42.831] [main/INFO] [net.neoforged.fml.loading.moddiscovery.ModDiscoverer/SCAN]: Found mod file "climbable_ropes-1.9.0.jar" [locator: {mods folder locator at C:\Users\Josiah\AppData\Roaming\PrismLauncher\instances\Create Aeronautics\minecraft\mods}, reader: mod manifest]
[21May2026 14:40:42.836] [main/INFO] [net.neoforged.fml.loading.moddiscovery.ModDiscoverer/SCAN]: Found mod file "cloth-config-15.0.140-neoforge.jar" [locator: {mods folder locator at C:\Users\Josiah\AppData\Roaming\PrismLauncher\instances\Create Aeronautics\minecraft\mods}, reader: mod manifest]
[21May2026 14:40:42.840] [main/INFO] [net.neoforged.fml.loading.moddiscovery.ModDiscoverer/SCAN]: Found mod file "cmparallelpipes-neoforge-2.0.2.jar" [locator: {mods folder locator at C:\Users\Josiah\AppData\Roaming\PrismLauncher\instances\Create Aeronautics\minecraft\mods}, reader: mod manifest]
[21May2026 14:40:42.846] [main/INFO] [net.neoforged.fml.loading.moddiscovery.ModDiscoverer/SCAN]: Found mod file "Cocktails-Delight-1.21.1-NeoForge-1.1.7.jar" [locator: {mods folder locator at C:\Users\Josiah\AppData\Roaming\PrismLauncher\instances\Create Aeronautics\minecraft\mods}, reader: mod manifest]
[21May2026 14:40:42.852] [main/INFO] [net.neoforged.fml.loading.moddiscovery.ModDiscoverer/SCAN]: Found mod file "ColdSweat-2.4.jar" [locator: {mods folder locator at C:\Users\Josiah\AppData\Roaming\PrismLauncher\instances\Create Aeronautics\minecraft\mods}, reader: mod manifest]
[21May2026 14:40:42.859] [main/INFO] [net.neoforged.fml.loading.moddiscovery.ModDiscoverer/SCAN]: Found mod file "coldsweat_aeronautics_compat-0.1.0.jar" [locator: {mods folder locator at C:\Users\Josiah\AppData\Roaming\PrismLauncher\instances\Create Aeronautics\minecraft\mods}, reader: mod manifest]
[21May2026 14:40:42.865] [main/INFO] [net.neoforged.fml.loading.moddiscovery.ModDiscoverer/SCAN]: Found mod file "comforts-neoforge-9.0.5+1.21.1.jar" [locator: {mods folder locator at C:\Users\Josiah\AppData\Roaming\PrismLauncher\instances\Create Aeronautics\minecraft\mods}, reader: mod manifest]
[21May2026 14:40:42.870] [main/INFO] [net.neoforged.fml.loading.moddiscovery.ModDiscoverer/SCAN]: Found mod file "ConnectorExtras-1.12.1+1.21.1.jar" [locator: {mods folder locator at C:\Users\Josiah\AppData\Roaming\PrismLauncher\instances\Create Aeronautics\minecraft\mods}, reader: mod manifest]
[21May2026 14:40:42.875] [main/INFO] [net.neoforged.fml.loading.moddiscovery.ModDiscoverer/SCAN]: Found mod file "continuity-3.0.0+1.21.neoforge.jar" [locator: {mods folder locator at C:\Users\Josiah\AppData\Roaming\PrismLauncher\instances\Create Aeronautics\minecraft\mods}, reader: mod manifest]
[21May2026 14:40:42.880] [main/INFO] [net.neoforged.fml.loading.moddiscovery.ModDiscoverer/SCAN]: Found mod file "Controlling-neoforge-1.21.1-19.0.5.jar" [locator: {mods folder locator at C:\Users\Josiah\AppData\Roaming\PrismLauncher\instances\Create Aeronautics\minecraft\mods}, reader: mod manifest]
[21May2026 14:40:42.884] [main/INFO] [net.neoforged.fml.loading.moddiscovery.ModDiscoverer/SCAN]: Found mod file "copycats-3.0.4+mc.1.21.1-neoforge.jar" [locator: {mods folder locator at C:\Users\Josiah\AppData\Roaming\PrismLauncher\instances\Create Aeronautics\minecraft\mods}, reader: mod manifest]
[21May2026 14:40:42.888] [main/INFO] [net.neoforged.fml.loading.moddiscovery.ModDiscoverer/SCAN]: Found mod file "corpse-neoforge-1.21.1-1.1.13.jar" [locator: {mods folder locator at C:\Users\Josiah\AppData\Roaming\PrismLauncher\instances\Create Aeronautics\minecraft\mods}, reader: mod manifest]
[21May2026 14:40:42.892] [main/INFO] [net.neoforged.fml.loading.moddiscovery.ModDiscoverer/SCAN]: Found mod file "corpsecurioscompat-1.21.1-NeoForge-4.0.1.jar" [locator: {mods folder locator at C:\Users\Josiah\AppData\Roaming\PrismLauncher\instances\Create Aeronautics\minecraft\mods}, reader: mod manifest]
[21May2026 14:40:42.898] [main/INFO] [net.neoforged.fml.loading.moddiscovery.ModDiscoverer/SCAN]: Found mod file "Create Encased-1.21.1-1.8.1.jar" [locator: {mods folder locator at C:\Users\Josiah\AppData\Roaming\PrismLauncher\instances\Create Aeronautics\minecraft\mods}, reader: mod manifest]
[21May2026 14:40:42.908] [main/INFO] [net.neoforged.fml.loading.moddiscovery.ModDiscoverer/SCAN]: Found mod file "create-1.21.1-6.0.10.jar" [locator: {mods folder locator at C:\Users\Josiah\AppData\Roaming\PrismLauncher\instances\Create Aeronautics\minecraft\mods}, reader: mod manifest]
[21May2026 14:40:42.911] [main/INFO] [net.neoforged.fml.loading.moddiscovery.ModDiscoverer/SCAN]: Found mod file "create-aeronautics-bundled-1.21.1-1.2.1.jar" [locator: {mods folder locator at C:\Users\Josiah\AppData\Roaming\PrismLauncher\instances\Create Aeronautics\minecraft\mods}, reader: mod manifest]
[21May2026 14:40:42.914] [main/INFO] [net.neoforged.fml.loading.moddiscovery.ModDiscoverer/SCAN]: Found mod file "create-aeronautics-lift-patch-1.1.0.jar" [locator: {mods folder locator at C:\Users\Josiah\AppData\Roaming\PrismLauncher\instances\Create Aeronautics\minecraft\mods}, reader: mod manifest]
[21May2026 14:40:42.917] [main/INFO] [net.neoforged.fml.loading.moddiscovery.ModDiscoverer/SCAN]: Found mod file "create-aeronautics-rechiseled-compat-1.21.1-1.2.2.jar" [locator: {mods folder locator at C:\Users\Josiah\AppData\Roaming\PrismLauncher\instances\Create Aeronautics\minecraft\mods}, reader: mod manifest]
[21May2026 14:40:42.920] [main/INFO] [net.neoforged.fml.loading.moddiscovery.ModDiscoverer/SCAN]: Found mod file "create-dyn-light-2.3.1-sodium-sable.jar" [locator: {mods folder locator at C:\Users\Josiah\AppData\Roaming\PrismLauncher\instances\Create Aeronautics\minecraft\mods}, reader: mod manifest]
[21May2026 14:40:42.924] [main/INFO] [net.neoforged.fml.loading.moddiscovery.ModDiscoverer/SCAN]: Found mod file "create-enchantment-industry-2.3.1.jar" [locator: {mods folder locator at C:\Users\Josiah\AppData\Roaming\PrismLauncher\instances\Create Aeronautics\minecraft\mods}, reader: mod manifest]
[21May2026 14:40:42.928] [main/INFO] [net.neoforged.fml.loading.moddiscovery.ModDiscoverer/SCAN]: Found mod file "create-integrated-farming-1.2.2.jar" [locator: {mods folder locator at C:\Users\Josiah\AppData\Roaming\PrismLauncher\instances\Create Aeronautics\minecraft\mods}, reader: mod manifest]
[21May2026 14:40:42.931] [main/INFO] [net.neoforged.fml.loading.moddiscovery.ModDiscoverer/SCAN]: Found mod file "create-northstar-aeronautics-bridge-2.0.0.jar" [locator: {mods folder locator at C:\Users\Josiah\AppData\Roaming\PrismLauncher\instances\Create Aeronautics\minecraft\mods}, reader: mod manifest]
[21May2026 14:40:42.935] [main/INFO] [net.neoforged.fml.loading.moddiscovery.ModDiscoverer/SCAN]: Found mod file "create-stuff-additions1.21.1_v2.1.3.jar" [locator: {mods folder locator at C:\Users\Josiah\AppData\Roaming\PrismLauncher\instances\Create Aeronautics\minecraft\mods}, reader: mod manifest]
[21May2026 14:40:42.938] [main/INFO] [net.neoforged.fml.loading.moddiscovery.ModDiscoverer/SCAN]: Found mod file "create_aeronautics_placeable_wheels-0.1-1.21.1.jar" [locator: {mods folder locator at C:\Users\Josiah\AppData\Roaming\PrismLauncher\instances\Create Aeronautics\minecraft\mods}, reader: mod manifest]
[21May2026 14:40:42.943] [main/INFO] [net.neoforged.fml.loading.moddiscovery.ModDiscoverer/SCAN]: Found mod file "create_aeronautics_throwable_rope_connector-0.3.0.jar" [locator: {mods folder locator at C:\Users\Josiah\AppData\Roaming\PrismLauncher\instances\Create Aeronautics\minecraft\mods}, reader: mod manifest]
[21May2026 14:40:42.947] [main/INFO] [net.neoforged.fml.loading.moddiscovery.ModDiscoverer/SCAN]: Found mod file "create_bb-1.0.7-1.21.1-Neoforge.jar" [locator: {mods folder locator at C:\Users\Josiah\AppData\Roaming\PrismLauncher\instances\Create Aeronautics\minecraft\mods}, reader: mod manifest]
[21May2026 14:40:42.950] [main/INFO] [net.neoforged.fml.loading.moddiscovery.ModDiscoverer/SCAN]: Found mod file "create_cold_sweat-1.1.2.jar" [locator: {mods folder locator at C:\Users\Josiah\AppData\Roaming\PrismLauncher\instances\Create Aeronautics\minecraft\mods}, reader: mod manifest]
[21May2026 14:40:42.955] [main/INFO] [net.neoforged.fml.loading.moddiscovery.ModDiscoverer/SCAN]: Found mod file "create_connected-1.1.16-mc1.21.1.jar" [locator: {mods folder locator at C:\Users\Josiah\AppData\Roaming\PrismLauncher\instances\Create Aeronautics\minecraft\mods}, reader: mod manifest]
[21May2026 14:40:42.958] [main/INFO] [net.neoforged.fml.loading.moddiscovery.ModDiscoverer/SCAN]: Found mod file "create_jetpack-forge-5.1.2.jar" [locator: {mods folder locator at C:\Users\Josiah\AppData\Roaming\PrismLauncher\instances\Create Aeronautics\minecraft\mods}, reader: mod manifest]
[21May2026 14:40:42.961] [main/INFO] [net.neoforged.fml.loading.moddiscovery.ModDiscoverer/SCAN]: Found mod file "create_jetpack_curios-1.2.0-neoforge-1.21.1.jar" [locator: {mods folder locator at C:\Users\Josiah\AppData\Roaming\PrismLauncher\instances\Create Aeronautics\minecraft\mods}, reader: mod manifest]
[21May2026 14:40:42.964] [main/INFO] [net.neoforged.fml.loading.moddiscovery.ModDiscoverer/SCAN]: Found mod file "create_netherless-2.0.0-1.21.1.jar" [locator: {mods folder locator at C:\Users\Josiah\AppData\Roaming\PrismLauncher\instances\Create Aeronautics\minecraft\mods}, reader: mod manifest]
[21May2026 14:40:42.967] [main/INFO] [net.neoforged.fml.loading.moddiscovery.ModDiscoverer/SCAN]: Found mod file "create_oxidized-0.1.3.jar" [locator: {mods folder locator at C:\Users\Josiah\AppData\Roaming\PrismLauncher\instances\Create Aeronautics\minecraft\mods}, reader: mod manifest]
[21May2026 14:40:42.971] [main/INFO] [net.neoforged.fml.loading.moddiscovery.ModDiscoverer/SCAN]: Found mod file "create_peaceful-2.0.3-neoforge-1.21.1.jar" [locator: {mods folder locator at C:\Users\Josiah\AppData\Roaming\PrismLauncher\instances\Create Aeronautics\minecraft\mods}, reader: mod manifest]
[21May2026 14:40:42.974] [main/INFO] [net.neoforged.fml.loading.moddiscovery.ModDiscoverer/SCAN]: Found mod file "create_ru_compat-1.0.0.jar" [locator: {mods folder locator at C:\Users\Josiah\AppData\Roaming\PrismLauncher\instances\Create Aeronautics\minecraft\mods}, reader: mod manifest]
[21May2026 14:40:42.978] [main/INFO] [net.neoforged.fml.loading.moddiscovery.ModDiscoverer/SCAN]: Found mod file "create_submarine-2.0.3.jar" [locator: {mods folder locator at C:\Users\Josiah\AppData\Roaming\PrismLauncher\instances\Create Aeronautics\minecraft\mods}, reader: mod manifest]
[21May2026 14:40:42.983] [main/INFO] [net.neoforged.fml.loading.moddiscovery.ModDiscoverer/SCAN]: Found mod file "create_things_and_misc-4.1.0-neoforge-1.21.1.jar" [locator: {mods folder locator at C:\Users\Josiah\AppData\Roaming\PrismLauncher\instances\Create Aeronautics\minecraft\mods}, reader: mod manifest]
[21May2026 14:40:42.986] [main/INFO] [net.neoforged.fml.loading.moddiscovery.ModDiscoverer/SCAN]: Found mod file "create_tweaked_controllers-1.21.1-1.2.7.jar" [locator: {mods folder locator at C:\Users\Josiah\AppData\Roaming\PrismLauncher\instances\Create Aeronautics\minecraft\mods}, reader: mod manifest]
[21May2026 14:40:42.990] [main/INFO] [net.neoforged.fml.loading.moddiscovery.ModDiscoverer/SCAN]: Found mod file "create_ultimate_factory-2.2.4-neoforge-1.21.1.jar" [locator: {mods folder locator at C:\Users\Josiah\AppData\Roaming\PrismLauncher\instances\Create Aeronautics\minecraft\mods}, reader: mod manifest]
[21May2026 14:40:42.995] [main/INFO] [net.neoforged.fml.loading.moddiscovery.ModDiscoverer/SCAN]: Found mod file "create_winery-2.0.2-neoforge-1.21.1.jar" [locator: {mods folder locator at C:\Users\Josiah\AppData\Roaming\PrismLauncher\instances\Create Aeronautics\minecraft\mods}, reader: mod manifest]
[21May2026 14:40:42.999] [main/INFO] [net.neoforged.fml.loading.moddiscovery.ModDiscoverer/SCAN]: Found mod file "createaddoncompatibility-neoforge-1.21.1-1.0.0.jar" [locator: {mods folder locator at C:\Users\Josiah\AppData\Roaming\PrismLauncher\instances\Create Aeronautics\minecraft\mods}, reader: mod manifest]
[21May2026 14:40:43.005] [main/INFO] [net.neoforged.fml.loading.moddiscovery.ModDiscoverer/SCAN]: Found mod file "createbigcannons-5.11.3+mc.1.21.1.jar" [locator: {mods folder locator at C:\Users\Josiah\AppData\Roaming\PrismLauncher\instances\Create Aeronautics\minecraft\mods}, reader: mod manifest]
[21May2026 14:40:43.010] [main/INFO] [net.neoforged.fml.loading.moddiscovery.ModDiscoverer/SCAN]: Found mod file "createburnerfuel-1.0.2.jar" [locator: {mods folder locator at C:\Users\Josiah\AppData\Roaming\PrismLauncher\instances\Create Aeronautics\minecraft\mods}, reader: mod manifest]
[21May2026 14:40:43.017] [main/INFO] [net.neoforged.fml.loading.moddiscovery.ModDiscoverer/SCAN]: Found mod file "createdeco-2.1.3.jar" [locator: {mods folder locator at C:\Users\Josiah\AppData\Roaming\PrismLauncher\instances\Create Aeronautics\minecraft\mods}, reader: mod manifest]
[21May2026 14:40:43.021] [main/INFO] [net.neoforged.fml.loading.moddiscovery.ModDiscoverer/SCAN]: Found mod file "createdieselgenerators-1.21.1-1.3.12.jar" [locator: {mods folder locator at C:\Users\Josiah\AppData\Roaming\PrismLauncher\instances\Create Aeronautics\minecraft\mods}, reader: mod manifest]
[21May2026 14:40:43.027] [main/INFO] [net.neoforged.fml.loading.moddiscovery.ModDiscoverer/SCAN]: Found mod file "CreateDragonsPlus-1.10.1.jar" [locator: {mods folder locator at C:\Users\Josiah\AppData\Roaming\PrismLauncher\instances\Create Aeronautics\minecraft\mods}, reader: mod manifest]
[21May2026 14:40:43.030] [main/INFO] [net.neoforged.fml.loading.moddiscovery.ModDiscoverer/SCAN]: Found mod file "createfddough-1.0.0.jar" [locator: {mods folder locator at C:\Users\Josiah\AppData\Roaming\PrismLauncher\instances\Create Aeronautics\minecraft\mods}, reader: mod manifest]
[21May2026 14:40:43.040] [main/INFO] [net.neoforged.fml.loading.moddiscovery.ModDiscoverer/SCAN]: Found mod file "createfood-neoforge-1.21.1-2.4.0.jar" [locator: {mods folder locator at C:\Users\Josiah\AppData\Roaming\PrismLauncher\instances\Create Aeronautics\minecraft\mods}, reader: mod manifest]
[21May2026 14:40:43.043] [main/INFO] [net.neoforged.fml.loading.moddiscovery.ModDiscoverer/SCAN]: Found mod file "createhorsepower-1.21.1-1.1.0.jar" [locator: {mods folder locator at C:\Users\Josiah\AppData\Roaming\PrismLauncher\instances\Create Aeronautics\minecraft\mods}, reader: mod manifest]
[21May2026 14:40:43.046] [main/INFO] [net.neoforged.fml.loading.moddiscovery.ModDiscoverer/SCAN]: Found mod file "CreateLazyTick-2.4.9-6.0.x-neoforge-1.21.1.jar" [locator: {mods folder locator at C:\Users\Josiah\AppData\Roaming\PrismLauncher\instances\Create Aeronautics\minecraft\mods}, reader: mod manifest]
[21May2026 14:40:43.049] [main/INFO] [net.neoforged.fml.loading.moddiscovery.ModDiscoverer/SCAN]: Found mod file "createliquidfuel-2.1.1-1.21.1.jar" [locator: {mods folder locator at C:\Users\Josiah\AppData\Roaming\PrismLauncher\instances\Create Aeronautics\minecraft\mods}, reader: mod manifest]
[21May2026 14:40:43.055] [main/INFO] [net.neoforged.fml.loading.moddiscovery.ModDiscoverer/SCAN]: Found mod file "createmetallurgy-1.0.2-1.21.1.jar" [locator: {mods folder locator at C:\Users\Josiah\AppData\Roaming\PrismLauncher\instances\Create Aeronautics\minecraft\mods}, reader: mod manifest]
[21May2026 14:40:43.060] [main/INFO] [net.neoforged.fml.loading.moddiscovery.ModDiscoverer/SCAN]: Found mod file "createmetalwork-2.0.0.jar" [locator: {mods folder locator at C:\Users\Josiah\AppData\Roaming\PrismLauncher\instances\Create Aeronautics\minecraft\mods}, reader: mod manifest]
[21May2026 14:40:43.064] [main/INFO] [net.neoforged.fml.loading.moddiscovery.ModDiscoverer/SCAN]: Found mod file "createpickywheels-neoforge-1.21.1-6.0.9-6.jar" [locator: {mods folder locator at C:\Users\Josiah\AppData\Roaming\PrismLauncher\instances\Create Aeronautics\minecraft\mods}, reader: mod manifest]
[21May2026 14:40:43.068] [main/INFO] [net.neoforged.fml.loading.moddiscovery.ModDiscoverer/SCAN]: Found mod file "createpropulsion-1.1.4.jar" [locator: {mods folder locator at C:\Users\Josiah\AppData\Roaming\PrismLauncher\instances\Create Aeronautics\minecraft\mods}, reader: mod manifest]
[21May2026 14:40:43.073] [main/INFO] [net.neoforged.fml.loading.moddiscovery.ModDiscoverer/SCAN]: Found mod file "createsa_tank_fix-1.3.jar" [locator: {mods folder locator at C:\Users\Josiah\AppData\Roaming\PrismLauncher\instances\Create Aeronautics\minecraft\mods}, reader: mod manifest]
[21May2026 14:40:43.078] [main/INFO] [net.neoforged.fml.loading.moddiscovery.ModDiscoverer/SCAN]: Found mod file "curios-neoforge-9.5.1+1.21.1.jar" [locator: {mods folder locator at C:\Users\Josiah\AppData\Roaming\PrismLauncher\instances\Create Aeronautics\minecraft\mods}, reader: mod manifest]
[21May2026 14:40:43.082] [main/INFO] [net.neoforged.fml.loading.moddiscovery.ModDiscoverer/SCAN]: Found mod file "delightlib-26.05.18-1.21-neoforge.jar" [locator: {mods folder locator at C:\Users\Josiah\AppData\Roaming\PrismLauncher\instances\Create Aeronautics\minecraft\mods}, reader: mod manifest]
[21May2026 14:40:43.089] [main/INFO] [net.neoforged.fml.loading.moddiscovery.ModDiscoverer/SCAN]: Found mod file "Design-n-Decor-1.21.1-2.1.0.jar" [locator: {mods folder locator at C:\Users\Josiah\AppData\Roaming\PrismLauncher\instances\Create Aeronautics\minecraft\mods}, reader: mod manifest]
[21May2026 14:40:43.093] [main/INFO] [net.neoforged.fml.loading.moddiscovery.ModDiscoverer/SCAN]: Found mod file "DnDesires-1.21.1-2.3a-BETA.jar" [locator: {mods folder locator at C:\Users\Josiah\AppData\Roaming\PrismLauncher\instances\Create Aeronautics\minecraft\mods}, reader: mod manifest]
[21May2026 14:40:43.098] [main/INFO] [net.neoforged.fml.loading.moddiscovery.ModDiscoverer/SCAN]: Found mod file "drivebywire-0.2.9.jar" [locator: {mods folder locator at C:\Users\Josiah\AppData\Roaming\PrismLauncher\instances\Create Aeronautics\minecraft\mods}, reader: mod manifest]
[21May2026 14:40:43.103] [main/INFO] [net.neoforged.fml.loading.moddiscovery.ModDiscoverer/SCAN]: Found mod file "dyeable_ropes-1.2.1.jar" [locator: {mods folder locator at C:\Users\Josiah\AppData\Roaming\PrismLauncher\instances\Create Aeronautics\minecraft\mods}, reader: mod manifest]
[21May2026 14:40:43.107] [main/INFO] [net.neoforged.fml.loading.moddiscovery.ModDiscoverer/SCAN]: Found mod file "dynamic-fps-3.11.4+minecraft-1.21.0-neoforge.jar" [locator: {mods folder locator at C:\Users\Josiah\AppData\Roaming\PrismLauncher\instances\Create Aeronautics\minecraft\mods}, reader: mod manifest]
[21May2026 14:40:43.111] [main/INFO] [net.neoforged.fml.loading.moddiscovery.ModDiscoverer/SCAN]: Found mod file "emi-1.1.24+1.21.1+neoforge.jar" [locator: {mods folder locator at C:\Users\Josiah\AppData\Roaming\PrismLauncher\instances\Create Aeronautics\minecraft\mods}, reader: mod manifest]
[21May2026 14:40:43.115] [main/INFO] [net.neoforged.fml.loading.moddiscovery.ModDiscoverer/SCAN]: Found mod file "emi_create_schematics-1.1.0.jar" [locator: {mods folder locator at C:\Users\Josiah\AppData\Roaming\PrismLauncher\instances\Create Aeronautics\minecraft\mods}, reader: mod manifest]
[21May2026 14:40:43.119] [main/INFO] [net.neoforged.fml.loading.moddiscovery.ModDiscoverer/SCAN]: Found mod file "emi_enchanting-0.1.2+1.21+neoforge.jar" [locator: {mods folder locator at C:\Users\Josiah\AppData\Roaming\PrismLauncher\instances\Create Aeronautics\minecraft\mods}, reader: mod manifest]
[21May2026 14:40:43.123] [main/INFO] [net.neoforged.fml.loading.moddiscovery.ModDiscoverer/SCAN]: Found mod file "emi_loot-0.7.9+1.21+neoforge.jar" [locator: {mods folder locator at C:\Users\Josiah\AppData\Roaming\PrismLauncher\instances\Create Aeronautics\minecraft\mods}, reader: mod manifest]
[21May2026 14:40:43.127] [main/INFO] [net.neoforged.fml.loading.moddiscovery.ModDiscoverer/SCAN]: Found mod file "emi_ores-1.2+1.21.1+neoforge.jar" [locator: {mods folder locator at C:\Users\Josiah\AppData\Roaming\PrismLauncher\instances\Create Aeronautics\minecraft\mods}, reader: mod manifest]
[21May2026 14:40:43.131] [main/INFO] [net.neoforged.fml.loading.moddiscovery.ModDiscoverer/SCAN]: Found mod file "emiffect-neoforge-2.1.6+mc1.21.1.jar" [locator: {mods folder locator at C:\Users\Josiah\AppData\Roaming\PrismLauncher\instances\Create Aeronautics\minecraft\mods}, reader: mod manifest]
[21May2026 14:40:43.136] [main/INFO] [net.neoforged.fml.loading.moddiscovery.ModDiscoverer/SCAN]: Found mod file "entity_model_features-3.2.4-1.21-neoforge.jar" [locator: {mods folder locator at C:\Users\Josiah\AppData\Roaming\PrismLauncher\instances\Create Aeronautics\minecraft\mods}, reader: mod manifest]
[21May2026 14:40:43.140] [main/INFO] [net.neoforged.fml.loading.moddiscovery.ModDiscoverer/SCAN]: Found mod file "entity_sound_features-0.8.1-1.21-neoforge.jar" [locator: {mods folder locator at C:\Users\Josiah\AppData\Roaming\PrismLauncher\instances\Create Aeronautics\minecraft\mods}, reader: mod manifest]
[21May2026 14:40:43.143] [main/INFO] [net.neoforged.fml.loading.moddiscovery.ModDiscoverer/SCAN]: Found mod file "entity_texture_features_1.21-neoforge-7.1.jar" [locator: {mods folder locator at C:\Users\Josiah\AppData\Roaming\PrismLauncher\instances\Create Aeronautics\minecraft\mods}, reader: mod manifest]
[21May2026 14:40:43.147] [main/INFO] [net.neoforged.fml.loading.moddiscovery.ModDiscoverer/SCAN]: Found mod file "entityculling-neoforge-1.10.2-mc1.21.1.jar" [locator: {mods folder locator at C:\Users\Josiah\AppData\Roaming\PrismLauncher\instances\Create Aeronautics\minecraft\mods}, reader: mod manifest]
[21May2026 14:40:43.151] [main/INFO] [net.neoforged.fml.loading.moddiscovery.ModDiscoverer/SCAN]: Found mod file "expandeddelight-0.1.4.jar" [locator: {mods folder locator at C:\Users\Josiah\AppData\Roaming\PrismLauncher\instances\Create Aeronautics\minecraft\mods}, reader: mod manifest]
[21May2026 14:40:43.154] [main/INFO] [net.neoforged.fml.loading.moddiscovery.ModDiscoverer/SCAN]: Found mod file "extra-mod-integrations-all-neoforge-1.0.3+1.21.1.jar" [locator: {mods folder locator at C:\Users\Josiah\AppData\Roaming\PrismLauncher\instances\Create Aeronautics\minecraft\mods}, reader: mod manifest]
[21May2026 14:40:43.157] [main/INFO] [net.neoforged.fml.loading.moddiscovery.ModDiscoverer/SCAN]: Found mod file "farmers-cutting-regions-unexplored-1.21.1-1.1b-neoforge.jar" [locator: {mods folder locator at C:\Users\Josiah\AppData\Roaming\PrismLauncher\instances\Create Aeronautics\minecraft\mods}, reader: mod manifest]
[21May2026 14:40:43.161] [main/INFO] [net.neoforged.fml.loading.moddiscovery.ModDiscoverer/SCAN]: Found mod file "FarmersDelight-1.21.1-1.3.2.jar" [locator: {mods folder locator at C:\Users\Josiah\AppData\Roaming\PrismLauncher\instances\Create Aeronautics\minecraft\mods}, reader: mod manifest]
[21May2026 14:40:43.165] [main/INFO] [net.neoforged.fml.loading.moddiscovery.ModDiscoverer/SCAN]: Found mod file "farmersdelight_extended-1.21.1-0.2.2.jar" [locator: {mods folder locator at C:\Users\Josiah\AppData\Roaming\PrismLauncher\instances\Create Aeronautics\minecraft\mods}, reader: mod manifest]
[21May2026 14:40:43.168] [main/INFO] [net.neoforged.fml.loading.moddiscovery.ModDiscoverer/SCAN]: Found mod file "farmersknives-neoforge-1.21.1-4.2.0.jar" [locator: {mods folder locator at C:\Users\Josiah\AppData\Roaming\PrismLauncher\instances\Create Aeronautics\minecraft\mods}, reader: mod manifest]
[21May2026 14:40:43.172] [main/INFO] [net.neoforged.fml.loading.moddiscovery.ModDiscoverer/SCAN]: Found mod file "farmerspizzeria-1.1.0-neoforge-1.21.1.jar" [locator: {mods folder locator at C:\Users\Josiah\AppData\Roaming\PrismLauncher\instances\Create Aeronautics\minecraft\mods}, reader: mod manifest]
[21May2026 14:40:43.179] [main/INFO] [net.neoforged.fml.loading.moddiscovery.ModDiscoverer/SCAN]: Found mod file "ferritecore-7.0.3-neoforge.jar" [locator: {mods folder locator at C:\Users\Josiah\AppData\Roaming\PrismLauncher\instances\Create Aeronautics\minecraft\mods}, reader: mod manifest]
[21May2026 14:40:43.183] [main/INFO] [net.neoforged.fml.loading.moddiscovery.ModDiscoverer/SCAN]: Found mod file "forgified-fabric-api-0.116.7+2.2.4+1.21.1.jar" [locator: {mods folder locator at C:\Users\Josiah\AppData\Roaming\PrismLauncher\instances\Create Aeronautics\minecraft\mods}, reader: mod manifest]
[21May2026 14:40:43.187] [main/INFO] [net.neoforged.fml.loading.moddiscovery.ModDiscoverer/SCAN]: Found mod file "fusion-1.2.12-neoforge-mc1.21.1.jar" [locator: {mods folder locator at C:\Users\Josiah\AppData\Roaming\PrismLauncher\instances\Create Aeronautics\minecraft\mods}, reader: mod manifest]
[21May2026 14:40:43.192] [main/INFO] [net.neoforged.fml.loading.moddiscovery.ModDiscoverer/SCAN]: Found mod file "fzzy_config-0.7.6+1.21+neoforge.jar" [locator: {mods folder locator at C:\Users\Josiah\AppData\Roaming\PrismLauncher\instances\Create Aeronautics\minecraft\mods}, reader: mod manifest]
[21May2026 14:40:43.196] [main/INFO] [net.neoforged.fml.loading.moddiscovery.ModDiscoverer/SCAN]: Found mod file "gaboulibs-neoforge-1.4.jar" [locator: {mods folder locator at C:\Users\Josiah\AppData\Roaming\PrismLauncher\instances\Create Aeronautics\minecraft\mods}, reader: mod manifest]
[21May2026 14:40:43.199] [main/INFO] [net.neoforged.fml.loading.moddiscovery.ModDiscoverer/SCAN]: Found mod file "geckolib-neoforge-1.21.1-4.8.4.jar" [locator: {mods folder locator at C:\Users\Josiah\AppData\Roaming\PrismLauncher\instances\Create Aeronautics\minecraft\mods}, reader: mod manifest]
[21May2026 14:40:43.203] [main/INFO] [net.neoforged.fml.loading.moddiscovery.ModDiscoverer/SCAN]: Found mod file "GlitchCore-neoforge-1.21.1-2.1.0.2.jar" [locator: {mods folder locator at C:\Users\Josiah\AppData\Roaming\PrismLauncher\instances\Create Aeronautics\minecraft\mods}, reader: mod manifest]
[21May2026 14:40:43.206] [main/INFO] [net.neoforged.fml.loading.moddiscovery.ModDiscoverer/SCAN]: Found mod file "GnKinetics-1.21.1-1.0m.jar" [locator: {mods folder locator at C:\Users\Josiah\AppData\Roaming\PrismLauncher\instances\Create Aeronautics\minecraft\mods}, reader: mod manifest]
[21May2026 14:40:43.210] [main/INFO] [net.neoforged.fml.loading.moddiscovery.ModDiscoverer/SCAN]: Found mod file "interiors-1.21.1-neoforge-0.6.1.jar" [locator: {mods folder locator at C:\Users\Josiah\AppData\Roaming\PrismLauncher\instances\Create Aeronautics\minecraft\mods}, reader: mod manifest]
[21May2026 14:40:43.215] [main/INFO] [net.neoforged.fml.loading.moddiscovery.ModDiscoverer/SCAN]: Found mod file "iris-flywheel-compat-NeoForge-2.4.0.jar" [locator: {mods folder locator at C:\Users\Josiah\AppData\Roaming\PrismLauncher\instances\Create Aeronautics\minecraft\mods}, reader: mod manifest]
[21May2026 14:40:43.219] [main/INFO] [net.neoforged.fml.loading.moddiscovery.ModDiscoverer/SCAN]: Found mod file "iris-neoforge-1.8.12+mc1.21.1.jar" [locator: {mods folder locator at C:\Users\Josiah\AppData\Roaming\PrismLauncher\instances\Create Aeronautics\minecraft\mods}, reader: mod manifest]
[21May2026 14:40:43.224] [main/INFO] [net.neoforged.fml.loading.moddiscovery.ModDiscoverer/SCAN]: Found mod file "Jade-1.21.1-NeoForge-15.10.5.jar" [locator: {mods folder locator at C:\Users\Josiah\AppData\Roaming\PrismLauncher\instances\Create Aeronautics\minecraft\mods}, reader: mod manifest]
[21May2026 14:40:43.228] [main/INFO] [net.neoforged.fml.loading.moddiscovery.ModDiscoverer/SCAN]: Found mod file "JadeAddons-1.21.1-NeoForge-6.1.0.jar" [locator: {mods folder locator at C:\Users\Josiah\AppData\Roaming\PrismLauncher\instances\Create Aeronautics\minecraft\mods}, reader: mod manifest]
[21May2026 14:40:43.233] [main/INFO] [net.neoforged.fml.loading.moddiscovery.ModDiscoverer/SCAN]: Found mod file "jei-1.21.1-neoforge-19.27.0.340.jar" [locator: {mods folder locator at C:\Users\Josiah\AppData\Roaming\PrismLauncher\instances\Create Aeronautics\minecraft\mods}, reader: mod manifest]
[21May2026 14:40:43.236] [main/INFO] [net.neoforged.fml.loading.moddiscovery.ModDiscoverer/SCAN]: Found library file "kotlinforforge-5.11.0-all.jar" [locator: {mods folder locator at C:\Users\Josiah\AppData\Roaming\PrismLauncher\instances\Create Aeronautics\minecraft\mods}, reader: mod manifest]
[21May2026 14:40:43.240] [main/INFO] [net.neoforged.fml.loading.moddiscovery.ModDiscoverer/SCAN]: Found mod file "lamblanterns-1.0.0.jar" [locator: {mods folder locator at C:\Users\Josiah\AppData\Roaming\PrismLauncher\instances\Create Aeronautics\minecraft\mods}, reader: mod manifest]
[21May2026 14:40:43.244] [main/INFO] [net.neoforged.fml.loading.moddiscovery.ModDiscoverer/SCAN]: Found mod file "lithium-neoforge-0.15.3+mc1.21.1.jar" [locator: {mods folder locator at C:\Users\Josiah\AppData\Roaming\PrismLauncher\instances\Create Aeronautics\minecraft\mods}, reader: mod manifest]
[21May2026 14:40:43.247] [main/INFO] [net.neoforged.fml.loading.moddiscovery.ModDiscoverer/SCAN]: Found mod file "lithostitched-1.7.7-neoforge-21.1.jar" [locator: {mods folder locator at C:\Users\Josiah\AppData\Roaming\PrismLauncher\instances\Create Aeronautics\minecraft\mods}, reader: mod manifest]
[21May2026 14:40:43.251] [main/INFO] [net.neoforged.fml.loading.moddiscovery.ModDiscoverer/SCAN]: Found mod file "mcqoy-0.4.1+neo-1.21.jar" [locator: {mods folder locator at C:\Users\Josiah\AppData\Roaming\PrismLauncher\instances\Create Aeronautics\minecraft\mods}, reader: mod manifest]
[21May2026 14:40:43.255] [main/INFO] [net.neoforged.fml.loading.moddiscovery.ModDiscoverer/SCAN]: Found mod file "modelfix-1.21-1.10.jar" [locator: {mods folder locator at C:\Users\Josiah\AppData\Roaming\PrismLauncher\instances\Create Aeronautics\minecraft\mods}, reader: mod manifest]
[21May2026 14:40:43.260] [main/INFO] [net.neoforged.fml.loading.moddiscovery.ModDiscoverer/SCAN]: Found mod file "modernfix-neoforge-5.27.8+mc1.21.1.jar" [locator: {mods folder locator at C:\Users\Josiah\AppData\Roaming\PrismLauncher\instances\Create Aeronautics\minecraft\mods}, reader: mod manifest]
[21May2026 14:40:43.264] [main/INFO] [net.neoforged.fml.loading.moddiscovery.ModDiscoverer/SCAN]: Found mod file "moreculling-neoforge-1.21.1-1.0.7.jar" [locator: {mods folder locator at C:\Users\Josiah\AppData\Roaming\PrismLauncher\instances\Create Aeronautics\minecraft\mods}, reader: mod manifest]
[21May2026 14:40:43.267] [main/INFO] [net.neoforged.fml.loading.moddiscovery.ModDiscoverer/SCAN]: Found mod file "moredelight-26.05.20a-1.21-neoforge.jar" [locator: {mods folder locator at C:\Users\Josiah\AppData\Roaming\PrismLauncher\instances\Create Aeronautics\minecraft\mods}, reader: mod manifest]
[21May2026 14:40:43.270] [main/INFO] [net.neoforged.fml.loading.moddiscovery.ModDiscoverer/SCAN]: Found mod file "MouseTweaks-neoforge-mc1.21-2.26.1.jar" [locator: {mods folder locator at C:\Users\Josiah\AppData\Roaming\PrismLauncher\instances\Create Aeronautics\minecraft\mods}, reader: mod manifest]
[21May2026 14:40:43.275] [main/INFO] [net.neoforged.fml.loading.moddiscovery.ModDiscoverer/SCAN]: Found mod file "naturalist-1.0.2-neoforge-1.21.1.jar" [locator: {mods folder locator at C:\Users\Josiah\AppData\Roaming\PrismLauncher\instances\Create Aeronautics\minecraft\mods}, reader: mod manifest]
[21May2026 14:40:43.279] [main/INFO] [net.neoforged.fml.loading.moddiscovery.ModDiscoverer/SCAN]: Found mod file "NeoForge-Version-Serene Seasons Plus-1.21.1-4.2.3.jar" [locator: {mods folder locator at C:\Users\Josiah\AppData\Roaming\PrismLauncher\instances\Create Aeronautics\minecraft\mods}, reader: mod manifest]
[21May2026 14:40:43.282] [main/INFO] [net.neoforged.fml.loading.moddiscovery.ModDiscoverer/SCAN]: Found mod file "netherportalfix-neoforge-1.21.1-21.1.1.jar" [locator: {mods folder locator at C:\Users\Josiah\AppData\Roaming\PrismLauncher\instances\Create Aeronautics\minecraft\mods}, reader: mod manifest]
[21May2026 14:40:43.286] [main/INFO] [net.neoforged.fml.loading.moddiscovery.ModDiscoverer/SCAN]: Found mod file "Northstar-0.5.4+1.21.1.jar" [locator: {mods folder locator at C:\Users\Josiah\AppData\Roaming\PrismLauncher\instances\Create Aeronautics\minecraft\mods}, reader: mod manifest]
[21May2026 14:40:43.289] [main/INFO] [net.neoforged.fml.loading.moddiscovery.ModDiscoverer/SCAN]: Found mod file "notenoughanimations-neoforge-1.12.3-mc1.21.1.jar" [locator: {mods folder locator at C:\Users\Josiah\AppData\Roaming\PrismLauncher\instances\Create Aeronautics\minecraft\mods}, reader: mod manifest]
[21May2026 14:40:43.293] [main/INFO] [net.neoforged.fml.loading.moddiscovery.ModDiscoverer/SCAN]: Found mod file "packetfixer-3.3.1-1.20.5-1.21.X-merged.jar" [locator: {mods folder locator at C:\Users\Josiah\AppData\Roaming\PrismLauncher\instances\Create Aeronautics\minecraft\mods}, reader: mod manifest]
[21May2026 14:40:43.296] [main/INFO] [net.neoforged.fml.loading.moddiscovery.ModDiscoverer/SCAN]: Found mod file "Patchouli-1.21.1-93-NEOFORGE.jar" [locator: {mods folder locator at C:\Users\Josiah\AppData\Roaming\PrismLauncher\instances\Create Aeronautics\minecraft\mods}, reader: mod manifest]
[21May2026 14:40:43.301] [main/INFO] [net.neoforged.fml.loading.moddiscovery.ModDiscoverer/SCAN]: Found mod file "pipeorgans-0.8.2+1.21.1.jar" [locator: {mods folder locator at C:\Users\Josiah\AppData\Roaming\PrismLauncher\instances\Create Aeronautics\minecraft\mods}, reader: mod manifest]
[21May2026 14:40:43.304] [main/INFO] [net.neoforged.fml.loading.moddiscovery.ModDiscoverer/SCAN]: Found mod file "Platform-neoforge-1.21.1-1.3.3.jar" [locator: {mods folder locator at C:\Users\Josiah\AppData\Roaming\PrismLauncher\instances\Create Aeronautics\minecraft\mods}, reader: mod manifest]
[21May2026 14:40:43.308] [main/INFO] [net.neoforged.fml.loading.moddiscovery.ModDiscoverer/SCAN]: Found mod file "polymorph-neoforge-1.1.0+1.21.1.jar" [locator: {mods folder locator at C:\Users\Josiah\AppData\Roaming\PrismLauncher\instances\Create Aeronautics\minecraft\mods}, reader: mod manifest]
[21May2026 14:40:43.313] [main/INFO] [net.neoforged.fml.loading.moddiscovery.ModDiscoverer/SCAN]: Found mod file "portable_engine_liquid_fuel-2.0.0-neoforge-1.21.1.jar" [locator: {mods folder locator at C:\Users\Josiah\AppData\Roaming\PrismLauncher\instances\Create Aeronautics\minecraft\mods}, reader: mod manifest]
[21May2026 14:40:43.318] [main/INFO] [net.neoforged.fml.loading.moddiscovery.ModDiscoverer/SCAN]: Found mod file "powergrid-mc1.21.1-0.5.5.1.jar" [locator: {mods folder locator at C:\Users\Josiah\AppData\Roaming\PrismLauncher\instances\Create Aeronautics\minecraft\mods}, reader: mod manifest]
[21May2026 14:40:43.333] [main/INFO] [net.neoforged.fml.loading.moddiscovery.ModDiscoverer/SCAN]: Found mod file "rechiseled-1.2.4-neoforge-mc1.21.jar" [locator: {mods folder locator at C:\Users\Josiah\AppData\Roaming\PrismLauncher\instances\Create Aeronautics\minecraft\mods}, reader: mod manifest]
[21May2026 14:40:43.339] [main/INFO] [net.neoforged.fml.loading.moddiscovery.ModDiscoverer/SCAN]: Found mod file "rechiseledcreate-1.1.0-neoforge-mc1.21.jar" [locator: {mods folder locator at C:\Users\Josiah\AppData\Roaming\PrismLauncher\instances\Create Aeronautics\minecraft\mods}, reader: mod manifest]
[21May2026 14:40:43.343] [main/INFO] [net.neoforged.fml.loading.moddiscovery.ModDiscoverer/SCAN]: Found mod file "reeses-sodium-options-neoforge-1.8.3+mc1.21.4.jar" [locator: {mods folder locator at C:\Users\Josiah\AppData\Roaming\PrismLauncher\instances\Create Aeronautics\minecraft\mods}, reader: mod manifest]
[21May2026 14:40:43.349] [main/INFO] [net.neoforged.fml.loading.moddiscovery.ModDiscoverer/SCAN]: Found mod file "regions-unexplored-0.6+beta4-neoforge-21.1.jar" [locator: {mods folder locator at C:\Users\Josiah\AppData\Roaming\PrismLauncher\instances\Create Aeronautics\minecraft\mods}, reader: mod manifest]
[21May2026 14:40:43.353] [main/INFO] [net.neoforged.fml.loading.moddiscovery.ModDiscoverer/SCAN]: Found mod file "ritchiesprojectilelib-2.1.2+mc.1.21.1-neoforge.jar" [locator: {mods folder locator at C:\Users\Josiah\AppData\Roaming\PrismLauncher\instances\Create Aeronautics\minecraft\mods}, reader: mod manifest]
[21May2026 14:40:43.357] [main/INFO] [net.neoforged.fml.loading.moddiscovery.ModDiscoverer/SCAN]: Found mod file "sable-neoforge-1.21.1-1.2.2.jar" [locator: {mods folder locator at C:\Users\Josiah\AppData\Roaming\PrismLauncher\instances\Create Aeronautics\minecraft\mods}, reader: mod manifest]
[21May2026 14:40:43.360] [main/INFO] [net.neoforged.fml.loading.moddiscovery.ModDiscoverer/SCAN]: Found mod file "sable-weighted_createdeco-1.0.2.jar" [locator: {mods folder locator at C:\Users\Josiah\AppData\Roaming\PrismLauncher\instances\Create Aeronautics\minecraft\mods}, reader: mod manifest]
[21May2026 14:40:43.363] [main/INFO] [net.neoforged.fml.loading.moddiscovery.ModDiscoverer/SCAN]: Found mod file "sable-weighted_dndecor-1.0.0.jar" [locator: {mods folder locator at C:\Users\Josiah\AppData\Roaming\PrismLauncher\instances\Create Aeronautics\minecraft\mods}, reader: mod manifest]
[21May2026 14:40:43.366] [main/INFO] [net.neoforged.fml.loading.moddiscovery.ModDiscoverer/SCAN]: Found mod file "sablejade-1.1.0.jar" [locator: {mods folder locator at C:\Users\Josiah\AppData\Roaming\PrismLauncher\instances\Create Aeronautics\minecraft\mods}, reader: mod manifest]
[21May2026 14:40:43.370] [main/INFO] [net.neoforged.fml.loading.moddiscovery.ModDiscoverer/SCAN]: Found mod file "sablemassview-1.0.0.jar" [locator: {mods folder locator at C:\Users\Josiah\AppData\Roaming\PrismLauncher\instances\Create Aeronautics\minecraft\mods}, reader: mod manifest]
[21May2026 14:40:43.374] [main/INFO] [net.neoforged.fml.loading.moddiscovery.ModDiscoverer/SCAN]: Found mod file "sablephysicscompat-1.3.0.jar" [locator: {mods folder locator at C:\Users\Josiah\AppData\Roaming\PrismLauncher\instances\Create Aeronautics\minecraft\mods}, reader: mod manifest]
[21May2026 14:40:43.377] [main/INFO] [net.neoforged.fml.loading.moddiscovery.ModDiscoverer/SCAN]: Found mod file "SableStuffAdditionsCompat v1.0.1-1.21.1.jar" [locator: {mods folder locator at C:\Users\Josiah\AppData\Roaming\PrismLauncher\instances\Create Aeronautics\minecraft\mods}, reader: mod manifest]
[21May2026 14:40:43.380] [main/INFO] [net.neoforged.fml.loading.moddiscovery.ModDiscoverer/SCAN]: Found mod file "Searchables-neoforge-1.21.1-1.0.2.jar" [locator: {mods folder locator at C:\Users\Josiah\AppData\Roaming\PrismLauncher\instances\Create Aeronautics\minecraft\mods}, reader: mod manifest]
[21May2026 14:40:43.383] [main/INFO] [net.neoforged.fml.loading.moddiscovery.ModDiscoverer/SCAN]: Found mod file "SereneSeasons-neoforge-1.21.1-10.1.0.3.jar" [locator: {mods folder locator at C:\Users\Josiah\AppData\Roaming\PrismLauncher\instances\Create Aeronautics\minecraft\mods}, reader: mod manifest]
[21May2026 14:40:43.386] [main/INFO] [net.neoforged.fml.loading.moddiscovery.ModDiscoverer/SCAN]: Found mod file "shulkerboxtooltip-neoforge-5.1.9+1.21.1.jar" [locator: {mods folder locator at C:\Users\Josiah\AppData\Roaming\PrismLauncher\instances\Create Aeronautics\minecraft\mods}, reader: mod manifest]
[21May2026 14:40:43.393] [main/INFO] [net.neoforged.fml.loading.moddiscovery.ModDiscoverer/SCAN]: Found mod file "silent-gear-1.21.1-neoforge-4.2.1.1.jar" [locator: {mods folder locator at C:\Users\Josiah\AppData\Roaming\PrismLauncher\instances\Create Aeronautics\minecraft\mods}, reader: mod manifest]
[21May2026 14:40:43.397] [main/INFO] [net.neoforged.fml.loading.moddiscovery.ModDiscoverer/SCAN]: Found mod file "silent-lib-1.21.1-neoforge-10.6.0.jar" [locator: {mods folder locator at C:\Users\Josiah\AppData\Roaming\PrismLauncher\instances\Create Aeronautics\minecraft\mods}, reader: mod manifest]
[21May2026 14:40:43.400] [main/INFO] [net.neoforged.fml.loading.moddiscovery.ModDiscoverer/SCAN]: Found mod file "sim_copycats-1.1.5.jar" [locator: {mods folder locator at C:\Users\Josiah\AppData\Roaming\PrismLauncher\instances\Create Aeronautics\minecraft\mods}, reader: mod manifest]
[21May2026 14:40:43.403] [main/INFO] [net.neoforged.fml.loading.moddiscovery.ModDiscoverer/SCAN]: Found mod file "sliceanddice-forge-4.2.4.jar" [locator: {mods folder locator at C:\Users\Josiah\AppData\Roaming\PrismLauncher\instances\Create Aeronautics\minecraft\mods}, reader: mod manifest]
[21May2026 14:40:43.405] [main/INFO] [net.neoforged.fml.loading.moddiscovery.ModDiscoverer/SCAN]: Found mod file "sodium-extra-neoforge-0.6.0+mc1.21.1.jar" [locator: {mods folder locator at C:\Users\Josiah\AppData\Roaming\PrismLauncher\instances\Create Aeronautics\minecraft\mods}, reader: mod manifest]
[21May2026 14:40:43.408] [main/INFO] [net.neoforged.fml.loading.moddiscovery.ModDiscoverer/SCAN]: Found mod file "sodium-neoforge-0.6.9+mc1.21.1.jar" [locator: {mods folder locator at C:\Users\Josiah\AppData\Roaming\PrismLauncher\instances\Create Aeronautics\minecraft\mods}, reader: mod manifest]
[21May2026 14:40:43.411] [main/INFO] [net.neoforged.fml.loading.moddiscovery.ModDiscoverer/SCAN]: Found mod file "sodiumdynamiclights-neoforge-1.0.10-1.21.1.jar" [locator: {mods folder locator at C:\Users\Josiah\AppData\Roaming\PrismLauncher\instances\Create Aeronautics\minecraft\mods}, reader: mod manifest]
[21May2026 14:40:43.413] [main/INFO] [net.neoforged.fml.loading.moddiscovery.ModDiscoverer/SCAN]: Found mod file "sodiumoptionsapi-neoforge-1.0.10-1.21.1.jar" [locator: {mods folder locator at C:\Users\Josiah\AppData\Roaming\PrismLauncher\instances\Create Aeronautics\minecraft\mods}, reader: mod manifest]
[21May2026 14:40:43.416] [main/INFO] [net.neoforged.fml.loading.moddiscovery.ModDiscoverer/SCAN]: Found mod file "sodiumoptionsmodcompat-neoforge-1.0.0-1.21.1.jar" [locator: {mods folder locator at C:\Users\Josiah\AppData\Roaming\PrismLauncher\instances\Create Aeronautics\minecraft\mods}, reader: mod manifest]
[21May2026 14:40:43.419] [main/INFO] [net.neoforged.fml.loading.moddiscovery.ModDiscoverer/SCAN]: Found mod file "spark-1.10.124-neoforge.jar" [locator: {mods folder locator at C:\Users\Josiah\AppData\Roaming\PrismLauncher\instances\Create Aeronautics\minecraft\mods}, reader: mod manifest]
[21May2026 14:40:43.422] [main/INFO] [net.neoforged.fml.loading.moddiscovery.ModDiscoverer/SCAN]: Found mod file "spyglass_improvements-1.5.7+mc1.21+neoforge.jar" [locator: {mods folder locator at C:\Users\Josiah\AppData\Roaming\PrismLauncher\instances\Create Aeronautics\minecraft\mods}, reader: mod manifest]
[21May2026 14:40:43.425] [main/INFO] [net.neoforged.fml.loading.moddiscovery.ModDiscoverer/SCAN]: Found mod file "stoat-1.1.jar" [locator: {mods folder locator at C:\Users\Josiah\AppData\Roaming\PrismLauncher\instances\Create Aeronautics\minecraft\mods}, reader: mod manifest]
[21May2026 14:40:43.429] [main/INFO] [net.neoforged.fml.loading.moddiscovery.ModDiscoverer/SCAN]: Found mod file "supermartijn642configlib-1.1.8-neoforge-mc1.21.jar" [locator: {mods folder locator at C:\Users\Josiah\AppData\Roaming\PrismLauncher\instances\Create Aeronautics\minecraft\mods}, reader: mod manifest]
[21May2026 14:40:43.433] [main/INFO] [net.neoforged.fml.loading.moddiscovery.ModDiscoverer/SCAN]: Found mod file "supermartijn642corelib-1.1.21-neoforge-mc1.21.jar" [locator: {mods folder locator at C:\Users\Josiah\AppData\Roaming\PrismLauncher\instances\Create Aeronautics\minecraft\mods}, reader: mod manifest]
[21May2026 14:40:43.436] [main/INFO] [net.neoforged.fml.loading.moddiscovery.ModDiscoverer/SCAN]: Found mod file "surveyor-1.2.4+1.21.jar" [locator: {mods folder locator at C:\Users\Josiah\AppData\Roaming\PrismLauncher\instances\Create Aeronautics\minecraft\mods}, reader: mod manifest]
[21May2026 14:40:43.440] [main/INFO] [net.neoforged.fml.loading.moddiscovery.ModDiscoverer/SCAN]: Found mod file "tectonic-3.0.22-neoforge-21.1.jar" [locator: {mods folder locator at C:\Users\Josiah\AppData\Roaming\PrismLauncher\instances\Create Aeronautics\minecraft\mods}, reader: mod manifest]
[21May2026 14:40:43.443] [main/INFO] [net.neoforged.fml.loading.moddiscovery.ModDiscoverer/SCAN]: Found mod file "ThirstWasTaken-1.21.1-2.1.5.jar" [locator: {mods folder locator at C:\Users\Josiah\AppData\Roaming\PrismLauncher\instances\Create Aeronautics\minecraft\mods}, reader: mod manifest]
[21May2026 14:40:43.446] [main/INFO] [net.neoforged.fml.loading.moddiscovery.ModDiscoverer/SCAN]: Found mod file "towed-1.2.0.jar" [locator: {mods folder locator at C:\Users\Josiah\AppData\Roaming\PrismLauncher\instances\Create Aeronautics\minecraft\mods}, reader: mod manifest]
[21May2026 14:40:43.449] [main/INFO] [net.neoforged.fml.loading.moddiscovery.ModDiscoverer/SCAN]: Found mod file "tpsum-1.21.1-0.0.3.jar" [locator: {mods folder locator at C:\Users\Josiah\AppData\Roaming\PrismLauncher\instances\Create Aeronautics\minecraft\mods}, reader: mod manifest]
[21May2026 14:40:43.452] [main/INFO] [net.neoforged.fml.loading.moddiscovery.ModDiscoverer/SCAN]: Found mod file "tracks-neoforge-1.21.1-1.0.1.jar" [locator: {mods folder locator at C:\Users\Josiah\AppData\Roaming\PrismLauncher\instances\Create Aeronautics\minecraft\mods}, reader: mod manifest]
[21May2026 14:40:43.455] [main/INFO] [net.neoforged.fml.loading.moddiscovery.ModDiscoverer/SCAN]: Found mod file "travelersbackpack-neoforge-1.21.1-10.1.36.jar" [locator: {mods folder locator at C:\Users\Josiah\AppData\Roaming\PrismLauncher\instances\Create Aeronautics\minecraft\mods}, reader: mod manifest]
[21May2026 14:40:43.459] [main/INFO] [net.neoforged.fml.loading.moddiscovery.ModDiscoverer/SCAN]: Found mod file "VanillaBackport-neoforge-1.21.1-1.1.7.6.jar" [locator: {mods folder locator at C:\Users\Josiah\AppData\Roaming\PrismLauncher\instances\Create Aeronautics\minecraft\mods}, reader: mod manifest]
[21May2026 14:40:43.461] [main/INFO] [net.neoforged.fml.loading.moddiscovery.ModDiscoverer/SCAN]: Found mod file "VS-Sable-HoseConnectors-0.1.6-1.21.1.jar" [locator: {mods folder locator at C:\Users\Josiah\AppData\Roaming\PrismLauncher\instances\Create Aeronautics\minecraft\mods}, reader: mod manifest]
[21May2026 14:40:43.464] [main/INFO] [net.neoforged.fml.loading.moddiscovery.ModDiscoverer/SCAN]: Found mod file "yet_another_config_lib_v3-3.8.2+1.21.1-neoforge.jar" [locator: {mods folder locator at C:\Users\Josiah\AppData\Roaming\PrismLauncher\instances\Create Aeronautics\minecraft\mods}, reader: mod manifest]
[21May2026 14:40:44.873] [main/WARN] [net.neoforged.jarjar.selection.JarSelector/]: Attempted to select two dependency jars from JarJar which have the same identification: Nested Mod File  in Mod File: C:\Users\Josiah\AppData\Roaming\PrismLauncher\instances\Create Aeronautics\minecraft\mods\iris-flywheel-compat-NeoForge-2.4.0.jar and Nested Mod File  in Mod File: C:\Users\Josiah\AppData\Roaming\PrismLauncher\instances\Create Aeronautics\minecraft\mods\create-1.21.1-6.0.10.jar. Using Nested Mod File  in Mod File: C:\Users\Josiah\AppData\Roaming\PrismLauncher\instances\Create Aeronautics\minecraft\mods\iris-flywheel-compat-NeoForge-2.4.0.jar
[21May2026 14:40:44.873] [main/WARN] [net.neoforged.jarjar.selection.JarSelector/]: Attempted to select two dependency jars from JarJar which have the same identification: Nested Mod File  in Mod File: C:\Users\Josiah\AppData\Roaming\PrismLauncher\instances\Create Aeronautics\minecraft\mods\CreateDragonsPlus-1.10.1.jar and Nested Mod File  in Mod File: C:\Users\Josiah\AppData\Roaming\PrismLauncher\instances\Create Aeronautics\minecraft\mods\moreculling-neoforge-1.21.1-1.0.7.jar. Using Nested Mod File  in Mod File: C:\Users\Josiah\AppData\Roaming\PrismLauncher\instances\Create Aeronautics\minecraft\mods\CreateDragonsPlus-1.10.1.jar
[21May2026 14:40:44.875] [main/WARN] [net.neoforged.jarjar.selection.JarSelector/]: Attempted to select a dependency jar for JarJar which was passed in as source: library:net.fabricmc.loader. Using Mod File: \~nonexistent
[21May2026 14:40:44.876] [main/INFO] [net.neoforged.fml.loading.moddiscovery.locators.JarInJarDependencyLocator/]: Found 138 dependencies adding them to mods collection
[21May2026 14:40:44.876] [main/INFO] [net.neoforged.fml.loading.moddiscovery.ModDiscoverer/SCAN]: Found mod file "c2me-fixes-worldgen-threading-issues-mc1.21.1-0.3.0+alpha.0.93.jar" [parent: c2me-neoforge-mc1.21.1-0.3.0+alpha.0.93.jar, locator: jarinjar, reader: mod manifest]
[21May2026 14:40:44.876] [main/INFO] [net.neoforged.fml.loading.moddiscovery.ModDiscoverer/SCAN]: Found mod file "kuma-api-neoforge-21.0.8+1.21.jar" [parent: balm-neoforge-1.21.1-21.0.58.jar, locator: jarinjar, reader: mod manifest]
[21May2026 14:40:44.876] [main/INFO] [net.neoforged.fml.loading.moddiscovery.ModDiscoverer/SCAN]: Found mod file "fabric-renderer-api-v1-3.4.1+9125b6dc19.jar" [parent: forgified-fabric-api-0.116.7+2.2.4+1.21.1.jar, locator: jarinjar, reader: mod manifest]
[21May2026 14:40:44.876] [main/INFO] [net.neoforged.fml.loading.moddiscovery.ModDiscoverer/SCAN]: Found library file "glsl-processor-0.2.3.jar" [parent: veil-neoforge-1.21.1-4.0.0.jar, locator: jarinjar]
[21May2026 14:40:44.876] [main/INFO] [net.neoforged.fml.loading.moddiscovery.ModDiscoverer/SCAN]: Found mod file "ponder-neoforge-1.0.82+mc1.21.1.jar" [parent: create-1.21.1-6.0.10.jar, locator: jarinjar, reader: mod manifest]
[21May2026 14:40:44.876] [main/INFO] [net.neoforged.fml.loading.moddiscovery.ModDiscoverer/SCAN]: Found mod file "c2me-rewrites-chunk-serializer-mc1.21.1-0.3.0+alpha.0.93.jar" [parent: c2me-neoforge-mc1.21.1-0.3.0+alpha.0.93.jar, locator: jarinjar, reader: mod manifest]
[21May2026 14:40:44.876] [main/INFO] [net.neoforged.fml.loading.moddiscovery.ModDiscoverer/SCAN]: Found mod file "kubejs-bridge-1.12.1+1.21.1.jar" [parent: ConnectorExtras-1.12.1+1.21.1.jar, locator: jarinjar, reader: mod manifest]
[21May2026 14:40:44.876] [main/INFO] [net.neoforged.fml.loading.moddiscovery.ModDiscoverer/SCAN]: Found mod file "fabric-item-api-v1-11.2.0+0c57911319.jar" [parent: forgified-fabric-api-0.116.7+2.2.4+1.21.1.jar, locator: jarinjar, reader: mod manifest]
[21May2026 14:40:44.876] [main/INFO] [net.neoforged.fml.loading.moddiscovery.ModDiscoverer/SCAN]: Found mod file "modmenu-bridge-1.12.1+1.21.1.jar" [parent: ConnectorExtras-1.12.1+1.21.1.jar, locator: jarinjar, reader: mod manifest]
[21May2026 14:40:44.876] [main/INFO] [net.neoforged.fml.loading.moddiscovery.ModDiscoverer/SCAN]: Found mod file "fabric-rendering-fluids-v1-3.1.6+a51883b219.jar" [parent: forgified-fabric-api-0.116.7+2.2.4+1.21.1.jar, locator: jarinjar, reader: mod manifest]
[21May2026 14:40:44.876] [main/INFO] [net.neoforged.fml.loading.moddiscovery.ModDiscoverer/SCAN]: Found library file "MixinSquared-0.2.0.jar" [parent: mixinsquared-neoforge-0.2.0.jar, locator: jarinjar]
[21May2026 14:40:44.876] [main/INFO] [net.neoforged.fml.loading.moddiscovery.ModDiscoverer/SCAN]: Found mod file "c2me-opts-natives-math-mc1.21.1-0.3.0+alpha.0.93.jar" [parent: c2me-neoforge-mc1.21.1-0.3.0+alpha.0.93.jar, locator: jarinjar, reader: mod manifest]
[21May2026 14:40:44.876] [main/INFO] [net.neoforged.fml.loading.moddiscovery.ModDiscoverer/SCAN]: Found mod file "c2me-fixes-general-threading-issues-mc1.21.1-0.3.0+alpha.0.93.jar" [parent: c2me-neoforge-mc1.21.1-0.3.0+alpha.0.93.jar, locator: jarinjar, reader: mod manifest]
[21May2026 14:40:44.876] [main/INFO] [net.neoforged.fml.loading.moddiscovery.ModDiscoverer/SCAN]: Found mod file "com.kneelawk.extra-mod-integrations.extra-mod-integrations-pneumaticcraft-neoforge-1.0.3+1.21.1.jar" [parent: extra-mod-integrations-all-neoforge-1.0.3+1.21.1.jar, locator: jarinjar, reader: mod manifest]
[21May2026 14:40:44.876] [main/INFO] [net.neoforged.fml.loading.moddiscovery.ModDiscoverer/SCAN]: Found mod file "fabric-convention-tags-v1-2.1.5+7f945d5b19.jar" [parent: forgified-fabric-api-0.116.7+2.2.4+1.21.1.jar, locator: jarinjar, reader: mod manifest]
[21May2026 14:40:44.876] [main/INFO] [net.neoforged.fml.loading.moddiscovery.ModDiscoverer/SCAN]: Found library file "kotlinx-coroutines-core-jvm-1.10.2.jar" [parent: kotlinforforge-5.11.0-all.jar, locator: jarinjar]
[21May2026 14:40:44.876] [main/INFO] [net.neoforged.fml.loading.moddiscovery.ModDiscoverer/SCAN]: Found mod file "fabric-block-view-api-v2-1.0.11+e9036fd419.jar" [parent: forgified-fabric-api-0.116.7+2.2.4+1.21.1.jar, locator: jarinjar, reader: mod manifest]
[21May2026 14:40:44.877] [main/INFO] [net.neoforged.fml.loading.moddiscovery.ModDiscoverer/SCAN]: Found mod file "fabric-convention-tags-v2-2.11.1+87e5848019.jar" [parent: forgified-fabric-api-0.116.7+2.2.4+1.21.1.jar, locator: jarinjar, reader: mod manifest]
[21May2026 14:40:44.877] [main/INFO] [net.neoforged.fml.loading.moddiscovery.ModDiscoverer/SCAN]: Found mod file "fabric-command-api-v2-2.2.28+36d727be19.jar" [parent: forgified-fabric-api-0.116.7+2.2.4+1.21.1.jar, locator: jarinjar, reader: mod manifest]
[21May2026 14:40:44.877] [main/INFO] [net.neoforged.fml.loading.moddiscovery.ModDiscoverer/SCAN]: Found mod file "fabric-data-attachment-api-v1-1.4.5+26d408aa19.jar" [parent: forgified-fabric-api-0.116.7+2.2.4+1.21.1.jar, locator: jarinjar, reader: mod manifest]
[21May2026 14:40:44.877] [main/INFO] [net.neoforged.fml.loading.moddiscovery.ModDiscoverer/SCAN]: Found library file "jctools-core-4.0.5.jar" [parent: c2me-neoforge-mc1.21.1-0.3.0+alpha.0.93.jar, locator: jarinjar]
[21May2026 14:40:44.877] [main/INFO] [net.neoforged.fml.loading.moddiscovery.ModDiscoverer/SCAN]: Found mod file "rei-bridge-1.12.1+1.21.1.jar" [parent: ConnectorExtras-1.12.1+1.21.1.jar, locator: jarinjar, reader: mod manifest]
[21May2026 14:40:44.877] [main/INFO] [net.neoforged.fml.loading.moddiscovery.ModDiscoverer/SCAN]: Found mod file "veil-neoforge-1.21.1-4.0.0.jar" [parent: sable-neoforge-1.21.1-1.2.2.jar, locator: jarinjar, reader: mod manifest]
[21May2026 14:40:44.877] [main/INFO] [net.neoforged.fml.loading.moddiscovery.ModDiscoverer/SCAN]: Found mod file "c2me-opts-math-mc1.21.1-0.3.0+alpha.0.93.jar" [parent: c2me-neoforge-mc1.21.1-0.3.0+alpha.0.93.jar, locator: jarinjar, reader: mod manifest]
[21May2026 14:40:44.877] [main/INFO] [net.neoforged.fml.loading.moddiscovery.ModDiscoverer/SCAN]: Found mod file "dev.simulated_team.simulated.simulated-neoforge-1.21.1-1.2.1.jar" [parent: create-aeronautics-bundled-1.21.1-1.2.1.jar, locator: jarinjar, reader: mod manifest]
[21May2026 14:40:44.877] [main/INFO] [net.neoforged.fml.loading.moddiscovery.ModDiscoverer/SCAN]: Found mod file "com.kneelawk.extra-mod-integrations.extra-mod-integrations-reliquary-neoforge-1.0.3+1.21.1.jar" [parent: extra-mod-integrations-all-neoforge-1.0.3+1.21.1.jar, locator: jarinjar, reader: mod manifest]
[21May2026 14:40:44.877] [main/INFO] [net.neoforged.fml.loading.moddiscovery.ModDiscoverer/SCAN]: Found library file "kotlin-stdlib-jdk7-2.3.0.jar" [parent: kotlinforforge-5.11.0-all.jar, locator: jarinjar]
[21May2026 14:40:44.877] [main/INFO] [net.neoforged.fml.loading.moddiscovery.ModDiscoverer/SCAN]: Found mod file "fabric-screen-api-v1-2.0.25+0ae1214819.jar" [parent: forgified-fabric-api-0.116.7+2.2.4+1.21.1.jar, locator: jarinjar, reader: mod manifest]
[21May2026 14:40:44.877] [main/INFO] [net.neoforged.fml.loading.moddiscovery.ModDiscoverer/SCAN]: Found library file "reactive-streams-1.0.4.jar" [parent: c2me-neoforge-mc1.21.1-0.3.0+alpha.0.93.jar, locator: jarinjar]
[21May2026 14:40:44.877] [main/INFO] [net.neoforged.fml.loading.moddiscovery.ModDiscoverer/SCAN]: Found library file "kotlin-stdlib-jdk8-2.3.0.jar" [parent: kotlinforforge-5.11.0-all.jar, locator: jarinjar]
[21May2026 14:40:44.877] [main/INFO] [net.neoforged.fml.loading.moddiscovery.ModDiscoverer/SCAN]: Found mod file "c2me-base-mc1.21.1-0.3.0+alpha.0.93-all.jar" [parent: c2me-neoforge-mc1.21.1-0.3.0+alpha.0.93.jar, locator: jarinjar, reader: mod manifest]
[21May2026 14:40:44.877] [main/INFO] [net.neoforged.fml.loading.moddiscovery.ModDiscoverer/SCAN]: Found mod file "c2me-fixes-worldgen-vanilla-bugs-mc1.21.1-0.3.0+alpha.0.93.jar" [parent: c2me-neoforge-mc1.21.1-0.3.0+alpha.0.93.jar, locator: jarinjar, reader: mod manifest]
[21May2026 14:40:44.877] [main/INFO] [net.neoforged.fml.loading.moddiscovery.ModDiscoverer/SCAN]: Found library file "kotlinx-serialization-json-jvm-1.9.0.jar" [parent: kotlinforforge-5.11.0-all.jar, locator: jarinjar]
[21May2026 14:40:44.877] [main/INFO] [net.neoforged.fml.loading.moddiscovery.ModDiscoverer/SCAN]: Found mod file "com.kneelawk.extra-mod-integrations.extra-mod-integrations-chipped-neoforge-1.0.3+1.21.1.jar" [parent: extra-mod-integrations-all-neoforge-1.0.3+1.21.1.jar, locator: jarinjar, reader: mod manifest]
[21May2026 14:40:44.877] [main/INFO] [net.neoforged.fml.loading.moddiscovery.ModDiscoverer/SCAN]: Found mod file "fabric-content-registries-v0-8.0.19+5e0d320019.jar" [parent: forgified-fabric-api-0.116.7+2.2.4+1.21.1.jar, locator: jarinjar, reader: mod manifest]
[21May2026 14:40:44.877] [main/INFO] [net.neoforged.fml.loading.moddiscovery.ModDiscoverer/SCAN]: Found mod file "terrablender-bridge-1.12.1+1.21.1.jar" [parent: ConnectorExtras-1.12.1+1.21.1.jar, locator: jarinjar, reader: mod manifest]
[21May2026 14:40:44.877] [main/INFO] [net.neoforged.fml.loading.moddiscovery.ModDiscoverer/SCAN]: Found mod file "greenhouseconfig_toml-1.1.0.jar" [parent: BrewinAndChewin-neoforge-4.4.2+1.21.1.jar, locator: jarinjar, reader: mod manifest]
[21May2026 14:40:44.877] [main/INFO] [net.neoforged.fml.loading.moddiscovery.ModDiscoverer/SCAN]: Found library file "exp4j-0.4.8.jar" [parent: c2me-neoforge-mc1.21.1-0.3.0+alpha.0.93.jar, locator: jarinjar]
[21May2026 14:40:44.877] [main/INFO] [net.neoforged.fml.loading.moddiscovery.ModDiscoverer/SCAN]: Found gamelibrary file "mixinextras-neoforge-0.5.3.jar" [parent: neoforge-21.1.230-universal.jar, locator: jarinjar, reader: mod manifest]
[21May2026 14:40:44.877] [main/INFO] [net.neoforged.fml.loading.moddiscovery.ModDiscoverer/SCAN]: Found mod file "fabric-game-rule-api-v1-1.0.53+36d727be19.jar" [parent: forgified-fabric-api-0.116.7+2.2.4+1.21.1.jar, locator: jarinjar, reader: mod manifest]
[21May2026 14:40:44.877] [main/INFO] [net.neoforged.fml.loading.moddiscovery.ModDiscoverer/SCAN]: Found mod file "fabric-api-lookup-api-v1-1.6.71+c290471319.jar" [parent: forgified-fabric-api-0.116.7+2.2.4+1.21.1.jar, locator: jarinjar, reader: mod manifest]
[21May2026 14:40:44.877] [main/INFO] [net.neoforged.fml.loading.moddiscovery.ModDiscoverer/SCAN]: Found mod file "c2me-fixes-chunkio-threading-issues-mc1.21.1-0.3.0+alpha.0.93.jar" [parent: c2me-neoforge-mc1.21.1-0.3.0+alpha.0.93.jar, locator: jarinjar, reader: mod manifest]
[21May2026 14:40:44.878] [main/INFO] [net.neoforged.fml.loading.moddiscovery.ModDiscoverer/SCAN]: Found library file "ejml-core-0.44.0.jar" [parent: powergrid-mc1.21.1-0.5.5.1.jar, locator: jarinjar]
[21May2026 14:40:44.878] [main/INFO] [net.neoforged.fml.loading.moddiscovery.ModDiscoverer/SCAN]: Found mod file "c2me-client-uncapvd-mc1.21.1-0.3.0+alpha.0.93.jar" [parent: c2me-neoforge-mc1.21.1-0.3.0+alpha.0.93.jar, locator: jarinjar, reader: mod manifest]
[21May2026 14:40:44.878] [main/INFO] [net.neoforged.fml.loading.moddiscovery.ModDiscoverer/SCAN]: Found gamelibrary file "mixinsquared-neoforge-0.2.0.jar" [parent: moreculling-neoforge-1.21.1-1.0.7.jar, locator: jarinjar, reader: mod manifest]
[21May2026 14:40:44.878] [main/INFO] [net.neoforged.fml.loading.moddiscovery.ModDiscoverer/SCAN]: Found mod file "greenhouseconfig-2.2.3+1.21.1-neoforge.jar" [parent: BrewinAndChewin-neoforge-4.4.2+1.21.1.jar, locator: jarinjar, reader: mod manifest]
[21May2026 14:40:44.878] [main/INFO] [net.neoforged.fml.loading.moddiscovery.ModDiscoverer/SCAN]: Found library file "imageio-metadata-3.12.0.jar" [parent: yet_another_config_lib_v3-3.8.2+1.21.1-neoforge.jar, locator: jarinjar]
[21May2026 14:40:44.878] [main/INFO] [net.neoforged.fml.loading.moddiscovery.ModDiscoverer/SCAN]: Found library file "jcpp-1.4.14.jar" [parent: iris-neoforge-1.8.12+mc1.21.1.jar, locator: jarinjar]
[21May2026 14:40:44.878] [main/INFO] [net.neoforged.fml.loading.moddiscovery.ModDiscoverer/SCAN]: Found mod file "c2me-opts-dfc-mc1.21.1-0.3.0+alpha.0.93.jar" [parent: c2me-neoforge-mc1.21.1-0.3.0+alpha.0.93.jar, locator: jarinjar, reader: mod manifest]
[21May2026 14:40:44.878] [main/INFO] [net.neoforged.fml.loading.moddiscovery.ModDiscoverer/SCAN]: Found library file "kotlin-stdlib-2.3.0.jar" [parent: kotlinforforge-5.11.0-all.jar, locator: jarinjar]
[21May2026 14:40:44.878] [main/INFO] [net.neoforged.fml.loading.moddiscovery.ModDiscoverer/SCAN]: Found mod file "fabric-entity-events-v1-1.8.0+5ede667619.jar" [parent: forgified-fabric-api-0.116.7+2.2.4+1.21.1.jar, locator: jarinjar, reader: mod manifest]
[21May2026 14:40:44.878] [main/INFO] [net.neoforged.fml.loading.moddiscovery.ModDiscoverer/SCAN]: Found library file "tomlkt-jvm-0.3.7.jar" [parent: fzzy_config-0.7.6+1.21+neoforge.jar, locator: jarinjar]
[21May2026 14:40:44.878] [main/INFO] [net.neoforged.fml.loading.moddiscovery.ModDiscoverer/SCAN]: Found library file "ejml-ddense-0.44.0.jar" [parent: powergrid-mc1.21.1-0.5.5.1.jar, locator: jarinjar]
[21May2026 14:40:44.878] [main/INFO] [net.neoforged.fml.loading.moddiscovery.ModDiscoverer/SCAN]: Found library file "kaleido-config-0.3.3+1.3.2.jar" [parent: mcqoy-0.4.1+neo-1.21.jar, locator: jarinjar]
[21May2026 14:40:44.878] [main/INFO] [net.neoforged.fml.loading.moddiscovery.ModDiscoverer/SCAN]: Found library file "common-io-3.12.0.jar" [parent: yet_another_config_lib_v3-3.8.2+1.21.1-neoforge.jar, locator: jarinjar]
[21May2026 14:40:44.878] [main/INFO] [net.neoforged.fml.loading.moddiscovery.ModDiscoverer/SCAN]: Found mod file "fabric-loot-api-v2-3.0.15+a3ee712d19.jar" [parent: forgified-fabric-api-0.116.7+2.2.4+1.21.1.jar, locator: jarinjar, reader: mod manifest]
[21May2026 14:40:44.878] [main/INFO] [net.neoforged.fml.loading.moddiscovery.ModDiscoverer/SCAN]: Found mod file "fabric-loot-api-v3-1.0.3+333dfad919.jar" [parent: forgified-fabric-api-0.116.7+2.2.4+1.21.1.jar, locator: jarinjar, reader: mod manifest]
[21May2026 14:40:44.878] [main/INFO] [net.neoforged.fml.loading.moddiscovery.ModDiscoverer/SCAN]: Found mod file "conditional-mixin-neoforge-0.6.4.jar" [parent: CreateDragonsPlus-1.10.1.jar, locator: jarinjar, reader: mod manifest]
[21May2026 14:40:44.878] [main/INFO] [net.neoforged.fml.loading.moddiscovery.ModDiscoverer/SCAN]: Found mod file "TRansition-1.0.19-1.21.1-neoforge-SNAPSHOT.jar" [parent: notenoughanimations-neoforge-1.12.3-mc1.21.1.jar, locator: jarinjar, reader: mod manifest]
[21May2026 14:40:44.878] [main/INFO] [net.neoforged.fml.loading.moddiscovery.ModDiscoverer/SCAN]: Found mod file "fabric-rendering-data-attachment-v1-0.3.49+73761d2e19.jar" [parent: forgified-fabric-api-0.116.7+2.2.4+1.21.1.jar, locator: jarinjar, reader: mod manifest]
[21May2026 14:40:44.878] [main/INFO] [net.neoforged.fml.loading.moddiscovery.ModDiscoverer/SCAN]: Found mod file "com.kneelawk.extra-mod-integrations.extra-mod-integrations-isns-neoforge-1.0.3+1.21.1.jar" [parent: extra-mod-integrations-all-neoforge-1.0.3+1.21.1.jar, locator: jarinjar, reader: mod manifest]
[21May2026 14:40:44.878] [main/INFO] [net.neoforged.fml.loading.moddiscovery.ModDiscoverer/SCAN]: Found library file "imageio-webp-3.12.0.jar" [parent: yet_another_config_lib_v3-3.8.2+1.21.1-neoforge.jar, locator: jarinjar]
[21May2026 14:40:44.878] [main/INFO] [net.neoforged.fml.loading.moddiscovery.ModDiscoverer/SCAN]: Found mod file "flightlib-neoforge-3.2.1.jar" [parent: create_jetpack-forge-5.1.2.jar, locator: jarinjar, reader: mod manifest]
[21May2026 14:40:44.878] [main/INFO] [net.neoforged.fml.loading.moddiscovery.ModDiscoverer/SCAN]: Found library file "kotlinx-serialization-core-jvm-1.9.0.jar" [parent: kotlinforforge-5.11.0-all.jar, locator: jarinjar]
[21May2026 14:40:44.879] [main/INFO] [net.neoforged.fml.loading.moddiscovery.ModDiscoverer/SCAN]: Found mod file "fabric-networking-api-v1-4.3.0+30a980d919.jar" [parent: forgified-fabric-api-0.116.7+2.2.4+1.21.1.jar, locator: jarinjar, reader: mod manifest]
[21May2026 14:40:44.879] [main/INFO] [net.neoforged.fml.loading.moddiscovery.ModDiscoverer/SCAN]: Found gamelibrary file "Registrate-MC1.21-1.3.0+67.jar" [parent: create-1.21.1-6.0.10.jar, locator: jarinjar, reader: mod manifest]
[21May2026 14:40:44.879] [main/INFO] [net.neoforged.fml.loading.moddiscovery.ModDiscoverer/SCAN]: Found mod file "c2me-rewrites-chunkio-mc1.21.1-0.3.0+alpha.0.93.jar" [parent: c2me-neoforge-mc1.21.1-0.3.0+alpha.0.93.jar, locator: jarinjar, reader: mod manifest]
[21May2026 14:40:44.879] [main/INFO] [net.neoforged.fml.loading.moddiscovery.ModDiscoverer/SCAN]: Found mod file "com.kneelawk.extra-mod-integrations.extra-mod-integrations-actually-additions-neoforge-1.0.3+1.21.1.jar" [parent: extra-mod-integrations-all-neoforge-1.0.3+1.21.1.jar, locator: jarinjar, reader: mod manifest]
[21May2026 14:40:44.879] [main/INFO] [net.neoforged.fml.loading.moddiscovery.ModDiscoverer/SCAN]: Found mod file "c2me-opts-allocs-mc1.21.1-0.3.0+alpha.0.93.jar" [parent: c2me-neoforge-mc1.21.1-0.3.0+alpha.0.93.jar, locator: jarinjar, reader: mod manifest]
[21May2026 14:40:44.879] [main/INFO] [net.neoforged.fml.loading.moddiscovery.ModDiscoverer/SCAN]: Found mod file "fabric-lifecycle-events-v1-2.6.0+e40d8add19.jar" [parent: forgified-fabric-api-0.116.7+2.2.4+1.21.1.jar, locator: jarinjar, reader: mod manifest]
[21May2026 14:40:44.879] [main/INFO] [net.neoforged.fml.loading.moddiscovery.ModDiscoverer/SCAN]: Found library file "imageio-core-3.12.0.jar" [parent: yet_another_config_lib_v3-3.8.2+1.21.1-neoforge.jar, locator: jarinjar]
[21May2026 14:40:44.879] [main/INFO] [net.neoforged.fml.loading.moddiscovery.ModDiscoverer/SCAN]: Found library file "asyncutil-0.1.0.jar" [parent: c2me-neoforge-mc1.21.1-0.3.0+alpha.0.93.jar, locator: jarinjar]
[21May2026 14:40:44.879] [main/INFO] [net.neoforged.fml.loading.moddiscovery.ModDiscoverer/SCAN]: Found mod file "fabric-key-binding-api-v1-1.0.47+62cc7ce119.jar" [parent: forgified-fabric-api-0.116.7+2.2.4+1.21.1.jar, locator: jarinjar, reader: mod manifest]
[21May2026 14:40:44.879] [main/INFO] [net.neoforged.fml.loading.moddiscovery.ModDiscoverer/SCAN]: Found mod file "fabric-client-tags-api-v1-1.1.15+e053909619.jar" [parent: forgified-fabric-api-0.116.7+2.2.4+1.21.1.jar, locator: jarinjar, reader: mod manifest]
[21May2026 14:40:44.879] [main/INFO] [net.neoforged.fml.loading.moddiscovery.ModDiscoverer/SCAN]: Found mod file "fabric-transfer-api-v1-5.4.3+a25cb45619.jar" [parent: forgified-fabric-api-0.116.7+2.2.4+1.21.1.jar, locator: jarinjar, reader: mod manifest]
[21May2026 14:40:44.879] [main/INFO] [net.neoforged.fml.loading.moddiscovery.ModDiscoverer/SCAN]: Found mod file "c2me-threading-lighting-mc1.21.1-0.3.0+alpha.0.93.jar" [parent: c2me-neoforge-mc1.21.1-0.3.0+alpha.0.93.jar, locator: jarinjar, reader: mod manifest]
[21May2026 14:40:44.879] [main/INFO] [net.neoforged.fml.loading.moddiscovery.ModDiscoverer/SCAN]: Found mod file "com.kneelawk.extra-mod-integrations.extra-mod-integrations-rechiseled-neoforge-1.0.3+1.21.1.jar" [parent: extra-mod-integrations-all-neoforge-1.0.3+1.21.1.jar, locator: jarinjar, reader: mod manifest]
[21May2026 14:40:44.879] [main/INFO] [net.neoforged.fml.loading.moddiscovery.ModDiscoverer/SCAN]: Found mod file "fabric-model-loading-api-v1-2.1.0+6e8f52c719.jar" [parent: forgified-fabric-api-0.116.7+2.2.4+1.21.1.jar, locator: jarinjar, reader: mod manifest]
[21May2026 14:40:44.879] [main/INFO] [net.neoforged.fml.loading.moddiscovery.ModDiscoverer/SCAN]: Found library file "net.neoforged.neoforge-coremods-21.1.230.jar" [parent: neoforge-21.1.230-universal.jar, locator: jarinjar, reader: mod manifest]
[21May2026 14:40:44.879] [main/INFO] [net.neoforged.fml.loading.moddiscovery.ModDiscoverer/SCAN]: Found mod file "dev.eriksonn.aeronautics.aeronautics-neoforge-1.21.1-1.2.1.jar" [parent: create-aeronautics-bundled-1.21.1-1.2.1.jar, locator: jarinjar, reader: mod manifest]
[21May2026 14:40:44.879] [main/INFO] [net.neoforged.fml.loading.moddiscovery.ModDiscoverer/SCAN]: Found mod file "pehkui-bridge-1.12.1+1.21.1.jar" [parent: ConnectorExtras-1.12.1+1.21.1.jar, locator: jarinjar, reader: mod manifest]
[21May2026 14:40:44.879] [main/INFO] [net.neoforged.fml.loading.moddiscovery.ModDiscoverer/SCAN]: Found mod file "fabric-screen-handler-api-v1-1.3.90+8dbc56dd19.jar" [parent: forgified-fabric-api-0.116.7+2.2.4+1.21.1.jar, locator: jarinjar, reader: mod manifest]
[21May2026 14:40:44.879] [main/INFO] [net.neoforged.fml.loading.moddiscovery.ModDiscoverer/SCAN]: Found mod file "fabric-resource-loader-v0-1.3.1+4ea8954419.jar" [parent: forgified-fabric-api-0.116.7+2.2.4+1.21.1.jar, locator: jarinjar, reader: mod manifest]
[21May2026 14:40:44.879] [main/INFO] [net.neoforged.fml.loading.moddiscovery.ModDiscoverer/SCAN]: Found mod file "TRender-1.0.13-1.21.1-neoforge-SNAPSHOT.jar" [parent: notenoughanimations-neoforge-1.12.3-mc1.21.1.jar, locator: jarinjar, reader: mod manifest]
[21May2026 14:40:44.879] [main/INFO] [net.neoforged.fml.loading.moddiscovery.ModDiscoverer/SCAN]: Found mod file "fabric-rendering-v1-5.1.0+1a09bd5a19.jar" [parent: forgified-fabric-api-0.116.7+2.2.4+1.21.1.jar, locator: jarinjar, reader: mod manifest]
[21May2026 14:40:44.880] [main/INFO] [net.neoforged.fml.loading.moddiscovery.ModDiscoverer/SCAN]: Found mod file "fabric-renderer-indigo-1.7.1+9125b6dc19.jar" [parent: forgified-fabric-api-0.116.7+2.2.4+1.21.1.jar, locator: jarinjar, reader: mod manifest]
[21May2026 14:40:44.880] [main/INFO] [net.neoforged.fml.loading.moddiscovery.ModDiscoverer/SCAN]: Found library file "net.caffeinemc.sodium-neoforge-0.6.9+mc1.21.1-service.jar" [parent: sodium-neoforge-0.6.9+mc1.21.1.jar, locator: jarinjar, reader: mod manifest]
[21May2026 14:40:44.880] [main/INFO] [net.neoforged.fml.loading.moddiscovery.ModDiscoverer/SCAN]: Found library file "kotlinx-coroutines-jdk8-1.10.2.jar" [parent: kotlinforforge-5.11.0-all.jar, locator: jarinjar]
[21May2026 14:40:44.880] [main/INFO] [net.neoforged.fml.loading.moddiscovery.ModDiscoverer/SCAN]: Found mod file "c2me-rewrites-chunk-system-mc1.21.1-0.3.0+alpha.0.93.jar" [parent: c2me-neoforge-mc1.21.1-0.3.0+alpha.0.93.jar, locator: jarinjar, reader: mod manifest]
[21May2026 14:40:44.880] [main/INFO] [net.neoforged.fml.loading.moddiscovery.ModDiscoverer/SCAN]: Found library file "rxjava-3.1.12.jar" [parent: c2me-neoforge-mc1.21.1-0.3.0+alpha.0.93.jar, locator: jarinjar]
[21May2026 14:40:44.880] [main/INFO] [net.neoforged.fml.loading.moddiscovery.ModDiscoverer/SCAN]: Found mod file "whitenoise-1.21.1-neoforge-2.2.0.jar" [parent: betterdays-1.21.1-3.3.6.3-NEOFORGE.jar, locator: jarinjar, reader: mod manifest]
[21May2026 14:40:44.880] [main/INFO] [net.neoforged.fml.loading.moddiscovery.ModDiscoverer/SCAN]: Found library file "extras-utils-1.12.1+1.21.1.jar" [parent: ConnectorExtras-1.12.1+1.21.1.jar, locator: jarinjar, reader: mod manifest]
[21May2026 14:40:44.880] [main/INFO] [net.neoforged.fml.loading.moddiscovery.ModDiscoverer/SCAN]: Found library file "battery-2.0.0.jar" [parent: dynamic-fps-3.11.4+minecraft-1.21.0-neoforge.jar, locator: jarinjar]
[21May2026 14:40:44.880] [main/INFO] [net.neoforged.fml.loading.moddiscovery.ModDiscoverer/SCAN]: Found library file "molang-compiler-3.1.1.19.jar" [parent: veil-neoforge-1.21.1-4.0.0.jar, locator: jarinjar]
[21May2026 14:40:44.880] [main/INFO] [net.neoforged.fml.loading.moddiscovery.ModDiscoverer/SCAN]: Found mod file "energy-bridge-1.12.1+1.21.1.jar" [parent: ConnectorExtras-1.12.1+1.21.1.jar, locator: jarinjar, reader: mod manifest]
[21May2026 14:40:44.880] [main/INFO] [net.neoforged.fml.loading.moddiscovery.ModDiscoverer/SCAN]: Found mod file "fabric-particles-v1-4.0.2+824f924c19.jar" [parent: forgified-fabric-api-0.116.7+2.2.4+1.21.1.jar, locator: jarinjar, reader: mod manifest]
[21May2026 14:40:44.880] [main/INFO] [net.neoforged.fml.loading.moddiscovery.ModDiscoverer/SCAN]: Found mod file "c2me-opts-worldgen-vanilla-mc1.21.1-0.3.0+alpha.0.93.jar" [parent: c2me-neoforge-mc1.21.1-0.3.0+alpha.0.93.jar, locator: jarinjar, reader: mod manifest]
[21May2026 14:40:44.880] [main/INFO] [net.neoforged.fml.loading.moddiscovery.ModDiscoverer/SCAN]: Found library file "common-image-3.12.0.jar" [parent: yet_another_config_lib_v3-3.8.2+1.21.1-neoforge.jar, locator: jarinjar]
[21May2026 14:40:44.880] [main/INFO] [net.neoforged.fml.loading.moddiscovery.ModDiscoverer/SCAN]: Found mod file "c2me-opts-scheduling-mc1.21.1-0.3.0+alpha.0.93.jar" [parent: c2me-neoforge-mc1.21.1-0.3.0+alpha.0.93.jar, locator: jarinjar, reader: mod manifest]
[21May2026 14:40:44.880] [main/INFO] [net.neoforged.fml.loading.moddiscovery.ModDiscoverer/SCAN]: Found mod file "fabric-transitive-access-wideners-v1-6.2.0+6c854b6f19.jar" [parent: forgified-fabric-api-0.116.7+2.2.4+1.21.1.jar, locator: jarinjar, reader: mod manifest]
[21May2026 14:40:44.880] [main/INFO] [net.neoforged.fml.loading.moddiscovery.ModDiscoverer/SCAN]: Found mod file "dev.ryanhcode.offroad.offroad-neoforge-1.21.1-1.2.1.jar" [parent: create-aeronautics-bundled-1.21.1-1.2.1.jar, locator: jarinjar, reader: mod manifest]
[21May2026 14:40:44.880] [main/INFO] [net.neoforged.fml.loading.moddiscovery.ModDiscoverer/SCAN]: Found library file "ejml-simple-0.44.0.jar" [parent: powergrid-mc1.21.1-0.5.5.1.jar, locator: jarinjar]
[21May2026 14:40:44.880] [main/INFO] [net.neoforged.fml.loading.moddiscovery.ModDiscoverer/SCAN]: Found library file "jankson-1.2.3.jar" [parent: fzzy_config-0.7.6+1.21+neoforge.jar, locator: jarinjar]
[21May2026 14:40:44.880] [main/INFO] [net.neoforged.fml.loading.moddiscovery.ModDiscoverer/SCAN]: Found mod file "fabric-api-base-0.4.42+d1308ded19.jar" [parent: forgified-fabric-api-0.116.7+2.2.4+1.21.1.jar, locator: jarinjar, reader: mod manifest]
[21May2026 14:40:44.880] [main/INFO] [net.neoforged.fml.loading.moddiscovery.ModDiscoverer/SCAN]: Found mod file "fabric-blockrenderlayer-v1-1.1.52+c290471319.jar" [parent: forgified-fabric-api-0.116.7+2.2.4+1.21.1.jar, locator: jarinjar, reader: mod manifest]
[21May2026 14:40:44.880] [main/INFO] [net.neoforged.fml.loading.moddiscovery.ModDiscoverer/SCAN]: Found mod file "c2me-server-utils-mc1.21.1-0.3.0+alpha.0.93.jar" [parent: c2me-neoforge-mc1.21.1-0.3.0+alpha.0.93.jar, locator: jarinjar, reader: mod manifest]
[21May2026 14:40:44.880] [main/INFO] [net.neoforged.fml.loading.moddiscovery.ModDiscoverer/SCAN]: Found library file "thedarkcolour.kfflang-5.11.0.jar" [parent: kotlinforforge-5.11.0-all.jar, locator: jarinjar, reader: mod manifest]
[21May2026 14:40:44.880] [main/INFO] [net.neoforged.fml.loading.moddiscovery.ModDiscoverer/SCAN]: Found mod file "fabric-block-api-v1-1.1.0+b0c22bb819.jar" [parent: forgified-fabric-api-0.116.7+2.2.4+1.21.1.jar, locator: jarinjar, reader: mod manifest]
[21May2026 14:40:44.880] [main/INFO] [net.neoforged.fml.loading.moddiscovery.ModDiscoverer/SCAN]: Found mod file "spectrelib-neoforge-0.17.2+1.21.jar" [parent: comforts-neoforge-9.0.5+1.21.1.jar, locator: jarinjar, reader: mod manifest]
[21May2026 14:40:44.880] [main/INFO] [net.neoforged.fml.loading.moddiscovery.ModDiscoverer/SCAN]: Found mod file "jei-bridge-1.12.1+1.21.1.jar" [parent: ConnectorExtras-1.12.1+1.21.1.jar, locator: jarinjar, reader: mod manifest]
[21May2026 14:40:44.880] [main/INFO] [net.neoforged.fml.loading.moddiscovery.ModDiscoverer/SCAN]: Found gamelibrary file "thedarkcolour.kfflib-5.11.0.jar" [parent: kotlinforforge-5.11.0-all.jar, locator: jarinjar, reader: mod manifest]
[21May2026 14:40:44.880] [main/INFO] [net.neoforged.fml.loading.moddiscovery.ModDiscoverer/SCAN]: Found mod file "fabric-resource-conditions-api-v1-4.3.0+5bdd099819.jar" [parent: forgified-fabric-api-0.116.7+2.2.4+1.21.1.jar, locator: jarinjar, reader: mod manifest]
[21May2026 14:40:44.880] [main/INFO] [net.neoforged.fml.loading.moddiscovery.ModDiscoverer/SCAN]: Found mod file "thedarkcolour.kffmod-5.11.0.jar" [parent: kotlinforforge-5.11.0-all.jar, locator: jarinjar, reader: mod manifest]
[21May2026 14:40:44.880] [main/INFO] [net.neoforged.fml.loading.moddiscovery.ModDiscoverer/SCAN]: Found library file "gson-0.2.1.jar" [parent: yet_another_config_lib_v3-3.8.2+1.21.1-neoforge.jar, locator: jarinjar]
[21May2026 14:40:44.880] [main/INFO] [net.neoforged.fml.loading.moddiscovery.ModDiscoverer/SCAN]: Found library file "kotlin-reflect-2.3.0.jar" [parent: kotlinforforge-5.11.0-all.jar, locator: jarinjar]
[21May2026 14:40:44.880] [main/INFO] [net.neoforged.fml.loading.moddiscovery.ModDiscoverer/SCAN]: Found mod file "sable-companion-common-1.21.1-1.6.0.jar" [parent: sable-neoforge-1.21.1-1.2.2.jar, locator: jarinjar, reader: mod manifest]
[21May2026 14:40:44.880] [main/INFO] [net.neoforged.fml.loading.moddiscovery.ModDiscoverer/SCAN]: Found mod file "neoforge.jar" [parent: iris-flywheel-compat-NeoForge-2.4.0.jar, locator: jarinjar, reader: mod manifest]
[21May2026 14:40:44.880] [main/INFO] [net.neoforged.fml.loading.moddiscovery.ModDiscoverer/SCAN]: Found mod file "fabric-item-group-api-v1-4.1.7+e324903319.jar" [parent: forgified-fabric-api-0.116.7+2.2.4+1.21.1.jar, locator: jarinjar, reader: mod manifest]
[21May2026 14:40:44.880] [main/INFO] [net.neoforged.fml.loading.moddiscovery.ModDiscoverer/SCAN]: Found mod file "greenhouseconfig_night_config-1.1.0.jar" [parent: greenhouseconfig_toml-1.1.0.jar, locator: jarinjar, reader: mod manifest]
[21May2026 14:40:44.880] [main/INFO] [net.neoforged.fml.loading.moddiscovery.ModDiscoverer/SCAN]: Found mod file "fabric-gametest-api-v1-2.0.5+29f188ce19.jar" [parent: forgified-fabric-api-0.116.7+2.2.4+1.21.1.jar, locator: jarinjar, reader: mod manifest]
[21May2026 14:40:44.881] [main/INFO] [net.neoforged.fml.loading.moddiscovery.ModDiscoverer/SCAN]: Found mod file "c2me-notickvd-mc1.21.1-0.3.0+alpha.0.93.jar" [parent: c2me-neoforge-mc1.21.1-0.3.0+alpha.0.93.jar, locator: jarinjar, reader: mod manifest]
[21May2026 14:40:44.881] [main/INFO] [net.neoforged.fml.loading.moddiscovery.ModDiscoverer/SCAN]: Found library file "glsl-transformer-2.0.1.jar" [parent: iris-neoforge-1.8.12+mc1.21.1.jar, locator: jarinjar]
[21May2026 14:40:44.881] [main/INFO] [net.neoforged.fml.loading.moddiscovery.ModDiscoverer/SCAN]: Found mod file "fabric-biome-api-v1-13.0.31+1e62d33c19.jar" [parent: forgified-fabric-api-0.116.7+2.2.4+1.21.1.jar, locator: jarinjar, reader: mod manifest]
[21May2026 14:40:44.881] [main/INFO] [net.neoforged.fml.loading.moddiscovery.ModDiscoverer/SCAN]: Found mod file "c2me-opts-worldgen-general-mc1.21.1-0.3.0+alpha.0.93.jar" [parent: c2me-neoforge-mc1.21.1-0.3.0+alpha.0.93.jar, locator: jarinjar, reader: mod manifest]
[21May2026 14:40:44.881] [main/INFO] [net.neoforged.fml.loading.moddiscovery.ModDiscoverer/SCAN]: Found mod file "c2me-opts-chunkio-mc1.21.1-0.3.0+alpha.0.93.jar" [parent: c2me-neoforge-mc1.21.1-0.3.0+alpha.0.93.jar, locator: jarinjar, reader: mod manifest]
[21May2026 14:40:44.881] [main/INFO] [net.neoforged.fml.loading.moddiscovery.ModDiscoverer/SCAN]: Found library file "json-0.2.1.jar" [parent: yet_another_config_lib_v3-3.8.2+1.21.1-neoforge.jar, locator: jarinjar]
[21May2026 14:40:44.881] [main/INFO] [net.neoforged.fml.loading.moddiscovery.ModDiscoverer/SCAN]: Found mod file "fabric-registry-sync-v0-5.3.1+f9aace1619.jar" [parent: forgified-fabric-api-0.116.7+2.2.4+1.21.1.jar, locator: jarinjar, reader: mod manifest]
[21May2026 14:40:44.881] [main/INFO] [net.neoforged.fml.loading.moddiscovery.ModDiscoverer/SCAN]: Found mod file "fabric-recipe-api-v1-5.0.15+59440bcc19.jar" [parent: forgified-fabric-api-0.116.7+2.2.4+1.21.1.jar, locator: jarinjar, reader: mod manifest]
[21May2026 14:40:44.881] [main/INFO] [net.neoforged.fml.loading.moddiscovery.ModDiscoverer/SCAN]: Found mod file "com.kneelawk.extra-mod-integrations.extra-mod-integrations-farmers-delight-neoforge-1.0.3+1.21.1.jar" [parent: extra-mod-integrations-all-neoforge-1.0.3+1.21.1.jar, locator: jarinjar, reader: mod manifest]
[21May2026 14:40:44.881] [main/INFO] [net.neoforged.fml.loading.moddiscovery.ModDiscoverer/SCAN]: Found mod file "fabric-object-builder-api-v1-15.2.1+cc242efd19.jar" [parent: forgified-fabric-api-0.116.7+2.2.4+1.21.1.jar, locator: jarinjar, reader: mod manifest]
[21May2026 14:40:44.881] [main/INFO] [net.neoforged.fml.loading.moddiscovery.ModDiscoverer/SCAN]: Found library file "ejml-dsparse-0.44.0.jar" [parent: powergrid-mc1.21.1-0.5.5.1.jar, locator: jarinjar]
[21May2026 14:40:44.881] [main/INFO] [net.neoforged.fml.loading.moddiscovery.ModDiscoverer/SCAN]: Found mod file "fabric-sound-api-v1-1.0.23+10b84f8419.jar" [parent: forgified-fabric-api-0.116.7+2.2.4+1.21.1.jar, locator: jarinjar, reader: mod manifest]
[21May2026 14:40:44.881] [main/INFO] [net.neoforged.fml.loading.moddiscovery.ModDiscoverer/SCAN]: Found mod file "fabric-message-api-v1-6.0.14+6a754fce19.jar" [parent: forgified-fabric-api-0.116.7+2.2.4+1.21.1.jar, locator: jarinjar, reader: mod manifest]
[21May2026 14:40:44.881] [main/INFO] [net.neoforged.fml.loading.moddiscovery.ModDiscoverer/SCAN]: Found mod file "emi-bridge-1.12.1+1.21.1.jar" [parent: ConnectorExtras-1.12.1+1.21.1.jar, locator: jarinjar, reader: mod manifest]
[21May2026 14:40:44.881] [main/INFO] [net.neoforged.fml.loading.moddiscovery.ModDiscoverer/SCAN]: Found library file "common-lang-3.12.0.jar" [parent: yet_another_config_lib_v3-3.8.2+1.21.1-neoforge.jar, locator: jarinjar]
[21May2026 14:40:44.881] [main/INFO] [net.neoforged.fml.loading.moddiscovery.ModDiscoverer/SCAN]: Found mod file "com.kneelawk.extra-mod-integrations.extra-mod-integrations-core-neoforge-1.0.3+1.21.1.jar" [parent: extra-mod-integrations-all-neoforge-1.0.3+1.21.1.jar, locator: jarinjar, reader: mod manifest]
[21May2026 14:40:44.881] [main/INFO] [net.neoforged.fml.loading.moddiscovery.ModDiscoverer/SCAN]: Found mod file "fabric-data-generation-api-v1-20.2.34+a4c3605619.jar" [parent: forgified-fabric-api-0.116.7+2.2.4+1.21.1.jar, locator: jarinjar, reader: mod manifest]
[21May2026 14:40:44.881] [main/INFO] [net.neoforged.fml.loading.moddiscovery.ModDiscoverer/SCAN]: Found mod file "fabric-events-interaction-v0-0.7.13+86e0887119.jar" [parent: forgified-fabric-api-0.116.7+2.2.4+1.21.1.jar, locator: jarinjar, reader: mod manifest]
[21May2026 14:40:45.385] [main/INFO] [org.sinytra.connector.locator.FabricModsDiscoverer/SCAN]: Fabric mod metadata not found in jar kotlinforforge.all, ignoring
[21May2026 14:40:45.644] [main/INFO] [org.sinytra.connector.locator.DependencyResolver/]: Dependency resolution found 6 candidates to load
[21May2026 14:40:45.904] [main/INFO] [net.neoforged.fml.loading.moddiscovery.ModDiscoverer/SCAN]: Found gamelibrary file "surveyor-1.2.4+1.21$kaleido-config-0.3.1+1.3.2_mapped_moj_1.21.1.jar" [locator: org.sinytra.connector.locator.ConnectorLocator@795fd838]
[21May2026 14:40:45.904] [main/INFO] [net.neoforged.fml.loading.moddiscovery.ModDiscoverer/SCAN]: Found mod file "aa4-atlas-1.1.2+1.21_mapped_moj_1.21.1.jar" [locator: org.sinytra.connector.locator.ConnectorLocator@795fd838]
[21May2026 14:40:45.904] [main/INFO] [net.neoforged.fml.loading.moddiscovery.ModDiscoverer/SCAN]: Found mod file "antique-atlas-3.1.2+1.21_mapped_moj_1.21.1.jar" [locator: org.sinytra.connector.locator.ConnectorLocator@795fd838]
[21May2026 14:40:45.904] [main/INFO] [net.neoforged.fml.loading.moddiscovery.ModDiscoverer/SCAN]: Found mod file "antique_transport-1.2.1+1.21.1_mapped_moj_1.21.1.jar" [locator: org.sinytra.connector.locator.ConnectorLocator@795fd838]
[21May2026 14:40:45.904] [main/INFO] [net.neoforged.fml.loading.moddiscovery.ModDiscoverer/SCAN]: Found mod file "continuity-3.0.0+1.21.neoforge_mapped_moj_1.21.1.jar" [locator: org.sinytra.connector.locator.ConnectorLocator@795fd838]
[21May2026 14:40:45.904] [main/INFO] [net.neoforged.fml.loading.moddiscovery.ModDiscoverer/SCAN]: Found mod file "surveyor-1.2.4+1.21_mapped_moj_1.21.1.jar" [locator: org.sinytra.connector.locator.ConnectorLocator@795fd838]
[21May2026 14:40:45.926] [main/INFO] [net.neoforged.fml.loading.moddiscovery.locators.JarInJarDependencyLocator/]: Found 2 dependencies adding them to mods collection
[21May2026 14:40:45.926] [main/INFO] [net.neoforged.fml.loading.moddiscovery.ModDiscoverer/SCAN]: Found mod file "org.sinytra.connector-2.0.0-beta.14+1.21.1-mod.jar" [parent: , locator: org.sinytra.connector.locator.ConnectorLocator@795fd838, reader: mod manifest]
[21May2026 14:40:45.927] [main/INFO] [net.neoforged.fml.loading.moddiscovery.ModDiscoverer/SCAN]: Found gamelibrary file "runtime-1.0.0+1.21.1.jar" [parent: , locator: org.sinytra.connector.locator.ConnectorLocator@795fd838, reader: mod manifest]
[21May2026 14:40:45.933] [main/INFO] [net.neoforged.fml.loading.moddiscovery.ModDiscoverer/]: 
     Mod List:
		Name Version (Mod Id)

		AA4 Atlas 1.1.2 (aa4_atlas)
		aero_copycats 1.1.0 (aerocopycats)
		Aeronautics Addition 1.0.2 (aero_addition)
		Aeronautics Camera Sync 1.2.0 (aero_cam_sync)
		Aeronautics: Simulated Copycats 1.1.5 (sim_copycats)
		AeronauticsCompat 1.1.2 (aeronauticscompat)
		Aerowear 1.0.0 (aerowear)
		AI-Improvements 0.5.3 (aiimprovements)
		AlmostUnified 1.21.1-1.4.1 (almostunified)
		Antique Atlas 3.1.2_1.21 (antique_atlas)
		Antique Transport 1.2.1_1.21.1 (antique_transport)
		AppleSkin 3.0.9+mc1.21 (appleskin)
		Architectury 13.0.8 (architectury)
		Aspect Alchemy 2.0.0 (aspectalchemy)
		BaguetteLib 2.0.3 (baguettelib)
		Balm 21.0.58 (balm)
		Barebones McQoy 0.4.1+neo-1.21 (mcqoy)
		BetterDays 3.3.6.3 (betterdays)
		BetterF3 11.0.3 (betterf3)
		Biolith 3.0.11 (biolith)
		Brewin' And Chewin' 4.4.2 (brewinandchewin)
		Carry On 2.2.4 (carryon)
		Carry On + Create Aeronautics Compat 1.1.1 (carryonaerocompat)
		CBC Advanced Technology 0.1.4c-1.21.1 (cbc_at)
		Chunky 1.4.23 (chunky)
		CliffTree 3.1.5 (clifftree)
		Climbable Ropes for Create Aeronautics 1.9.0 (climbable_ropes)
		Cloth Config v15 API 15.0.140 (cloth_config)
		Cocktails Delight 1.0.7 (cocktailsdelight)
		Cold Sweat 2.4 (cold_sweat)
		Cold Sweat Ã Create Aeronautics Compat 0.1.0 (coldsweat_aeronautics_compat)
		Comforts 9.0.5+1.21.1 (comforts)
		Concurrent Chunk Management Engine 0.3.0+alpha.0.93+1.21.1 (c2me)
		Concurrent Chunk Management Engine (Base) 0.3.0+alpha.0.93+1.21.1 (c2me_base)
		Concurrent Chunk Management Engine (Client/Uncap View Distance) 0.3.0+alpha.0.93+1.21.1 (c2me_client_uncapvd)
		Concurrent Chunk Management Engine (Fixes/Chunk IO/Threading Issues) 0.3.0+alpha.0.93+1.21.1 (c2me_fixes_chunkio_threading_issues)
		Concurrent Chunk Management Engine (Fixes/General/Threading Issues) 0.3.0+alpha.0.93+1.21.1 (c2me_fixes_general_threading_issues)
		Concurrent Chunk Management Engine (Fixes/WorldGen/Threading Issues) 0.3.0+alpha.0.93+1.21.1 (c2me_fixes_worldgen_threading_issues)
		Concurrent Chunk Management Engine (Fixes/WorldGen/Vanilla Bugs) 0.3.0+alpha.0.93+1.21.1 (c2me_fixes_worldgen_vanilla_bugs)
		Concurrent Chunk Management Engine (No Tick View Distance) 0.3.0+alpha.0.93+1.21.1 (c2me_notickvd)
		Concurrent Chunk Management Engine (Optimizations/Chunk IO) 0.3.0+alpha.0.93+1.21.1 (c2me_opts_chunkio)
		Concurrent Chunk Management Engine (Optimizations/Density Function Compiler) 0.3.0+alpha.0.93+1.21.1 (c2me_opts_dfc)
		Concurrent Chunk Management Engine (Optimizations/General WorldGen) 0.3.0+alpha.0.93+1.21.1 (c2me_opts_worldgen_general)
		Concurrent Chunk Management Engine (Optimizations/Math) 0.3.0+alpha.0.93+1.21.1 (c2me_opts_math)
		Concurrent Chunk Management Engine (Optimizations/Memory Allocations) 0.3.0+alpha.0.93+1.21.1 (c2me_opts_allocs)
		Concurrent Chunk Management Engine (Optimizations/Natives Math) 0.3.0+alpha.0.93+1.21.1 (c2me_opts_natives_math)
		Concurrent Chunk Management Engine (Optimizations/Scheduling) 0.3.0+alpha.0.93+1.21.1 (c2me_opts_scheduling)
		Concurrent Chunk Management Engine (Optimizations/Vanilla WorldGen) 0.3.0+alpha.0.93+1.21.1 (c2me_opts_worldgen_vanilla)
		Concurrent Chunk Management Engine (Rewrites/Chunk IO) 0.3.0+alpha.0.93+1.21.1 (c2me_rewrites_chunkio)
		Concurrent Chunk Management Engine (Rewrites/Chunk Serializer) 0.3.0+alpha.0.93+1.21.1 (c2me_rewrites_chunk_serializer)
		Concurrent Chunk Management Engine (Rewrites/Chunk System) 0.3.0+alpha.0.93+1.21.1 (c2me_rewrites_chunk_system)
		Concurrent Chunk Management Engine (Server Utils) 0.3.0+alpha.0.93+1.21.1 (c2me_server_utils)
		Concurrent Chunk Management Engine (Threading/Lighting) 0.3.0+alpha.0.93+1.21.1 (c2me_threading_lighting)
		conditional mixin 0.6.4 (conditional_mixin)
		Connector Extras 1.12.1+1.21.1 (connectorextras)
		Connector Extras EMI Bridge 1.12.1+1.21.1 (connectorextras_emi_bridge)
		Connector Extras Energy Bridge 1.12.1+1.21.1 (connectorextras_energy_bridge)
		Connector Extras JEI Bridge 1.12.1+1.21.1 (connectorextras_jei_bridge)
		Connector Extras KubeJS Bridge 1.12.1+1.21.1 (connectorextras_kubejs_bridge)
		Connector Extras ModMenu Bridge 1.12.1+1.21.1 (connectorextras_modmenu_bridge)
		Connector Extras Pehkui Bridge 1.12.1+1.21.1 (connectorextras_pehkui_bridge)
		Connector Extras REI Bridge 1.12.1+1.21.1 (connectorextras_rei_bridge)
		Connector Extras Terrablender Bridge 1.12.1+1.21.1 (connectorextras_terrablender_bridge)
		Continuity 3.0.0_1.21.neoforge (continuity)
		Controlling 19.0.5 (controlling)
		Corpse 1.21.1-1.1.13 (corpse)
		Corpse Curios Compatibility 4.0.1 (corpsecurioscompat)
		Create 6.0.10 (create)
		Create & FD Dough 1.0.0 (createfddough)
		Create Aeronautics 1.2.1 (aeronautics_bundled)
		Create Aeronautics 1.2.1 (aeronautics)
		Create Aeronautics - Rechiseled Compat 1.2.2 (aeronautics_rechiseled)
		Create Aeronautics Lift Fix 1.0.0 (ldfix)
		Create Aeronautics: Placeable Wheels 0.1-1.21.1 (create_aeronautics_placeable_wheels)
		Create Aeronautics: Portable Engine Liquid Fuel 2.0.0 (portable_engine_liquid_fuel)
		Create Aeronautics: Throwable Rope Connector 0.3.0 (create_aeronautics_throwable_rope_connector)
		Create Big Cannons 5.11.3 (createbigcannons)
		Create Big Cannons: Equally Opposite 0.1.1 (cbc_equally_opposite)
		Create Bits 'n' Bobs 0.0.44 (bits_n_bobs)
		Create Deco 2.1.3 (createdeco)
		Create Deco Sable Compatibility 1.0.1 (sable_weighted_createdeco)
		Create Diesel Generators 1.21.1-1.3.12 (createdieselgenerators)
		Create Dynamic Lights 2.3.1-sodium-sable (createdynlight)
		Create Encased 1.8.1 (createcasing)
		Create Horse Power 1.21.1-1.1.0 (createhorsepower)
		Create Jetpack 5.1.2 (create_jetpack)
		Create Liquid Fuel 2.1.1-1.21.1 (createliquidfuel)
		Create Metallurgy 1.0.2 (createmetallurgy)
		Create More: Parallel Pipes 2.0.2 (cmparallelpipes)
		Create Offroad 1.2.1 (offroad)
		Create Picky Wheels 1.21.1-6.0.9-6 (createpickywheels)
		Create Propulsion: Simulated 1.1.4 (createpropulsion)
		Create Simulated 1.2.1 (simulated)
		Create Slice & Dice 4.2.4 (sliceanddice)
		Create Stuff 'N Additions 2.1.3 (create_sa)
		Create Stuff and Addition Tank Fix 1.3 (createsa_tank_fix)
		Create Tracks 1.0.1 (tracks)
		Create Tweaked Controllers 1.21.1-1.2.7 (create_tweaked_controllers)
		Create: Addon Compatibility 1.0.0 (createaddoncompatibility)
		Create: Aeroworks 1.2.9 (aeroworks)
		Create: Bells & Whistles 0.4.7-1.21.1 (bellsandwhistles)
		Create: Blocks & Bogies 1.0.7 (create_bb)
		Create: Cold Sweat 1.1.2 (create_cold_sweat)
		Create: Connected 1.1.16-mc1.21.1 (create_connected)
		Create: Copycats+ 3.0.4+mc.1.21.1-neoforge (copycats)
		Create: Dragons Plus 1.10.1 (create_dragons_plus)
		Create: Dreams n' Desires 2.3a-BETA (dndesires)
		Create: EMI Schematics 1.1.0 (emi_create_schematics)
		Create: Enchantment Industry 2.3.1 (create_enchantment_industry)
		Create: Food 2.4.0 (createfood)
		Create: Integrated Farming 1.2.2 (create_integrated_farming)
		Create: Interiors 0.6.1 (interiors)
		Create: Jetpack Curios 1.2.0 (create_jetpack_curios)
		Create: Metalwork 2.0.0 (createmetalwork)
		Create: Netherless 2.0.0 (create_netherless)
		Create: Northstar Aeronautics Bridge 1.0.0 (cnbridge)
		Create: Oxidized 0.1.3 (create_oxidized)
		Create: Peaceful 2.0.3 (create_peaceful)
		Create: Power Grid 0.5.5.1 (powergrid)
		Create: Regions Unexplored Compat 1.0.0 (create_ru_compat)
		Create: Sound of Steam 0.8.2+1.21.1 (pipeorgans)
		Create: Submarine 2.0.0 (create_submarine)
		create: things and misc 4.1.0 (create_things_and_misc)
		Create: Towed 1.2.0 (towed)
		Create: Ultimate Factory 2.2.4 (create_ultimate_factory)
		Create: Winery 2.0.2 (create_winery)
		Create:Lazy Tick 2.4.9-6.0.x (createlazytick)
		createburnerfuel 1.0.2 (createburnerfuel)
		Curios API 9.5.1+1.21.1 (curios)
		Delight Lib 26.05.18-1.21-neoforge (delightlib)
		Design n' Decor 2.1.0 (dndecor)
		Design N' Decor Sable Compatibility 1.0.1 (sable_weighted_dndecor)
		Drive By Wire 0.2.9 (drivebywire)
		Dyeable Ropes for Create Aeronautics 1.2.1 (dyeable_ropes)
		Dynamic FPS 3.11.4 (dynamic_fps)
		EMI 1.1.24+1.21.1+neoforge (emi)
		EMI Enchanting 0.1.2+1.21+neoforge (emi_enchanting)
		EMI Loot 0.7.9+1.21+neoforge (emi_loot)
		EMI Ores 1.2+1.21.1+neoforge (emi_ores)
		EMIffect 2.1.6+mc1.21.1 (emiffect)
		Entity Model Features 3.2.4 (entity_model_features)
		Entity Sound Features 0.8.1 (entity_sound_features)
		Entity Texture Features 7.1 (entity_texture_features)
		EntityCulling 1.10.2 (entityculling)
		ExMI Actually Additions 1.0.3+1.21.1 (extra_mod_integrations_actually_additions)
		ExMI Chipped 1.0.3+1.21.1 (extra_mod_integrations_chipped)
		ExMI Farmer's Delight 1.0.3+1.21.1 (extra_mod_integrations_farmers_delight)
		ExMI Iron's Spells 'n Spellbooks 1.0.3+1.21.1 (extra_mod_integrations_irons_spellbooks)
		ExMI PneumaticCraft 1.0.3+1.21.1 (extra_mod_integrations_pneumaticcraft)
		ExMI Rechiseled 1.0.3+1.21.1 (extra_mod_integrations_rechiseled)
		ExMI Reliquary 1.0.3+1.21.1 (extra_mod_integrations_reliquary)
		Expanded Delight 0.1.4 (expandeddelight)
		Extra Mod Integrations 1.0.3+1.21.1 (extra_mod_integrations)
		Extra Mod Integrations Core 1.0.3+1.21.1 (extra_mod_integrations_core)
		Farmer's Cutting: Regions Unexplored 1.21.1-1.1b-neoforge (mr_farmers_cuttingregionsunexplored)
		Farmer's Delight 1.3.2 (farmersdelight)
		Farmer's Delight: Extended 1.21.1-0.2.2 (farmersdelight_extended)
		Farmer's Knives 1.21.1-4.2.0 (farmersknives)
		Farmer's Pizzeria 1.1.0 (farmerspizzeria)
		Ferrite Core 7.0.3 (ferritecore)
		Flight Lib 3.2.1 (flightlib)
		Flywheel 1.0.6 (flywheel)
		Forgified Fabric API 0.116.7+2.2.4+1.21.1 (fabric_api)
		Forgified Fabric API Base 0.4.42+d1308ded19 (fabric_api_base)
		Forgified Fabric API Lookup API (v1) 1.6.71+c290471319 (fabric_api_lookup_api_v1)
		Forgified Fabric Biome API (v1) 13.0.31+1e62d33c19 (fabric_biome_api_v1)
		Forgified Fabric Block API (v1) 1.1.0+b0c22bb819 (fabric_block_api_v1)
		Forgified Fabric BlockRenderLayer Registration (v1) 1.1.52+c290471319 (fabric_blockrenderlayer_v1)
		Forgified Fabric BlockView API (v2) 1.0.11+e9036fd419 (fabric_block_view_api_v2)
		Forgified Fabric Client Tags 1.1.15+e053909619 (fabric_client_tags_api_v1)
		Forgified Fabric Command API (v2) 2.2.28+36d727be19 (fabric_command_api_v2)
		Forgified Fabric Content Registries (v0) 8.0.19+5e0d320019 (fabric_content_registries_v0)
		Forgified Fabric Convention Tags 2.1.5+7f945d5b19 (fabric_convention_tags_v1)
		Forgified Fabric Convention Tags (v2) 2.11.1+87e5848019 (fabric_convention_tags_v2)
		Forgified Fabric Data Attachment API (v1) 1.4.5+26d408aa19 (fabric_data_attachment_api_v1)
		Forgified Fabric Data Generation API (v1) 20.2.34+a4c3605619 (fabric_data_generation_api_v1)
		Forgified Fabric Entity Events (v1) 1.8.0+5ede667619 (fabric_entity_events_v1)
		Forgified Fabric Events Interaction (v0) 0.7.13+86e0887119 (fabric_events_interaction_v0)
		Forgified Fabric Game Rule API (v1) 1.0.53+36d727be19 (fabric_game_rule_api_v1)
		Forgified Fabric Game Test API (v1) 2.0.5+29f188ce19 (fabric_gametest_api_v1)
		Forgified Fabric Item API (v1) 11.2.0+0c57911319 (fabric_item_api_v1)
		Forgified Fabric Item Group API (v1) 4.1.7+e324903319 (fabric_item_group_api_v1)
		Forgified Fabric Key Binding API (v1) 1.0.47+62cc7ce119 (fabric_key_binding_api_v1)
		Forgified Fabric Lifecycle Events (v1) 2.6.0+e40d8add19 (fabric_lifecycle_events_v1)
		Forgified Fabric Loot API (v2) 3.0.15+a3ee712d19 (fabric_loot_api_v2)
		Forgified Fabric Loot API (v3) 1.0.3+333dfad919 (fabric_loot_api_v3)
		Forgified Fabric Message API (v1) 6.0.14+6a754fce19 (fabric_message_api_v1)
		Forgified Fabric Model Loading API (v1) 2.1.0+6e8f52c719 (fabric_model_loading_api_v1)
		Forgified Fabric Networking API (v1) 4.3.0+30a980d919 (fabric_networking_api_v1)
		Forgified Fabric Object Builder API (v1) 15.2.1+cc242efd19 (fabric_object_builder_api_v1)
		Forgified Fabric Particles (v1) 4.0.2+824f924c19 (fabric_particles_v1)
		Forgified Fabric Recipe API (v1) 5.0.15+59440bcc19 (fabric_recipe_api_v1)
		Forgified Fabric Registry Sync (v0) 5.3.1+f9aace1619 (fabric_registry_sync_v0)
		Forgified Fabric Renderer - Indigo 1.7.1+9125b6dc19 (fabric_renderer_indigo)
		Forgified Fabric Renderer API (v1) 3.4.1+9125b6dc19 (fabric_renderer_api_v1)
		Forgified Fabric Rendering (v1) 5.1.0+1a09bd5a19 (fabric_rendering_v1)
		Forgified Fabric Rendering Data Attachment (v1) 0.3.49+73761d2e19 (fabric_rendering_data_attachment_v1)
		Forgified Fabric Rendering Fluids (v1) 3.1.6+a51883b219 (fabric_rendering_fluids_v1)
		Forgified Fabric Resource Conditions API (v1) 4.3.0+5bdd099819 (fabric_resource_conditions_api_v1)
		Forgified Fabric Resource Loader (v0) 1.3.1+4ea8954419 (fabric_resource_loader_v0)
		Forgified Fabric Screen API (v1) 2.0.25+0ae1214819 (fabric_screen_api_v1)
		Forgified Fabric Screen Handler API (v1) 1.3.90+8dbc56dd19 (fabric_screen_handler_api_v1)
		Forgified Fabric Sound API (v1) 1.0.23+10b84f8419 (fabric_sound_api_v1)
		Forgified Fabric Transfer API (v1) 5.4.3+a25cb45619 (fabric_transfer_api_v1)
		Forgified Fabric Transitive Access Wideners (v1) 6.2.0+6c854b6f19 (fabric_transitive_access_wideners_v1)
		Fusion 1.2.12 (fusion)
		Fzzy Config 0.7.6+1.21+neoforge (fzzy_config)
		gaboulibs 1.4 (gaboulibs)
		Gears n' Kinetics 1.0m (gnkinetics)
		GeckoLib 4 4.8.4 (geckolib)
		GlitchCore 2.1.0.2 (glitchcore)
		Greenhouse Config 2.2.3+1.21.1 (greenhouseconfig)
		Greenhouse Config - Night Config 1.1.0 (greenhouseconfig_night_config)
		Greenhouse Config - TOML 1.1.0 (greenhouseconfig_toml)
		Iris 1.8.12-snapshot+mc1.21.1-local (iris)
		Iris Flywheel Compat 2.4.0 (irisflw)
		Jade 15.10.5+neoforge (jade)
		Jade Addons 6.1.0+neoforge (jadeaddons)
		Jade Sable Compat 1.1.0 (sablejade)
		Just Enough Items 19.27.0.340 (jei)
		Kotlin For Forge 5.11.0 (kotlinforforge)
		KumaAPI 21.0.8 (kuma_api)
		Lamb Lanterns 1.0.0 (lamblanterns)
		Lithium 0.15.3+mc1.21.1 (lithium)
		Lithostitched 1.7.7 (lithostitched)
		Minecraft 1.21.1 (minecraft)
		Model Gap Fix 1.21-1.10 (modelfix)
		ModernFix 5.27.8+mc1.21.1 (modernfix)
		More Culling 1.0.7 (moreculling)
		More Delight 26.05.20a-1.21-neoforge (moredelight)
		Mouse Tweaks 2.26.1 (mousetweaks)
		Naturalist 1.0.2 (naturalist)
		NeoForge 21.1.230 (neoforge)
		NetherPortalFix 21.1.1 (netherportalfix)
		Northstar Redux 0.5.4+1.21.1 (northstar)
		NotEnoughAnimations 1.12.3 (notenoughanimations)
		PacketFixer 3.3.1 (packetfixer)
		Patchouli 1.21.1-93-NEOFORGE (patchouli)
		Platform 1.3.3 (platform)
		Polymorph 1.1.0+1.21.1 (polymorph)
		Ponder 1.0.82+mc1.21.1 (ponder)
		Rechiseled 1.2.4 (rechiseled)
		Rechiseled: Create 1.1.0 (rechiseledcreate)
		Reese's Sodium Options 1.8.3+mc1.21.4 (reeses_sodium_options)
		Regions Unexplored 0.6+beta4 (regions_unexplored)
		Ritchie's Projectile Library 2.1.2 (ritchiesprojectilelib)
		Sable 1.2.2 (sable)
		Sable Companion 1.6.0 (sablecompanion)
		Sable: Physics Compat 1.3.0 (sablephysicscompat)
		Sable: Stuff&Additions Compatibility 1.0.1 (sable_sa_compat)
		SableMassView 1.0.0 (sablemassview)
		Searchables 1.0.2 (searchables)
		Serene Seasons 10.1.0.3 (sereneseasons)
		Serene Seasons Plus 4.2.3 (sereneseasonsplus)
		ShulkerBoxTooltip 5.1.9+1.21.1 (shulkerboxtooltip)
		Silent Gear 4.2.1.1 (silentgear)
		Silent Lib 10.6.0 (silentlib)
		Sinytra Connector 2.0.0-beta.14+1.21.1 (connector)
		Sodium 0.6.9+mc1.21.1 (sodium)
		Sodium Dynamic Lights 1.0.9 (sodiumdynamiclights)
		Sodium Extra 0.6.0+mc1.21.1 (sodium_extra)
		Sodium Options API 1.0.10 (sodiumoptionsapi)
		Sodium Options Mod Compat 1.0.0 (sodiumoptionsmodcompat)
		spark 1.10.124 (spark)
		SpectreLib 0.17.2+1.21 (spectrelib)
		Spyglass Improvements 1.5.7 (spyglass_improvements)
		Stoat 1.1 (mr_stoat)
		SuperMartijn642's Config Library 1.1.8 (supermartijn642configlib)
		SuperMartijn642's Core Lib 1.1.21 (supermartijn642corelib)
		Surveyor Map Framework 1.2.4_1.21 (surveyor)
		Tectonic 3.0.22 (tectonic)
		Thirst Was Taken 1.21.1-2.1.5 (thirst)
		Tpsum 0.0.3 (tpsum)
		TRansition 1.0.19 (transition)
		Traveler's Backpack 10.1.36 (travelersbackpack)
		TRender 1.0.13 (trender)
		VanillaBackport 1.1.7.6 (vanillabackport)
		Veil 4.0.0 (veil)
		VS Sable Hose Connectors 0.1.6 (vsfluidlink)
		WhiteNoise 2.2.0 (whitenoise)
		YetAnotherConfigLib 3.8.2+1.21.1-neoforge (yet_another_config_lib_v3)
[21May2026 14:40:46.041] [main/ERROR] [net.neoforged.fml.loading.moddiscovery.ModFile/LOADING]: Access transformer file accesstransformer.cfg provided by mod irisflw does not exist!
[21May2026 14:40:46.667] [main/INFO] [org.sinytra.connector.service.hacks.ModuleLayerMigrator/]: Successfully made module authlib transformable
[21May2026 14:40:46.678] [main/INFO] [org.sinytra.connector.service.hacks.ModuleLayerMigrator/]: Successfully made module brigadier transformable
[21May2026 14:40:48.830] [main/INFO] [mixin/]: Compatibility level set to JAVA_21
[21May2026 14:40:49.363] [main/INFO] [cpw.mods.modlauncher.LaunchServiceHandler/MODLAUNCHER]: Launching target 'forgeclient' with arguments [--version, 1.21.1, --gameDir, C:\Users\Josiah\AppData\Roaming\PrismLauncher\instances\Create Aeronautics\minecraft, --assetsDir, C:\Users\Josiah\AppData\Roaming\PrismLauncher\assets, --uuid, e24fd80478cc4b6381394ceb0fbd4f17, --username, knight4him, --assetIndex, 17, --accessToken, ❄❄❄❄❄❄❄❄, --userType, msa, --versionType, release, --width, 854, --height, 480]
[21May2026 14:40:49.606] [main/INFO] [C2ME Modules Manager/]: Initializing com.ishland.c2me.fixes.worldgen.threading_issues.mixin
[21May2026 14:40:49.770] [main/INFO] [Sodium Extra Config/]: Loaded configuration file for Sodium Extra: 36 options available, 0 override(s) found
[21May2026 14:40:49.771] [main/WARN] [mixin/]: Reference map 'sodium-extra.refmap.json' for sodium-extra.mixins.json could not be read. If this is a development environment you can ignore this message
[21May2026 14:40:49.774] [main/INFO] [C2ME Modules Manager/]: Initializing com.ishland.c2me.rewrites.chunk_serializer.mixin
[21May2026 14:40:49.776] [main/INFO] [C2ME Modules Manager/]: Disabling com.ishland.c2me.rewrites.chunk_serializer.mixin
[21May2026 14:40:49.780] [main/INFO] [C2ME Modules Manager/]: Initializing com.ishland.c2me.fixes.general.threading_issues.mixin
[21May2026 14:40:49.931] [main/INFO] [ModernFix/]: Loaded configuration file for ModernFix 5.27.8+mc1.21.1: 88 options available, 4 override(s) found
[21May2026 14:40:49.932] [main/WARN] [ModernFix/]: Option 'mixin.perf.release_protochunks' overriden (by mods [c2me]) to 'false'
[21May2026 14:40:49.933] [main/WARN] [ModernFix/]: Option 'mixin.bugfix.paper_chunk_patches' overriden (by mods [c2me]) to 'false'
[21May2026 14:40:49.933] [main/WARN] [ModernFix/]: Option 'mixin.perf.cache_strongholds' overriden (by mods [c2me]) to 'false'
[21May2026 14:40:49.933] [main/WARN] [ModernFix/]: Option 'mixin.bugfix.chunk_deadlock' overriden (by mods [c2me]) to 'false'
[21May2026 14:40:49.934] [main/INFO] [ModernFix/]: Applying Nashorn fix
[21May2026 14:40:49.935] [main/INFO] [ModernFix/]: Configuring Minecraft's max.bg.threads option with 19 threads
[21May2026 14:40:49.944] [main/WARN] [mixin/]: Reference map 'modernfix.refmap.json' for modernfix-modernfix.mixins.json could not be read. If this is a development environment you can ignore this message
[21May2026 14:40:49.949] [main/WARN] [mixin/]: Reference map 'iris.refmap.json' for mixins.iris.json could not be read. If this is a development environment you can ignore this message
[21May2026 14:40:49.950] [main/WARN] [mixin/]: Reference map 'iris.refmap.json' for mixins.iris.fantastic.json could not be read. If this is a development environment you can ignore this message
[21May2026 14:40:49.951] [main/WARN] [mixin/]: Reference map 'iris.refmap.json' for mixins.iris.vertexformat.json could not be read. If this is a development environment you can ignore this message
[21May2026 14:40:49.951] [main/WARN] [mixin/]: Reference map 'iris.refmap.json' for iris-batched-entity-rendering.mixins.json could not be read. If this is a development environment you can ignore this message
[21May2026 14:40:49.952] [main/WARN] [mixin/]: Reference map 'iris.refmap.json' for mixins.iris.compat.sodium.json could not be read. If this is a development environment you can ignore this message
[21May2026 14:40:49.982] [main/WARN] [mixin/]: Reference map 'veil.refmap.json' for veil.command.mixins.json could not be read. If this is a development environment you can ignore this message
[21May2026 14:40:49.983] [main/WARN] [mixin/]: Reference map 'veil.refmap.json' for veil.debug.mixins.json could not be read. If this is a development environment you can ignore this message
[21May2026 14:40:49.984] [main/WARN] [mixin/]: Reference map 'veil.refmap.json' for veil.dynamicbuffer.mixins.json could not be read. If this is a development environment you can ignore this message
[21May2026 14:40:49.985] [main/WARN] [mixin/]: Reference map 'veil.refmap.json' for veil.fix.mixins.json could not be read. If this is a development environment you can ignore this message
[21May2026 14:40:49.986] [main/WARN] [mixin/]: Reference map 'veil.refmap.json' for veil.framebuffer.mixins.json could not be read. If this is a development environment you can ignore this message
[21May2026 14:40:49.987] [main/WARN] [mixin/]: Reference map 'veil.refmap.json' for veil.necromancer.mixins.json could not be read. If this is a development environment you can ignore this message
[21May2026 14:40:49.988] [main/WARN] [mixin/]: Reference map 'veil.refmap.json' for veil.network.mixins.json could not be read. If this is a development environment you can ignore this message
[21May2026 14:40:49.988] [main/WARN] [mixin/]: Reference map 'veil.refmap.json' for veil.performance.mixins.json could not be read. If this is a development environment you can ignore this message
[21May2026 14:40:49.989] [main/WARN] [mixin/]: Reference map 'veil.refmap.json' for veil.perspective.mixins.json could not be read. If this is a development environment you can ignore this message
[21May2026 14:40:49.989] [main/WARN] [mixin/]: Reference map 'veil.refmap.json' for veil.pipeline.mixins.json could not be read. If this is a development environment you can ignore this message
[21May2026 14:40:49.989] [main/WARN] [mixin/]: Reference map 'veil.refmap.json' for veil.quasar.mixins.json could not be read. If this is a development environment you can ignore this message
[21May2026 14:40:49.990] [main/WARN] [mixin/]: Reference map 'veil.refmap.json' for veil.registry.mixins.json could not be read. If this is a development environment you can ignore this message
[21May2026 14:40:49.990] [main/WARN] [mixin/]: Reference map 'veil.refmap.json' for veil.rendertype.mixins.json could not be read. If this is a development environment you can ignore this message
[21May2026 14:40:49.991] [main/WARN] [mixin/]: Reference map 'veil.refmap.json' for veil.resource.mixins.json could not be read. If this is a development environment you can ignore this message
[21May2026 14:40:49.991] [main/WARN] [mixin/]: Reference map 'veil.refmap.json' for veil.scheduler.mixins.json could not be read. If this is a development environment you can ignore this message
[21May2026 14:40:49.992] [main/WARN] [mixin/]: Reference map 'veil.refmap.json' for veil.shader.mixins.json could not be read. If this is a development environment you can ignore this message
[21May2026 14:40:49.992] [main/WARN] [mixin/]: Reference map 'veil.refmap.json' for veil.neoforge.mixins.json could not be read. If this is a development environment you can ignore this message
[21May2026 14:40:50.001] [main/WARN] [mixin/]: Reference map 'createdieselgenerators.refmap.json' for createdieselgenerators.mixins.json could not be read. If this is a development environment you can ignore this message
[21May2026 14:40:50.002] [main/WARN] [mixin/]: Reference map 'balm.refmap.json' for balm.mixins.json could not be read. If this is a development environment you can ignore this message
[21May2026 14:40:50.005] [main/INFO] [C2ME Modules Manager/]: Initializing com.ishland.c2me.base.mixin
[21May2026 14:40:50.135] [main/INFO] [C2ME Config System/]: Global Executor Parallelism: 4 configured, 4 evaluated, 4 default evaluated
[21May2026 14:40:50.143] [main/WARN] [mixin/]: Reference map 'supermartijn642corelib.mixins.refmap.json' for supermartijn642corelib.mixins.json could not be read. If this is a development environment you can ignore this message
[21May2026 14:40:50.145] [main/WARN] [mixin/]: Reference map 'reeses-sodium-options.refmap.json' for reeses-sodium-options.mixins.json could not be read. If this is a development environment you can ignore this message
[21May2026 14:40:50.145] [main/INFO] [C2ME Modules Manager/]: Initializing com.ishland.c2me.opts.dfc.mixin
[21May2026 14:40:50.147] [main/INFO] [C2ME Modules Manager/]: Disabling com.ishland.c2me.opts.dfc.mixin
[21May2026 14:40:50.150] [main/WARN] [mixin/]: Reference map 'searchables.refmap.json' for searchables.mixins.json could not be read. If this is a development environment you can ignore this message
[21May2026 14:40:50.151] [main/WARN] [mixin/]: Reference map 'searchables.refmap.json' for searchables.neoforge.mixins.json could not be read. If this is a development environment you can ignore this message
[21May2026 14:40:50.151] [main/WARN] [mixin/]: Reference map 'createlazytick.refmap.json' for createlazytick.mixins.json could not be read. If this is a development environment you can ignore this message
[21May2026 14:40:50.152] [main/WARN] [mixin/]: Reference map 'thirst.refmap.json' for thirst.mixins.json could not be read. If this is a development environment you can ignore this message
[21May2026 14:40:50.158] [main/WARN] [mixin/]: Reference map '' for mixins.sodiumoptionsmodcompat.json could not be read. If this is a development environment you can ignore this message
[21May2026 14:40:50.163] [main/WARN] [mixin/]: Reference map 'jadeaddons.refmap.json' for jadeaddons.mixins.json could not be read. If this is a development environment you can ignore this message
[21May2026 14:40:50.164] [main/WARN] [mixin/]: Reference map 'create_tweaked_controllers.refmap.json' for create_tweaked_controllers.mixins.json could not be read. If this is a development environment you can ignore this message
[21May2026 14:40:50.164] [main/INFO] [C2ME Modules Manager/]: Initializing com.ishland.c2me.threading.lighting.mixin
[21May2026 14:40:50.167] [main/WARN] [mixin/]: Reference map '${mod_id}.refmap.json' for bits_n_bobs.mixins.json could not be read. If this is a development environment you can ignore this message
[21May2026 14:40:50.213] [main/INFO] [LithiumConfig/]: Option 'mixin.experimental.entity.block_caching.suffocation' requires 'mixin.util.block_tracking=true' but found 'false'. Setting 'mixin.experimental.entity.block_caching.suffocation=false'.
[21May2026 14:40:50.213] [main/INFO] [LithiumConfig/]: Option 'mixin.experimental.entity.block_caching.block_support' requires 'mixin.util.block_tracking=true' but found 'false'. Setting 'mixin.experimental.entity.block_caching.block_support=false'.
[21May2026 14:40:50.213] [main/INFO] [LithiumConfig/]: Option 'mixin.experimental.entity.block_caching.block_touching' requires 'mixin.util.block_tracking=true' but found 'false'. Setting 'mixin.experimental.entity.block_caching.block_touching=false'.
[21May2026 14:40:50.213] [main/INFO] [LithiumConfig/]: Option 'mixin.experimental.entity.block_caching' requires 'mixin.util.block_tracking=true' but found 'false'. Setting 'mixin.experimental.entity.block_caching=false'.
[21May2026 14:40:50.213] [main/INFO] [Lithium/]: Loaded configuration file for Lithium: 148 options available, 4 override(s) found
[21May2026 14:40:50.225] [main/WARN] [mixin/]: Reference map 'aeronautics.refmap.json' for aeronautics.mixins.json could not be read. If this is a development environment you can ignore this message
[21May2026 14:40:50.234] [main/WARN] [mixin/]: Reference map 'travelersbackpack.mixins.refmap.json' for travelersbackpack.mixins.json could not be read. If this is a development environment you can ignore this message
[21May2026 14:40:50.238] [main/WARN] [mixin/]: Reference map 'glitchcore.refmap.json' for glitchcore.mixins.json could not be read. If this is a development environment you can ignore this message
[21May2026 14:40:50.239] [main/WARN] [mixin/]: Reference map 'glitchcore.refmap.json' for glitchcore.neoforge.mixins.json could not be read. If this is a development environment you can ignore this message
[21May2026 14:40:50.240] [main/WARN] [mixin/]: Reference map 'sereneseasons.refmap.json' for sereneseasons.mixins.json could not be read. If this is a development environment you can ignore this message
[21May2026 14:40:50.241] [main/WARN] [mixin/]: Reference map 'sereneseasons.refmap.json' for sereneseasons.neoforge.mixins.json could not be read. If this is a development environment you can ignore this message
[21May2026 14:40:50.242] [main/INFO] [C2ME Modules Manager/]: Initializing com.ishland.c2me.rewrites.chunksystem.mixin
[21May2026 14:40:50.263] [main/INFO] [Sodium/]: Loaded configuration file for Sodium: 43 options available, 1 override(s) found
[21May2026 14:40:50.276] [main/WARN] [mixin/]: Reference map 'moreculling.refmap.json' for moreculling.mixins.json could not be read. If this is a development environment you can ignore this message
[21May2026 14:40:50.278] [main/INFO] [C2ME Modules Manager/]: Initializing com.ishland.c2me.opts.worldgen.vanilla.mixin
[21May2026 14:40:50.281] [main/INFO] [C2ME Modules Manager/]: Initializing com.ishland.c2me.opts.scheduling.mixin
[21May2026 14:40:50.289] [main/WARN] [mixin/]: Reference map 'offroad.refmap.json' for offroad.mixins.json could not be read. If this is a development environment you can ignore this message
[21May2026 14:40:50.293] [main/WARN] [mixin/]: Reference map 'emi_create_schematics.refmap.json' for emi_create_schematics.mixins.json could not be read. If this is a development environment you can ignore this message
[21May2026 14:40:50.305] [main/WARN] [mixin/]: Reference map '' for brewinandchewin.mixins.json could not be read. If this is a development environment you can ignore this message
[21May2026 14:40:50.313] [main/WARN] [mixin/]: Reference map 'ponder.refmap.json' for ponder-common.mixins.json could not be read. If this is a development environment you can ignore this message
[21May2026 14:40:50.314] [main/WARN] [mixin/]: Reference map 'polymorph.refmap.json' for polymorph.mixins.json could not be read. If this is a development environment you can ignore this message
[21May2026 14:40:50.316] [main/WARN] [mixin/]: Reference map 'polymorph.refmap.json' for polymorph-compatibility.mixins.json could not be read. If this is a development environment you can ignore this message
[21May2026 14:40:50.316] [main/INFO] [C2ME Modules Manager/]: Initializing com.ishland.c2me.notickvd.mixin
[21May2026 14:40:50.339] [main/WARN] [mixin/]: Reference map 'entityculling.refmap.mixins.json' for entityculling.mixins.json could not be read. If this is a development environment you can ignore this message
[21May2026 14:40:50.350] [main/WARN] [mixin/]: Reference map 'cold_sweat.mixin-refmap.json' for cold_sweat.mixin.json could not be read. If this is a development environment you can ignore this message
[21May2026 14:40:50.353] [main/WARN] [mixin/]: Reference map 'kuma_api.refmap.json' for kuma_api.mixins.json could not be read. If this is a development environment you can ignore this message
[21May2026 14:40:50.355] [main/WARN] [mixin/]: Reference map 'netherportalfix.refmap.json' for netherportalfix.mixins.json could not be read. If this is a development environment you can ignore this message
[21May2026 14:40:50.356] [main/WARN] [mixin/]: Reference map 'geckolib.refmap.json' for geckolib.mixins.json could not be read. If this is a development environment you can ignore this message
[21May2026 14:40:50.358] [main/WARN] [mixin/]: Reference map 'naturalist.refmap.json' for naturalist.mixins.json could not be read. If this is a development environment you can ignore this message
[21May2026 14:40:50.358] [main/INFO] [C2ME Modules Manager/]: Initializing com.ishland.c2me.opts.natives_math.mixin
[21May2026 14:40:50.361] [main/WARN] [C2ME Modules Manager/]: Disabling com.ishland.c2me.opts.natives_math.mixin due to incompatible Java version, see debug logs for details
[21May2026 14:40:50.361] [main/INFO] [C2ME Modules Manager/]: Disabling com.ishland.c2me.opts.natives_math.mixin
[21May2026 14:40:50.365] [main/WARN] [mixin/]: Reference map 'controlling.refmap.json' for controlling.mixins.json could not be read. If this is a development environment you can ignore this message
[21May2026 14:40:50.366] [main/WARN] [mixin/]: Reference map 'controlling.refmap.json' for controlling.neoforge.mixins.json could not be read. If this is a development environment you can ignore this message
[21May2026 14:40:50.369] [main/WARN] [mixin/]: Reference map '' for createsa_tank_fix.mixins.json could not be read. If this is a development environment you can ignore this message
[21May2026 14:40:50.370] [main/INFO] [C2ME Modules Manager/]: Initializing com.ishland.c2me.opts.math.mixin
[21May2026 14:40:50.374] [main/WARN] [mixin/]: Reference map 'simulated.refmap.json' for simulated.mixins.json could not be read. If this is a development environment you can ignore this message
[21May2026 14:40:50.378] [main/WARN] [mixin/]: Reference map 'carryon.refmap.json' for carryon.mixins.json could not be read. If this is a development environment you can ignore this message
[21May2026 14:40:50.389] [main/WARN] [mixin/]: Reference map 'createpickywheels.refmap.json' for createpickywheels.mixins.json could not be read. If this is a development environment you can ignore this message
[21May2026 14:40:50.390] [main/INFO] [C2ME Modules Manager/]: Initializing com.ishland.c2me.fixes.worldgen.vanilla_bugs.mixin
[21May2026 14:40:50.398] [main/WARN] [mixin/]: Reference map 'create_connected.refmap.json' for create_connected.mixins.json could not be read. If this is a development environment you can ignore this message
[21May2026 14:40:50.405] [main/INFO] [C2ME Modules Manager/]: Initializing com.ishland.c2me.fixes.chunkio.threading_issues.mixin
[21May2026 14:40:50.409] [main/INFO] [C2ME Modules Manager/]: Initializing com.ishland.c2me.client.uncapvd.mixin
[21May2026 14:40:50.415] [main/WARN] [mixin/]: Reference map 'patchouli.refmap.json' for patchouli_xplat.mixins.json could not be read. If this is a development environment you can ignore this message
[21May2026 14:40:50.419] [main/WARN] [mixin/]: Reference map 'curios.refmap.json' for curios.neoforge.mixins.json could not be read. If this is a development environment you can ignore this message
[21May2026 14:40:50.420] [main/WARN] [mixin/]: Reference map 'curios.refmap.json' for curios.mixins.json could not be read. If this is a development environment you can ignore this message
[21May2026 14:40:50.421] [main/WARN] [mixin/]: Reference map 'CreateLiquidFuel.refmap.json' for createliquidfuel.mixins.json could not be read. If this is a development environment you can ignore this message
[21May2026 14:40:50.428] [main/INFO] [C2ME Modules Manager/]: Initializing com.ishland.c2me.rewrites.chunkio.mixin
[21May2026 14:40:50.434] [main/INFO] [C2ME Modules Manager/]: Initializing com.ishland.c2me.opts.allocs.mixin
[21May2026 14:40:50.463] [main/WARN] [mixin/]: Reference map 'createcasing.refmap.json' for createcasing.mixins.json could not be read. If this is a development environment you can ignore this message
[21May2026 14:40:50.464] [main/WARN] [mixin/]: Reference map 'dndecor.refmap.json' for dndecor.mixins.json could not be read. If this is a development environment you can ignore this message
[21May2026 14:40:50.469] [main/WARN] [mixin/]: Reference map 'dndesires.refmap.json' for dndesires.mixins.json could not be read. If this is a development environment you can ignore this message
[21May2026 14:40:50.475] [main/INFO] [dev.ryanhcode.sable.mixin.AbstractSableMixinPlugin/]: Using Sodium renderer mixins
[21May2026 14:40:50.476] [main/INFO] [dev.ryanhcode.sable.mixin.AbstractSableMixinPlugin/]: Using Sodium renderer mixins
[21May2026 14:40:50.478] [main/WARN] [mixin/]: Reference map 'pipeorgans.refmap.json' for pipeorgans.mixins.json could not be read. If this is a development environment you can ignore this message
[21May2026 14:40:50.483] [main/WARN] [mixin/]: Reference map 'createpropulsion.refmap.json' for createpropulsion.mixins.json could not be read. If this is a development environment you can ignore this message
[21May2026 14:40:50.511] [main/INFO] [STDOUT/]: [sh.rsap.aeronauticscompat.mixin.AeronauticsCompatMixinPlugin:onLoad:57]: [AeronauticsCompat] Mod detection: sable=true etched=false waterframes=false citadel=false thick_air=false bnb=true simulated=true pneumaticcraft=false cobblemon=false
[21May2026 14:40:50.518] [main/WARN] [mixin/]: Reference map 'comforts.refmap.json' for comforts.mixins.json could not be read. If this is a development environment you can ignore this message
[21May2026 14:40:50.525] [main/WARN] [mixin/]: Reference map 'drivebywire.refmap.json' for drivebywire.mixins.json could not be read. If this is a development environment you can ignore this message
[21May2026 14:40:50.529] [main/WARN] [mixin/]: Reference map '${mod_id}.refmap.json' for regions_unexplored.mixins.json could not be read. If this is a development environment you can ignore this message
[21May2026 14:40:50.531] [main/WARN] [mixin/]: Reference map '${mod_id}.refmap.json' for regions_unexplored.neoforge.mixins.json could not be read. If this is a development environment you can ignore this message
[21May2026 14:40:50.535] [main/INFO] [C2ME Modules Manager/]: Initializing com.ishland.c2me.server.utils.mixin
[21May2026 14:40:50.538] [main/WARN] [mixin/]: Reference map 'we_companion.refmap.json' for sable_sa_compat.mixins.json could not be read. If this is a development environment you can ignore this message
[21May2026 14:40:50.543] [main/WARN] [mixin/]: Reference map 'sereneseasonsplus-refmap.json' for sereneseasonsplus.mixins.json could not be read. If this is a development environment you can ignore this message
[21May2026 14:40:50.545] [main/WARN] [mixin/]: Reference map 'createaddoncompatibility.refmap.json' for createaddoncompatibility.mixins.json could not be read. If this is a development environment you can ignore this message
[21May2026 14:40:50.547] [main/INFO] [C2ME Modules Manager/]: Initializing com.ishland.c2me.opts.worldgen.general.mixin
[21May2026 14:40:50.549] [main/INFO] [C2ME Modules Manager/]: Initializing com.ishland.c2me.opts.chunkio.mixin
[21May2026 14:40:50.553] [main/WARN] [mixin/]: Reference map 'createmetallurgy.refmap.json' for createmetallurgy.mixins.json could not be read. If this is a development environment you can ignore this message
[21May2026 14:40:50.575] [main/WARN] [mixin/]: Reference map '${refmap_target}refmap.json' for ferritecore.predicates.mixin.json could not be read. If this is a development environment you can ignore this message
[21May2026 14:40:50.578] [main/WARN] [mixin/]: Reference map '${refmap_target}refmap.json' for ferritecore.fastmap.mixin.json could not be read. If this is a development environment you can ignore this message
[21May2026 14:40:50.580] [main/WARN] [mixin/]: Reference map '${refmap_target}refmap.json' for ferritecore.mrl.mixin.json could not be read. If this is a development environment you can ignore this message
[21May2026 14:40:50.581] [main/WARN] [mixin/]: Reference map '${refmap_target}refmap.json' for ferritecore.dedupmultipart.mixin.json could not be read. If this is a development environment you can ignore this message
[21May2026 14:40:50.582] [main/WARN] [mixin/]: Reference map '${refmap_target}refmap.json' for ferritecore.blockstatecache.mixin.json could not be read. If this is a development environment you can ignore this message
[21May2026 14:40:50.583] [main/WARN] [mixin/]: Reference map '${refmap_target}refmap.json' for ferritecore.dedupbakedquad.mixin.json could not be read. If this is a development environment you can ignore this message
[21May2026 14:40:50.584] [main/WARN] [mixin/]: Reference map '${refmap_target}refmap.json' for ferritecore.threaddetec.mixin.json could not be read. If this is a development environment you can ignore this message
[21May2026 14:40:50.585] [main/WARN] [mixin/]: Reference map '${refmap_target}refmap.json' for ferritecore.modelsides.mixin.json could not be read. If this is a development environment you can ignore this message
[21May2026 14:40:50.586] [main/WARN] [mixin/]: Reference map '${refmap_target}refmap.json' for ferritecore.datacomponents.mixin.json could not be read. If this is a development environment you can ignore this message
[21May2026 14:40:50.586] [main/WARN] [mixin/]: Reference map '${refmap_target}refmap.json' for ferritecore.accessors.mixin.json could not be read. If this is a development environment you can ignore this message
[21May2026 14:40:50.587] [main/WARN] [mixin/]: Reference map 'yet_another_config_lib_v3.refmap.json' for yacl.mixins.json could not be read. If this is a development environment you can ignore this message
[21May2026 14:40:50.605] [main/INFO] [dev.tonimatas.packetfixer.mixins.v1_20_5_neoforge.MixinPlugin/]: Packet Fixer neoforge 1.20.5-1.21.X has been applied successfully.
[21May2026 14:40:50.630] [main/WARN] [mixin/]: Reference map '' for adapter.init.mixins.json could not be read. If this is a development environment you can ignore this message
[21May2026 14:40:51.509] [main/WARN] [mixin/]: Error loading class: com/portingdeadmods/cable_facades/events/GameClientEvents$2 (java.lang.ClassNotFoundException: com.portingdeadmods.cable_facades.events.GameClientEvents$2)
[21May2026 14:40:51.514] [main/WARN] [mixin/]: Error loading class: com/direwolf20/justdirethings/client/renderers/OurRenderTypes (java.lang.ClassNotFoundException: com.direwolf20.justdirethings.client.renderers.OurRenderTypes)
[21May2026 14:40:51.517] [main/WARN] [mixin/]: Error loading class: mekanism/client/render/entity/RenderFlame (java.lang.ClassNotFoundException: mekanism.client.render.entity.RenderFlame)
[21May2026 14:40:51.520] [main/WARN] [mixin/]: Error loading class: mekanism/client/render/armor/MekaSuitArmor (java.lang.ClassNotFoundException: mekanism.client.render.armor.MekaSuitArmor)
[21May2026 14:40:51.523] [main/WARN] [mixin/]: Error loading class: mekanism/client/render/lib/effect/BillboardingEffectRenderer (java.lang.ClassNotFoundException: mekanism.client.render.lib.effect.BillboardingEffectRenderer)
[21May2026 14:40:51.527] [main/WARN] [mixin/]: Error loading class: blusunrize/immersiveengineering/client/utils/IEGLShaders (java.lang.ClassNotFoundException: blusunrize.immersiveengineering.client.utils.IEGLShaders)
[21May2026 14:40:51.899] [main/WARN] [mixin/]: Error loading class: jeresources/api/util/BiomeHelper (java.lang.ClassNotFoundException: jeresources.api.util.BiomeHelper)
[21May2026 14:40:52.024] [main/WARN] [mixin/]: Error loading class: toughasnails/item/EmptyCanteenItem (java.lang.ClassNotFoundException: toughasnails.item.EmptyCanteenItem)
[21May2026 14:40:52.024] [main/WARN] [mixin/]: @Mixin target toughasnails.item.EmptyCanteenItem was not found thirst.mixins.json:toughasnails.MixinEmptyCanteenItem from mod thirst
[21May2026 14:40:52.027] [main/WARN] [mixin/]: Error loading class: toughasnails/config/ThirstConfig (java.lang.ClassNotFoundException: toughasnails.config.ThirstConfig)
[21May2026 14:40:52.028] [main/WARN] [mixin/]: @Mixin target toughasnails.config.ThirstConfig was not found thirst.mixins.json:toughasnails.MixinServerConfig from mod thirst
[21May2026 14:40:52.031] [main/WARN] [mixin/]: Error loading class: toughasnails/thirst/ThirstHandler (java.lang.ClassNotFoundException: toughasnails.thirst.ThirstHandler)
[21May2026 14:40:52.031] [main/WARN] [mixin/]: @Mixin target toughasnails.thirst.ThirstHandler was not found thirst.mixins.json:toughasnails.MixinThirstHandler from mod thirst
[21May2026 14:40:52.034] [main/WARN] [mixin/]: Error loading class: toughasnails/thirst/ThirstHelperImpl (java.lang.ClassNotFoundException: toughasnails.thirst.ThirstHelperImpl)
[21May2026 14:40:52.034] [main/WARN] [mixin/]: @Mixin target toughasnails.thirst.ThirstHelperImpl was not found thirst.mixins.json:toughasnails.MixinThirstHelperImpl from mod thirst
[21May2026 14:40:52.038] [main/WARN] [mixin/]: Error loading class: toughasnails/client/handler/TooltipHandler (java.lang.ClassNotFoundException: toughasnails.client.handler.TooltipHandler)
[21May2026 14:40:52.038] [main/WARN] [mixin/]: @Mixin target toughasnails.client.handler.TooltipHandler was not found thirst.mixins.json:toughasnails.MixinTooltipHandler from mod thirst
[21May2026 14:40:52.104] [main/WARN] [mixin/]: Error loading class: xfacthd/framedblocks/common/blockentity/doubled/slab/FramedAdjustableDoubleBlockEntity (java.lang.ClassNotFoundException: xfacthd.framedblocks.common.blockentity.doubled.slab.FramedAdjustableDoubleBlockEntity)
[21May2026 14:40:52.104] [main/WARN] [mixin/]: @Mixin target xfacthd.framedblocks.common.blockentity.doubled.slab.FramedAdjustableDoubleBlockEntity was not found createbigcannons.mixins.json:compat.framedblocks.FramedAdjustableDoubleBlockEntityAccessor from mod createbigcannons
[21May2026 14:40:52.114] [main/WARN] [mixin/]: Error loading class: ca/spottedleaf/starlight/common/thread/SchedulingUtil (java.lang.ClassNotFoundException: ca.spottedleaf.starlight.common.thread.SchedulingUtil)
[21May2026 14:40:52.198] [main/INFO] [Lithium/]: Force-disabling mixin 'entity.collisions.unpushable_cramming.EntityMixin' as rule 'mixin.entity.collisions.unpushable_cramming' (added by mods [sable]) disables it and children
[21May2026 14:40:52.198] [main/INFO] [Lithium/]: Force-disabling mixin 'entity.collisions.unpushable_cramming.EntitySectionMixin' as rule 'mixin.entity.collisions.unpushable_cramming' (added by mods [sable]) disables it and children
[21May2026 14:40:52.198] [main/INFO] [Lithium/]: Force-disabling mixin 'entity.collisions.unpushable_cramming.EntitySelectorMixin' as rule 'mixin.entity.collisions.unpushable_cramming' (added by mods [sable]) disables it and children
[21May2026 14:40:52.199] [main/INFO] [Lithium/]: Force-disabling mixin 'entity.collisions.unpushable_cramming.LivingEntityMixin' as rule 'mixin.entity.collisions.unpushable_cramming' (added by mods [sable]) disables it and children
[21May2026 14:40:52.216] [main/INFO] [Lithium/]: Force-disabling mixin 'world.chunk_access.ChunkHolderMixin' as rule 'mixin.world.chunk_access' (added by mods [sable]) disables it and children
[21May2026 14:40:52.216] [main/INFO] [Lithium/]: Force-disabling mixin 'world.chunk_access.GenerationChunkHolderAccessor' as rule 'mixin.world.chunk_access' (added by mods [sable]) disables it and children
[21May2026 14:40:52.216] [main/INFO] [Lithium/]: Force-disabling mixin 'world.chunk_access.LevelMixin' as rule 'mixin.world.chunk_access' (added by mods [sable]) disables it and children
[21May2026 14:40:52.217] [main/INFO] [Lithium/]: Force-disabling mixin 'world.chunk_access.ServerChunkCacheMixin' as rule 'mixin.world.chunk_access' (added by mods [sable]) disables it and children
[21May2026 14:40:52.217] [main/INFO] [Lithium/]: Force-disabling mixin 'world.chunk_ticking.spread_ice.BiomeMixin' as rule 'mixin.world.chunk_ticking' (added by mods [sable]) disables it and children
[21May2026 14:40:52.221] [main/INFO] [Lithium/]: Force-disabling mixin 'world.tick_scheduler.LevelChunkTicksMixin' as rule 'mixin.world.tick_scheduler' (added by mods [sable]) disables it and children
[21May2026 14:40:52.384] [main/WARN] [Sodium/]: Force-disabling mixin 'features.render.world.sky.FogRendererMixin' as rule 'mixin.features.render.world.sky' (added by mods [iris]) disables it and children
[21May2026 14:40:52.385] [main/WARN] [Sodium/]: Force-disabling mixin 'features.render.world.sky.ClientLevelMixin' as rule 'mixin.features.render.world.sky' (added by mods [iris]) disables it and children
[21May2026 14:40:52.385] [main/WARN] [Sodium/]: Force-disabling mixin 'features.render.world.sky.LevelRendererMixin' as rule 'mixin.features.render.world.sky' (added by mods [iris]) disables it and children
[21May2026 14:40:52.469] [main/INFO] [C2ME Config System/]: Disabling config vanillaWorldGenOptimizations.useEndBiomeCache: Incompatible with biolith@3.0.11 (*) (defined in c2me)
[21May2026 14:40:52.760] [main/WARN] [mixin/]: Error loading class: com/mrbysco/spoiled/config/SpoiledConfigCache (java.lang.ClassNotFoundException: com.mrbysco.spoiled.config.SpoiledConfigCache)
[21May2026 14:40:52.760] [main/WARN] [mixin/]: @Mixin target com.mrbysco.spoiled.config.SpoiledConfigCache was not found cold_sweat.mixin.json:compat.MixinSpoiledIcebox$ContainerModifier from mod cold_sweat
[21May2026 14:40:52.940] [main/WARN] [mixin/]: Error loading class: me/jellysquid/mods/sodium/client/model/light/data/ArrayLightDataCache (java.lang.ClassNotFoundException: me.jellysquid.mods.sodium.client.model.light.data.ArrayLightDataCache)
[21May2026 14:40:52.943] [main/WARN] [mixin/]: Error loading class: me/jellysquid/mods/sodium/client/model/light/flat/FlatLightPipeline (java.lang.ClassNotFoundException: me.jellysquid.mods.sodium.client.model.light.flat.FlatLightPipeline)
[21May2026 14:40:52.946] [main/WARN] [mixin/]: Error loading class: me/jellysquid/mods/sodium/client/model/light/data/LightDataAccess (java.lang.ClassNotFoundException: me.jellysquid.mods.sodium.client.model.light.data.LightDataAccess)
[21May2026 14:40:52.979] [main/WARN] [mixin/]: Error loading class: me/jellysquid/mods/lithium/common/ai/pathing/PathNodeDefaults (java.lang.ClassNotFoundException: me.jellysquid.mods.lithium.common.ai.pathing.PathNodeDefaults)
[21May2026 14:40:53.054] [main/WARN] [mixin/]: Error loading class: net/raphimc/immediatelyfast/feature/core/BatchableBufferSource (java.lang.ClassNotFoundException: net.raphimc.immediatelyfast.feature.core.BatchableBufferSource)
[21May2026 14:40:53.057] [main/WARN] [mixin/]: Error loading class: dev/tr7zw/skinlayers/render/CustomizableModelPart (java.lang.ClassNotFoundException: dev.tr7zw.skinlayers.render.CustomizableModelPart)
[21May2026 14:40:53.081] [main/WARN] [mixin/]: Error loading class: me/jellysquid/mods/sodium/client/gui/SodiumGameOptionPages (java.lang.ClassNotFoundException: me.jellysquid.mods.sodium.client.gui.SodiumGameOptionPages)
[21May2026 14:40:53.083] [main/WARN] [mixin/]: Error loading class: net/caffeinemc/sodium/config/user/UserConfigCategories (java.lang.ClassNotFoundException: net.caffeinemc.sodium.config.user.UserConfigCategories)
[21May2026 14:40:53.085] [main/WARN] [mixin/]: Error loading class: net/vulkanmod/config/option/Options (java.lang.ClassNotFoundException: net.vulkanmod.config.option.Options)
[21May2026 14:40:53.175] [main/WARN] [mixin/]: Error loading class: me/jellysquid/mods/lithium/common/ai/pathing/PathNodeDefaults (java.lang.ClassNotFoundException: me.jellysquid.mods.lithium.common.ai.pathing.PathNodeDefaults)
[21May2026 14:40:53.725] [main/WARN] [mixin/]: Error loading class: com/mrh0/createaddition/blocks/liquid_blaze_burner/LiquidBlazeBurnerBlock (java.lang.ClassNotFoundException: com.mrh0.createaddition.blocks.liquid_blaze_burner.LiquidBlazeBurnerBlock)
[21May2026 14:40:54.099] [main/WARN] [mixin/]: Error loading class: me/jellysquid/mods/sodium/client/model/light/data/ArrayLightDataCache (java.lang.ClassNotFoundException: me.jellysquid.mods.sodium.client.model.light.data.ArrayLightDataCache)
[21May2026 14:40:54.102] [main/WARN] [mixin/]: Error loading class: me/jellysquid/mods/sodium/client/model/light/data/ArrayLightDataCache (java.lang.ClassNotFoundException: me.jellysquid.mods.sodium.client.model.light.data.ArrayLightDataCache)
[21May2026 14:40:54.104] [main/WARN] [mixin/]: Error loading class: me/jellysquid/mods/sodium/client/model/light/flat/FlatLightPipeline (java.lang.ClassNotFoundException: me.jellysquid.mods.sodium.client.model.light.flat.FlatLightPipeline)
[21May2026 14:40:54.106] [main/WARN] [mixin/]: Error loading class: me/jellysquid/mods/sodium/client/model/light/flat/FlatLightPipeline (java.lang.ClassNotFoundException: me.jellysquid.mods.sodium.client.model.light.flat.FlatLightPipeline)
[21May2026 14:40:54.108] [main/WARN] [mixin/]: Error loading class: me/jellysquid/mods/sodium/client/model/light/data/LightDataAccess (java.lang.ClassNotFoundException: me.jellysquid.mods.sodium.client.model.light.data.LightDataAccess)
[21May2026 14:40:54.110] [main/WARN] [mixin/]: Error loading class: me/jellysquid/mods/sodium/client/model/light/data/LightDataAccess (java.lang.ClassNotFoundException: me.jellysquid.mods.sodium.client.model.light.data.LightDataAccess)
[21May2026 14:40:54.135] [main/WARN] [mixin/]: Error loading class: me/jellysquid/mods/sodium/client/gui/SodiumGameOptionPages (java.lang.ClassNotFoundException: me.jellysquid.mods.sodium.client.gui.SodiumGameOptionPages)
[21May2026 14:40:54.136] [main/WARN] [mixin/]: Error loading class: net/caffeinemc/sodium/config/user/UserConfigCategories (java.lang.ClassNotFoundException: net.caffeinemc.sodium.config.user.UserConfigCategories)
[21May2026 14:40:54.139] [main/WARN] [mixin/]: Error loading class: me/jellysquid/mods/sodium/client/gui/SodiumGameOptionPages (java.lang.ClassNotFoundException: me.jellysquid.mods.sodium.client.gui.SodiumGameOptionPages)
[21May2026 14:40:54.140] [main/WARN] [mixin/]: Error loading class: net/caffeinemc/sodium/config/user/UserConfigCategories (java.lang.ClassNotFoundException: net.caffeinemc.sodium.config.user.UserConfigCategories)
[21May2026 14:40:54.177] [main/WARN] [mixin/]: Error loading class: org/jetbrains/annotations/ApiStatus$ScheduledForRemoval (java.lang.ClassNotFoundException: org.jetbrains.annotations.ApiStatus$ScheduledForRemoval)
[21May2026 14:40:54.245] [main/WARN] [mixin/]: Error loading class: org/jetbrains/annotations/ApiStatus$Internal (java.lang.ClassNotFoundException: org.jetbrains.annotations.ApiStatus$Internal)
[21May2026 14:40:54.257] [main/WARN] [mixin/]: Error loading class: com/mrh0/createaddition/blocks/liquid_blaze_burner/LiquidBlazeBurnerBlock (java.lang.ClassNotFoundException: com.mrh0.createaddition.blocks.liquid_blaze_burner.LiquidBlazeBurnerBlock)
[21May2026 14:40:54.259] [main/WARN] [mixin/]: Error loading class: com/mrh0/createaddition/blocks/liquid_blaze_burner/LiquidBlazeBurnerBlock (java.lang.ClassNotFoundException: com.mrh0.createaddition.blocks.liquid_blaze_burner.LiquidBlazeBurnerBlock)
[21May2026 14:40:54.274] [main/INFO] [MixinExtras|Service/]: Initializing MixinExtras via com.llamalad7.mixinextras.service.MixinExtrasServiceImpl(version=0.5.3).
[21May2026 14:40:55.265] [main/INFO] [dev.su5ed.sinytra.connectorextras.emibridge.EMIBridge/]: Injecting EMI API classes
[21May2026 14:40:57.587] [Datafixer Bootstrap/INFO] [com.mojang.datafixers.DataFixerBuilder/]: 229 Datafixer optimizations took 322 milliseconds
[21May2026 14:40:58.219] [pool-25-thread-1/INFO] [net.minecraft.server.Bootstrap/]: ModernFix reached bootstrap stage (20.01 s after launch)
[21May2026 14:40:59.936] [pool-25-thread-1/WARN] [mixin/]: Static binding violation: PRIVATE @Overwrite method getTemperature in modernfix-modernfix.mixins.json:perf.remove_biome_temperature_cache.BiomeMixin from mod modernfix cannot reduce visibiliy of PUBLIC target method, visibility will be upgraded.
[21May2026 14:40:59.941] [pool-25-thread-1/WARN] [mixin/]: Method overwrite conflict for getTemperature in lithium.mixins.json:world.temperature_cache.BiomeMixin from mod lithium, previously written by org.embeddedt.modernfix.common.mixin.perf.remove_biome_temperature_cache.BiomeMixin. Skipping method.
[21May2026 14:41:02.054] [pool-25-thread-1/WARN] [mixin/]: Method overwrite conflict for getEntries in emi_loot.mixins.json:LootPoolAccessor from mod emi_loot, previously written by com.blackgear.platform.core.mixin.neoforge.LootPoolMixin. Skipping method.
[21May2026 14:41:02.055] [pool-25-thread-1/WARN] [mixin/]: Method overwrite conflict for getEntries in createdieselgenerators.mixins.json:LootPoolAccessor from mod createdieselgenerators, previously written by com.blackgear.platform.core.mixin.neoforge.LootPoolMixin. Skipping method.
[21May2026 14:41:02.867] [pool-25-thread-1/INFO] [net.minecraft.server.Bootstrap/]: Vanilla bootstrap took 4628 milliseconds
[21May2026 14:41:03.586] [Render thread/WARN] [net.minecraft.server.packs.VanillaPackResourcesBuilder/]: Assets URL 'union:/C:/Users/Josiah/AppData/Roaming/PrismLauncher/libraries/net/minecraft/client/1.21.1-20240808.144430/client-1.21.1-20240808.144430-srg.jar%23373!/assets/.mcassetsroot' uses unexpected schema
[21May2026 14:41:03.586] [Render thread/WARN] [net.minecraft.server.packs.VanillaPackResourcesBuilder/]: Assets URL 'union:/C:/Users/Josiah/AppData/Roaming/PrismLauncher/libraries/net/minecraft/client/1.21.1-20240808.144430/client-1.21.1-20240808.144430-srg.jar%23373!/data/.mcassetsroot' uses unexpected schema
[21May2026 14:41:03.676] [Render thread/INFO] [com.mojang.authlib.yggdrasil.YggdrasilAuthenticationService/]: Environment: Environment[sessionHost=https://sessionserver.mojang.com, servicesHost=https://api.minecraftservices.com, name=PROD]
[21May2026 14:41:03.693] [Render thread/INFO] [net.minecraft.client.Minecraft/]: Setting user: knight4him
[21May2026 14:41:03.985] [Render thread/INFO] [surveyor/]: [Surveyor] is not a map mod
[21May2026 14:41:04.045] [Render thread/INFO] [surveyor/]: [Surveyor Client] is not a map mod either
[21May2026 14:41:04.315] [Render thread/INFO] [antiquetrains/]: Initializing Antique Trains client
[21May2026 14:41:04.516] [Render thread/INFO] [net.minecraft.client.Minecraft/]: Backend library: LWJGL version 3.3.3+5
[21May2026 14:41:04.563] [Render thread/INFO] [com.mojang.blaze3d.platform.Window/]: OpenGL Vendor: Intel
[21May2026 14:41:04.563] [Render thread/INFO] [com.mojang.blaze3d.platform.Window/]: OpenGL Renderer: Intel(R) Arc(TM) Graphics
[21May2026 14:41:04.563] [Render thread/INFO] [com.mojang.blaze3d.platform.Window/]: OpenGL Version: 4.6.0 - Build 32.0.101.8509
[21May2026 14:41:04.769] [Render thread/INFO] [Iris/]: Debug functionality is disabled.
[21May2026 14:41:04.772] [Render thread/INFO] [Iris/]: OpenGL 4.5 detected, enabling DSA.
[21May2026 14:41:04.796] [Render thread/INFO] [Iris/]: Shaders are disabled because enableShaders is set to false in iris.properties
[21May2026 14:41:04.902] [ForkJoinPool.commonPool-worker-20/WARN] [Iris/]: [Iris Update Check] This version doesn't have an update index, skipping.
[21May2026 14:41:05.019] [modloading-worker-0/INFO] [Veil/]: Veil is initializing.
[21May2026 14:41:05.028] [modloading-worker-0/INFO] [dev.su5ed.sinytra.connectorextras.terrablenderbridge.TerraBlenderBridge/]: Injecting TerraBlender API classes
[21May2026 14:41:05.028] [modloading-worker-0/WARN] [dev.su5ed.sinytra.connectorextras.util.HackyModuleInjector/]: Module terrablender is not present, skipping class injection
[21May2026 14:41:05.028] [modloading-worker-0/INFO] [net.orion.create_cold_sweat.CreateColdSweat/]: Registering to events..
[21May2026 14:41:05.034] [modloading-worker-0/INFO] [biolith/]: Biolith for NeoForge is initializing...
[21May2026 14:41:05.123] [modloading-worker-0/INFO] [Create Deco/]: Registering items for Create Deco
[21May2026 14:41:05.250] [modloading-worker-0/INFO] [net.orion.create_cold_sweat.CreateColdSweat/]: Event registering complete.
[21May2026 14:41:05.252] [modloading-worker-0/INFO] [net.neoforged.neoforge.common.NeoForgeMod/NEOFORGE-MOD]: NeoForge mod loading, version 21.1.230, for MC 1.21.1
[21May2026 14:41:05.298] [modloading-worker-0/INFO] [net.pinkcats.createlazytick.CreateLazyTick/]: [CreateLazyTick][ClientBootstrap] client environment detected, starting client bootstrap
[21May2026 14:41:05.302] [modloading-worker-0/INFO] [net.pinkcats.createlazytick.CreateLazyTick/]: [CreateLazyTick][ClientBootstrap] loading ClientInit via reflection
[21May2026 14:41:05.305] [modloading-worker-0/INFO] [net.pinkcats.createlazytick.CreateLazyTick/]: [CreateLazyTick][ClientInit] registering client hooks
[21May2026 14:41:05.322] [modloading-worker-0/INFO] [net.pinkcats.createlazytick.CreateLazyTick/]: [CreateLazyTick][ClientInit] goggles predicate registered
[21May2026 14:41:05.325] [modloading-worker-0/INFO] [net.pinkcats.createlazytick.CreateLazyTick/]: [CreateLazyTick][ClientInit] config screen extension registered
[21May2026 14:41:05.325] [modloading-worker-0/INFO] [net.pinkcats.createlazytick.CreateLazyTick/]: [CreateLazyTick][ClientBootstrap] ClientInit.initClient completed
[21May2026 14:41:05.469] [modloading-worker-0/INFO] [net.fabricmc.fabric.impl.client.indigo.Indigo/]: [Indigo] Different rendering plugin detected; not applying Indigo.
[21May2026 14:41:05.617] [modloading-worker-0/INFO] [Create Deco/]: Registering blocks for Create Deco
[21May2026 14:41:05.669] [modloading-worker-0/INFO] [com.leclowndu93150.corpsecurioscompat.Main/]: Hello from Corpse Curios Compat!
[21May2026 14:41:05.709] [modloading-worker-0/INFO] [Create Deco/]: Populating connected texture maps...
[21May2026 14:41:05.858] [modloading-worker-0/WARN] [mixin/]: Error loading class: com/mrh0/createaddition/blocks/liquid_blaze_burner/LiquidBlazeBurnerBlock (java.lang.ClassNotFoundException: com.mrh0.createaddition.blocks.liquid_blaze_burner.LiquidBlazeBurnerBlock)
[21May2026 14:41:05.865] [modloading-worker-0/INFO] [glitchcore/]: Registered synced config with path sereneseasons/fertility.toml
[21May2026 14:41:05.865] [modloading-worker-0/INFO] [glitchcore/]: Registered synced config with path sereneseasons/seasons.toml
[21May2026 14:41:05.913] [modloading-worker-0/WARN] [patchouli/]: Could not locate JEI keybindings, lookups in books may not work
[21May2026 14:41:06.023] [modloading-worker-0/INFO] [STDOUT/]: [yalter.mousetweaks.Logger:Log:6]: [Mouse Tweaks] Main.initialize()
[21May2026 14:41:06.048] [modloading-worker-0/INFO] [STDOUT/]: [yalter.mousetweaks.Logger:Log:6]: [Mouse Tweaks] Initialized.
[21May2026 14:41:06.421] [modloading-worker-0/INFO] [mcqoy/]: [McQoy] I’m beginning to think I can cure a rainy day!
[21May2026 14:41:06.924] [modloading-worker-0/WARN] [mixin/]: Error loading class: org/objectweb/asm/Type (java.lang.ClassNotFoundException: org.objectweb.asm.Type)
[21May2026 14:41:06.956] [modloading-worker-0/INFO] [mezz.jei.library.load.PluginCaller/]: Sending ConfigManager...
[21May2026 14:41:06.970] [modloading-worker-0/INFO] [com.simibubi.create.Create/]: Create 6.0.10 initializing! Commit hash: ac0c444d9828da3453ae8cc65338e8de063286fb
[21May2026 14:41:06.982] [modloading-worker-0/INFO] [mezz.jei.library.load.PluginCaller/]: Sending ConfigManager took 21.76 milliseconds
[21May2026 14:41:07.109] [modloading-worker-0/WARN] [mixin/]: @Inject(@At("INVOKE")) Shift.BY=2 on cold_sweat.mixin.json:MixinRegistration from mod cold_sweat::handler$ebm000$cold_sweat$loadRegistryContents exceeds the maximum allowed value: 0. Increase the value of maxShiftBy to suppress this warning.
[21May2026 14:41:07.232] [modloading-worker-0/INFO] [Entity Texture Features/]: Loading Entity Texture Features, you just lost the game.
[21May2026 14:41:07.323] [modloading-worker-0/INFO] [Entity Texture Features/]: [ETF]: Modifying ETF Render State constructor because: for EMF
[21May2026 14:41:07.323] [modloading-worker-0/INFO] [traben.entity_model_features.EMF/]: Loading Entity Model Features, 0% Opti, 70% Fine.
[21May2026 14:41:07.456] [modloading-worker-0/INFO] [me.juancarloscp52.spyglass_improvements.client.SpyglassImprovementsClient/]: Spyglass Improvements Client Initialized
[21May2026 14:41:07.545] [modloading-worker-0/INFO] [LambLanterns/]: Lamb Lanterns v1.0.0 loaded
[21May2026 14:41:07.545] [modloading-worker-0/INFO] [LambLanterns/]:   lantern slot attached to player; lanterns are tagged #curios:lantern
[21May2026 14:41:07.545] [modloading-worker-0/INFO] [LambLanterns/]:   LambDynamicLights: not installed - lanterns wearable but won't light up
[21May2026 14:41:07.645] [modloading-worker-0/WARN] [mixin/]: Discarding @Unique public method rotate in copycats-neoforge.mixins.json:foundation.copycat.CopycatBlockMixin from mod copycats because it already exists in com.copycatsplus.copycats.content.copycat.fluid_pipe.CopycatGlassFluidPipeBlock
[21May2026 14:41:07.645] [modloading-worker-0/WARN] [mixin/]: Discarding @Unique public method mirror in copycats-neoforge.mixins.json:foundation.copycat.CopycatBlockMixin from mod copycats because it already exists in com.copycatsplus.copycats.content.copycat.fluid_pipe.CopycatGlassFluidPipeBlock
[21May2026 14:41:07.645] [modloading-worker-0/WARN] [mixin/]: Discarding @Unique public method useItemOn in copycats-neoforge.mixins.json:foundation.copycat.CopycatBlockMixin from mod copycats because it already exists in com.copycatsplus.copycats.content.copycat.fluid_pipe.CopycatGlassFluidPipeBlock
[21May2026 14:41:07.645] [modloading-worker-0/WARN] [mixin/]: Discarding @Unique public method useWithoutItem in copycats-neoforge.mixins.json:foundation.copycat.CopycatBlockMixin from mod copycats because it already exists in com.copycatsplus.copycats.content.copycat.fluid_pipe.CopycatGlassFluidPipeBlock
[21May2026 14:41:07.652] [modloading-worker-0/WARN] [mixin/]: Discarding @Unique public method rotate in copycats-neoforge.mixins.json:foundation.copycat.CopycatBlockMixin from mod copycats because it already exists in com.copycatsplus.copycats.content.copycat.door.CopycatDoorBlock
[21May2026 14:41:07.653] [modloading-worker-0/WARN] [mixin/]: Discarding @Unique public method mirror in copycats-neoforge.mixins.json:foundation.copycat.CopycatBlockMixin from mod copycats because it already exists in com.copycatsplus.copycats.content.copycat.door.CopycatDoorBlock
[21May2026 14:41:07.653] [modloading-worker-0/WARN] [mixin/]: Discarding @Unique public method useItemOn in copycats-neoforge.mixins.json:foundation.copycat.CopycatBlockMixin from mod copycats because it already exists in com.copycatsplus.copycats.content.copycat.door.CopycatDoorBlock
[21May2026 14:41:07.653] [modloading-worker-0/WARN] [mixin/]: Discarding @Unique public method useWithoutItem in copycats-neoforge.mixins.json:foundation.copycat.CopycatBlockMixin from mod copycats because it already exists in com.copycatsplus.copycats.content.copycat.door.CopycatDoorBlock
[21May2026 14:41:07.657] [modloading-worker-0/INFO] [irisflw/]: IrisFLW backends initialized: dev.engine_room.flywheel.lib.backend.SimpleBackend@252850b2
[21May2026 14:41:07.664] [modloading-worker-0/WARN] [mixin/]: Discarding @Unique public method rotate in copycats-neoforge.mixins.json:foundation.copycat.multistate.MultiStateCopycatBlockMixin from mod copycats because it already exists in com.copycatsplus.copycats.foundation.copycat.multistate.MultiStateCopycatBlock
[21May2026 14:41:07.664] [modloading-worker-0/WARN] [mixin/]: Discarding @Unique public method mirror in copycats-neoforge.mixins.json:foundation.copycat.multistate.MultiStateCopycatBlockMixin from mod copycats because it already exists in com.copycatsplus.copycats.foundation.copycat.multistate.MultiStateCopycatBlock
[21May2026 14:41:07.664] [modloading-worker-0/WARN] [mixin/]: Discarding @Unique public method useItemOn in copycats-neoforge.mixins.json:foundation.copycat.multistate.MultiStateCopycatBlockMixin from mod copycats because it already exists in com.copycatsplus.copycats.foundation.copycat.multistate.MultiStateCopycatBlock
[21May2026 14:41:07.664] [modloading-worker-0/WARN] [mixin/]: Discarding @Unique public method useWithoutItem in copycats-neoforge.mixins.json:foundation.copycat.multistate.MultiStateCopycatBlockMixin from mod copycats because it already exists in com.copycatsplus.copycats.foundation.copycat.multistate.MultiStateCopycatBlock
[21May2026 14:41:07.693] [modloading-worker-0/WARN] [mixin/]: Discarding @Unique public method rotate in copycats-neoforge.mixins.json:foundation.copycat.CopycatBlockMixin from mod copycats because it already exists in com.copycatsplus.copycats.content.copycat.sliding_door.CopycatSlidingDoorBlock
[21May2026 14:41:07.693] [modloading-worker-0/WARN] [mixin/]: Discarding @Unique public method mirror in copycats-neoforge.mixins.json:foundation.copycat.CopycatBlockMixin from mod copycats because it already exists in com.copycatsplus.copycats.content.copycat.sliding_door.CopycatSlidingDoorBlock
[21May2026 14:41:07.693] [modloading-worker-0/WARN] [mixin/]: Discarding @Unique public method useItemOn in copycats-neoforge.mixins.json:foundation.copycat.CopycatBlockMixin from mod copycats because it already exists in com.copycatsplus.copycats.content.copycat.sliding_door.CopycatSlidingDoorBlock
[21May2026 14:41:07.693] [modloading-worker-0/WARN] [mixin/]: Discarding @Unique public method useWithoutItem in copycats-neoforge.mixins.json:foundation.copycat.CopycatBlockMixin from mod copycats because it already exists in com.copycatsplus.copycats.content.copycat.sliding_door.CopycatSlidingDoorBlock
[21May2026 14:41:07.701] [modloading-worker-0/INFO] [STDOUT/]: [dev.tr7zw.trender.gui.impl.client.LibGuiClient:onInitializeClient:36]: [LibGui] Initializing Client...
[21May2026 14:41:07.723] [modloading-worker-0/INFO] [entity_sound_features/]: [ESF (Entity Sound Features)] initialized.
[21May2026 14:41:07.775] [modloading-worker-0/WARN] [mixin/]: Discarding @Unique public method rotate in copycats-neoforge.mixins.json:foundation.copycat.CopycatBlockMixin from mod copycats because it already exists in com.copycatsplus.copycats.foundation.copycat.CCCopycatBlock
[21May2026 14:41:07.776] [modloading-worker-0/WARN] [mixin/]: Discarding @Unique public method mirror in copycats-neoforge.mixins.json:foundation.copycat.CopycatBlockMixin from mod copycats because it already exists in com.copycatsplus.copycats.foundation.copycat.CCCopycatBlock
[21May2026 14:41:07.776] [modloading-worker-0/WARN] [mixin/]: Discarding @Unique public method useItemOn in copycats-neoforge.mixins.json:foundation.copycat.CopycatBlockMixin from mod copycats because it already exists in com.copycatsplus.copycats.foundation.copycat.CCCopycatBlock
[21May2026 14:41:07.776] [modloading-worker-0/WARN] [mixin/]: Discarding @Unique public method useWithoutItem in copycats-neoforge.mixins.json:foundation.copycat.CopycatBlockMixin from mod copycats because it already exists in com.copycatsplus.copycats.foundation.copycat.CCCopycatBlock
[21May2026 14:41:07.844] [modloading-worker-0/INFO] [regions_unexplored/]: Registered annotated config: regions_unexplored/client
[21May2026 14:41:07.848] [modloading-worker-0/INFO] [regions_unexplored/]: Loading config file: regions_unexplored/client
[21May2026 14:41:07.874] [modloading-worker-0/INFO] [regions_unexplored/]: Registered annotated config: regions_unexplored/common
[21May2026 14:41:07.875] [modloading-worker-0/INFO] [regions_unexplored/]: Loading config file: regions_unexplored/common
[21May2026 14:41:07.944] [modloading-worker-0/INFO] [aspectalchemy/]: Initializing Aspect Alchemy!
[21May2026 14:41:08.007] [modloading-worker-0/INFO] [Entity Texture Features/]: [ETF]: 3 new ETF Random Properties registered by entity_sound_features
[21May2026 14:41:08.007] [modloading-worker-0/INFO] [Entity Texture Features/]: [ETF]: 6 new ETF Random Properties registered by entity_model_features
[21May2026 14:41:08.030] [modloading-worker-0/WARN] [mixin/]: Discarding @Unique public method rotate in copycats-neoforge.mixins.json:foundation.copycat.CopycatBlockMixin from mod copycats because it already exists in com.copycatsplus.copycats.content.copycat.button.CopycatButtonBlock
[21May2026 14:41:08.030] [modloading-worker-0/WARN] [mixin/]: Discarding @Unique public method mirror in copycats-neoforge.mixins.json:foundation.copycat.CopycatBlockMixin from mod copycats because it already exists in com.copycatsplus.copycats.content.copycat.button.CopycatButtonBlock
[21May2026 14:41:08.030] [modloading-worker-0/WARN] [mixin/]: Discarding @Unique public method useItemOn in copycats-neoforge.mixins.json:foundation.copycat.CopycatBlockMixin from mod copycats because it already exists in com.copycatsplus.copycats.content.copycat.button.CopycatButtonBlock
[21May2026 14:41:08.030] [modloading-worker-0/WARN] [mixin/]: Discarding @Unique public method useWithoutItem in copycats-neoforge.mixins.json:foundation.copycat.CopycatBlockMixin from mod copycats because it already exists in com.copycatsplus.copycats.content.copycat.button.CopycatButtonBlock
[21May2026 14:41:08.158] [modloading-worker-0/WARN] [mixin/]: Discarding @Unique public method rotate in copycats-neoforge.mixins.json:foundation.copycat.CopycatBlockMixin from mod copycats because it already exists in com.copycatsplus.copycats.content.copycat.fence.CopycatFenceBlock
[21May2026 14:41:08.158] [modloading-worker-0/WARN] [mixin/]: Discarding @Unique public method mirror in copycats-neoforge.mixins.json:foundation.copycat.CopycatBlockMixin from mod copycats because it already exists in com.copycatsplus.copycats.content.copycat.fence.CopycatFenceBlock
[21May2026 14:41:08.158] [modloading-worker-0/WARN] [mixin/]: Discarding @Unique public method useItemOn in copycats-neoforge.mixins.json:foundation.copycat.CopycatBlockMixin from mod copycats because it already exists in com.copycatsplus.copycats.content.copycat.fence.CopycatFenceBlock
[21May2026 14:41:08.158] [modloading-worker-0/WARN] [mixin/]: Discarding @Unique public method useWithoutItem in copycats-neoforge.mixins.json:foundation.copycat.CopycatBlockMixin from mod copycats because it already exists in com.copycatsplus.copycats.content.copycat.fence.CopycatFenceBlock
[21May2026 14:41:08.198] [modloading-worker-0/WARN] [mixin/]: Discarding @Unique public method rotate in copycats-neoforge.mixins.json:foundation.copycat.CopycatBlockMixin from mod copycats because it already exists in com.copycatsplus.copycats.content.copycat.fence_gate.CopycatFenceGateBlock
[21May2026 14:41:08.198] [modloading-worker-0/WARN] [mixin/]: Discarding @Unique public method mirror in copycats-neoforge.mixins.json:foundation.copycat.CopycatBlockMixin from mod copycats because it already exists in com.copycatsplus.copycats.content.copycat.fence_gate.CopycatFenceGateBlock
[21May2026 14:41:08.198] [modloading-worker-0/WARN] [mixin/]: Discarding @Unique public method useItemOn in copycats-neoforge.mixins.json:foundation.copycat.CopycatBlockMixin from mod copycats because it already exists in com.copycatsplus.copycats.content.copycat.fence_gate.CopycatFenceGateBlock
[21May2026 14:41:08.198] [modloading-worker-0/WARN] [mixin/]: Discarding @Unique public method useWithoutItem in copycats-neoforge.mixins.json:foundation.copycat.CopycatBlockMixin from mod copycats because it already exists in com.copycatsplus.copycats.content.copycat.fence_gate.CopycatFenceGateBlock
[21May2026 14:41:08.283] [modloading-worker-0/INFO] [com.axperty.delightlib.DelightLib/]: Delight Lib loaded
[21May2026 14:41:08.304] [modloading-worker-0/INFO] [EMF/]: [EMF]: Successful registration of custom function:playingsound from mod entity_sound_features
[21May2026 14:41:08.304] [modloading-worker-0/INFO] [EMF/]: [EMF]: Successful registration of custom function:isplayingsound from mod entity_sound_features
[21May2026 14:41:08.304] [modloading-worker-0/INFO] [EMF/]: [EMF]: Successful registration of custom function:playsound from mod entity_sound_features
[21May2026 14:41:08.380] [modloading-worker-0/WARN] [mixin/]: Discarding @Unique public method rotate in copycats-neoforge.mixins.json:foundation.copycat.CopycatBlockMixin from mod copycats because it already exists in com.copycatsplus.copycats.content.copycat.ladder.CopycatLadderBlock
[21May2026 14:41:08.380] [modloading-worker-0/WARN] [mixin/]: Discarding @Unique public method mirror in copycats-neoforge.mixins.json:foundation.copycat.CopycatBlockMixin from mod copycats because it already exists in com.copycatsplus.copycats.content.copycat.ladder.CopycatLadderBlock
[21May2026 14:41:08.380] [modloading-worker-0/WARN] [mixin/]: Discarding @Unique public method useItemOn in copycats-neoforge.mixins.json:foundation.copycat.CopycatBlockMixin from mod copycats because it already exists in com.copycatsplus.copycats.content.copycat.ladder.CopycatLadderBlock
[21May2026 14:41:08.380] [modloading-worker-0/WARN] [mixin/]: Discarding @Unique public method useWithoutItem in copycats-neoforge.mixins.json:foundation.copycat.CopycatBlockMixin from mod copycats because it already exists in com.copycatsplus.copycats.content.copycat.ladder.CopycatLadderBlock
[21May2026 14:41:08.426] [modloading-worker-0/INFO] [org.patryk3211.powergrid.PowerGrid/]: Power grid starting, prepare to be electrocuted
[21May2026 14:41:08.444] [modloading-worker-0/WARN] [mixin/]: Discarding @Unique public method rotate in copycats-neoforge.mixins.json:foundation.copycat.CopycatBlockMixin from mod copycats because it already exists in com.copycatsplus.copycats.content.copycat.pressure_plate.CopycatPressurePlateBlock
[21May2026 14:41:08.444] [modloading-worker-0/WARN] [mixin/]: Discarding @Unique public method mirror in copycats-neoforge.mixins.json:foundation.copycat.CopycatBlockMixin from mod copycats because it already exists in com.copycatsplus.copycats.content.copycat.pressure_plate.CopycatPressurePlateBlock
[21May2026 14:41:08.444] [modloading-worker-0/WARN] [mixin/]: Discarding @Unique public method useItemOn in copycats-neoforge.mixins.json:foundation.copycat.CopycatBlockMixin from mod copycats because it already exists in com.copycatsplus.copycats.content.copycat.pressure_plate.CopycatPressurePlateBlock
[21May2026 14:41:08.444] [modloading-worker-0/WARN] [mixin/]: Discarding @Unique public method useWithoutItem in copycats-neoforge.mixins.json:foundation.copycat.CopycatBlockMixin from mod copycats because it already exists in com.copycatsplus.copycats.content.copycat.pressure_plate.CopycatPressurePlateBlock
[21May2026 14:41:08.460] [modloading-worker-0/INFO] [YetAnotherConfigLib/]: Deserializing YACLConfig from 'C:\Users\Josiah\AppData\Roaming\PrismLauncher\instances\Create Aeronautics\minecraft\config\yacl.json5'
[21May2026 14:41:08.480] [modloading-worker-0/INFO] [me.treyruffy.betterf3.BetterF3NeoForge/]: [BetterF3] Starting...
[21May2026 14:41:08.485] [modloading-worker-0/INFO] [me.treyruffy.betterf3.BetterF3NeoForge/]: [BetterF3] Loading...
[21May2026 14:41:08.487] [modloading-worker-0/WARN] [mixin/]: Discarding @Unique public method rotate in copycats-neoforge.mixins.json:foundation.copycat.CopycatBlockMixin from mod copycats because it already exists in com.copycatsplus.copycats.content.copycat.pressure_plate.CopycatWeightedPressurePlate
[21May2026 14:41:08.487] [modloading-worker-0/WARN] [mixin/]: Discarding @Unique public method mirror in copycats-neoforge.mixins.json:foundation.copycat.CopycatBlockMixin from mod copycats because it already exists in com.copycatsplus.copycats.content.copycat.pressure_plate.CopycatWeightedPressurePlate
[21May2026 14:41:08.488] [modloading-worker-0/WARN] [mixin/]: Discarding @Unique public method useItemOn in copycats-neoforge.mixins.json:foundation.copycat.CopycatBlockMixin from mod copycats because it already exists in com.copycatsplus.copycats.content.copycat.pressure_plate.CopycatWeightedPressurePlate
[21May2026 14:41:08.488] [modloading-worker-0/WARN] [mixin/]: Discarding @Unique public method useWithoutItem in copycats-neoforge.mixins.json:foundation.copycat.CopycatBlockMixin from mod copycats because it already exists in com.copycatsplus.copycats.content.copycat.pressure_plate.CopycatWeightedPressurePlate
[21May2026 14:41:08.489] [modloading-worker-0/INFO] [org.patryk3211.powergrid.PowerGrid/]: Native backend loaded successfully
[21May2026 14:41:08.491] [modloading-worker-0/INFO] [com.doughunification.mod.DoughUnificationMod/]: Dough Unification Mod is loading...
[21May2026 14:41:08.664] [modloading-worker-0/INFO] [com.axperty.delightlib.api.DelightAddon/]: Delight Lib initialized for: moredelight
[21May2026 14:41:08.672] [modloading-worker-0/WARN] [mixin/]: Discarding @Unique public method rotate in copycats-neoforge.mixins.json:foundation.copycat.CopycatBlockMixin from mod copycats because it already exists in com.copycatsplus.copycats.content.copycat.stairs.CopycatStairsBlock
[21May2026 14:41:08.672] [modloading-worker-0/WARN] [mixin/]: Discarding @Unique public method mirror in copycats-neoforge.mixins.json:foundation.copycat.CopycatBlockMixin from mod copycats because it already exists in com.copycatsplus.copycats.content.copycat.stairs.CopycatStairsBlock
[21May2026 14:41:08.672] [modloading-worker-0/WARN] [mixin/]: Discarding @Unique public method useItemOn in copycats-neoforge.mixins.json:foundation.copycat.CopycatBlockMixin from mod copycats because it already exists in com.copycatsplus.copycats.content.copycat.stairs.CopycatStairsBlock
[21May2026 14:41:08.672] [modloading-worker-0/WARN] [mixin/]: Discarding @Unique public method useWithoutItem in copycats-neoforge.mixins.json:foundation.copycat.CopycatBlockMixin from mod copycats because it already exists in com.copycatsplus.copycats.content.copycat.stairs.CopycatStairsBlock
[21May2026 14:41:08.696] [modloading-worker-0/INFO] [me.treyruffy.betterf3.BetterF3NeoForge/]: [BetterF3] All done!
[21May2026 14:41:09.025] [modloading-worker-0/WARN] [mixin/]: @Inject(@At("INVOKE")) Shift.BY=2 on create_connected.mixins.json:sequencedgearshift.SequencedGearshiftScreenMixin from mod create_connected::handler$fap000$create_connected$updateParamsOfRow exceeds the maximum allowed value: 0. Increase the value of maxShiftBy to suppress this warning.
[21May2026 14:41:09.035] [modloading-worker-0/WARN] [mixin/]: Discarding @Unique public method rotate in copycats-neoforge.mixins.json:foundation.copycat.CopycatBlockMixin from mod copycats because it already exists in com.copycatsplus.copycats.content.copycat.trapdoor.CopycatTrapdoorBlock
[21May2026 14:41:09.035] [modloading-worker-0/WARN] [mixin/]: Discarding @Unique public method mirror in copycats-neoforge.mixins.json:foundation.copycat.CopycatBlockMixin from mod copycats because it already exists in com.copycatsplus.copycats.content.copycat.trapdoor.CopycatTrapdoorBlock
[21May2026 14:41:09.035] [modloading-worker-0/WARN] [mixin/]: Discarding @Unique public method useItemOn in copycats-neoforge.mixins.json:foundation.copycat.CopycatBlockMixin from mod copycats because it already exists in com.copycatsplus.copycats.content.copycat.trapdoor.CopycatTrapdoorBlock
[21May2026 14:41:09.036] [modloading-worker-0/WARN] [mixin/]: Discarding @Unique public method useWithoutItem in copycats-neoforge.mixins.json:foundation.copycat.CopycatBlockMixin from mod copycats because it already exists in com.copycatsplus.copycats.content.copycat.trapdoor.CopycatTrapdoorBlock
[21May2026 14:41:09.110] [modloading-worker-0/WARN] [mixin/]: Discarding @Unique public method rotate in copycats-neoforge.mixins.json:foundation.copycat.CopycatBlockMixin from mod copycats because it already exists in com.copycatsplus.copycats.content.copycat.wall.CopycatWallBlock
[21May2026 14:41:09.110] [modloading-worker-0/WARN] [mixin/]: Discarding @Unique public method mirror in copycats-neoforge.mixins.json:foundation.copycat.CopycatBlockMixin from mod copycats because it already exists in com.copycatsplus.copycats.content.copycat.wall.CopycatWallBlock
[21May2026 14:41:09.110] [modloading-worker-0/WARN] [mixin/]: Discarding @Unique public method useItemOn in copycats-neoforge.mixins.json:foundation.copycat.CopycatBlockMixin from mod copycats because it already exists in com.copycatsplus.copycats.content.copycat.wall.CopycatWallBlock
[21May2026 14:41:09.110] [modloading-worker-0/WARN] [mixin/]: Discarding @Unique public method useWithoutItem in copycats-neoforge.mixins.json:foundation.copycat.CopycatBlockMixin from mod copycats because it already exists in com.copycatsplus.copycats.content.copycat.wall.CopycatWallBlock
[21May2026 14:41:09.124] [modloading-worker-0/WARN] [mixin/]: Discarding @Unique public method onLoad in copycats-common.mixins.json:foundation.copycat.CopycatBlockEntityMixin from mod copycats because it already exists in com.simibubi.create.content.decoration.copycat.CopycatBlockEntity
[21May2026 14:41:09.266] [modloading-worker-0/WARN] [mixin/]: Discarding @Unique public method rotate in copycats-neoforge.mixins.json:foundation.copycat.CopycatBlockMixin from mod copycats because it already exists in com.copycatsplus.copycats.content.copycat.shaft.CopycatShaftBlock
[21May2026 14:41:09.266] [modloading-worker-0/WARN] [mixin/]: Discarding @Unique public method mirror in copycats-neoforge.mixins.json:foundation.copycat.CopycatBlockMixin from mod copycats because it already exists in com.copycatsplus.copycats.content.copycat.shaft.CopycatShaftBlock
[21May2026 14:41:09.266] [modloading-worker-0/WARN] [mixin/]: Discarding @Unique public method useItemOn in copycats-neoforge.mixins.json:foundation.copycat.CopycatBlockMixin from mod copycats because it already exists in com.copycatsplus.copycats.content.copycat.shaft.CopycatShaftBlock
[21May2026 14:41:09.266] [modloading-worker-0/WARN] [mixin/]: Discarding @Unique public method useWithoutItem in copycats-neoforge.mixins.json:foundation.copycat.CopycatBlockMixin from mod copycats because it already exists in com.copycatsplus.copycats.content.copycat.shaft.CopycatShaftBlock
[21May2026 14:41:09.308] [modloading-worker-0/WARN] [mixin/]: Discarding @Unique public method rotate in copycats-neoforge.mixins.json:foundation.copycat.multistate.MultiStateCopycatBlockMixin from mod copycats because it already exists in com.copycatsplus.copycats.content.copycat.cogwheel.CopycatCogWheelBlock
[21May2026 14:41:09.308] [modloading-worker-0/WARN] [mixin/]: Discarding @Unique public method mirror in copycats-neoforge.mixins.json:foundation.copycat.multistate.MultiStateCopycatBlockMixin from mod copycats because it already exists in com.copycatsplus.copycats.content.copycat.cogwheel.CopycatCogWheelBlock
[21May2026 14:41:09.308] [modloading-worker-0/WARN] [mixin/]: Discarding @Unique public method useItemOn in copycats-neoforge.mixins.json:foundation.copycat.multistate.MultiStateCopycatBlockMixin from mod copycats because it already exists in com.copycatsplus.copycats.content.copycat.cogwheel.CopycatCogWheelBlock
[21May2026 14:41:09.308] [modloading-worker-0/WARN] [mixin/]: Discarding @Unique public method useWithoutItem in copycats-neoforge.mixins.json:foundation.copycat.multistate.MultiStateCopycatBlockMixin from mod copycats because it already exists in com.copycatsplus.copycats.content.copycat.cogwheel.CopycatCogWheelBlock
[21May2026 14:41:09.345] [modloading-worker-0/WARN] [mixin/]: Discarding @Unique public method rotate in copycats-neoforge.mixins.json:foundation.copycat.CopycatBlockMixin from mod copycats because it already exists in com.copycatsplus.copycats.content.copycat.fluid_pipe.CopycatFluidPipeBlock
[21May2026 14:41:09.345] [modloading-worker-0/WARN] [mixin/]: Discarding @Unique public method mirror in copycats-neoforge.mixins.json:foundation.copycat.CopycatBlockMixin from mod copycats because it already exists in com.copycatsplus.copycats.content.copycat.fluid_pipe.CopycatFluidPipeBlock
[21May2026 14:41:09.345] [modloading-worker-0/WARN] [mixin/]: Discarding @Unique public method useItemOn in copycats-neoforge.mixins.json:foundation.copycat.CopycatBlockMixin from mod copycats because it already exists in com.copycatsplus.copycats.content.copycat.fluid_pipe.CopycatFluidPipeBlock
[21May2026 14:41:09.345] [modloading-worker-0/WARN] [mixin/]: Discarding @Unique public method useWithoutItem in copycats-neoforge.mixins.json:foundation.copycat.CopycatBlockMixin from mod copycats because it already exists in com.copycatsplus.copycats.content.copycat.fluid_pipe.CopycatFluidPipeBlock
[21May2026 14:41:09.402] [modloading-worker-0/WARN] [mixin/]: Discarding @Unique public method rotate in copycats-neoforge.mixins.json:foundation.copycat.CopycatBlockMixin from mod copycats because it already exists in com.copycatsplus.copycats.content.copycat.pane.CopycatPaneBlock
[21May2026 14:41:09.402] [modloading-worker-0/WARN] [mixin/]: Discarding @Unique public method mirror in copycats-neoforge.mixins.json:foundation.copycat.CopycatBlockMixin from mod copycats because it already exists in com.copycatsplus.copycats.content.copycat.pane.CopycatPaneBlock
[21May2026 14:41:09.402] [modloading-worker-0/WARN] [mixin/]: Discarding @Unique public method useItemOn in copycats-neoforge.mixins.json:foundation.copycat.CopycatBlockMixin from mod copycats because it already exists in com.copycatsplus.copycats.content.copycat.pane.CopycatPaneBlock
[21May2026 14:41:09.402] [modloading-worker-0/WARN] [mixin/]: Discarding @Unique public method useWithoutItem in copycats-neoforge.mixins.json:foundation.copycat.CopycatBlockMixin from mod copycats because it already exists in com.copycatsplus.copycats.content.copycat.pane.CopycatPaneBlock
[21May2026 14:41:09.484] [modloading-worker-0/WARN] [mixin/]: Discarding @Unique public method onLoad in copycats-neoforge.mixins.json:foundation.copycat.CopycatBlockEntityMixin from mod copycats because it already exists in com.copycatsplus.copycats.foundation.copycat.CCCopycatBlockEntity
[21May2026 14:41:09.495] [modloading-worker-0/WARN] [mixin/]: Discarding @Unique public method onLoad in copycats-neoforge.mixins.json:foundation.copycat.multistate.MultiStateCopycatBlockEntityMixin from mod copycats because it already exists in com.copycatsplus.copycats.foundation.copycat.multistate.MultiStateCopycatBlockEntity
[21May2026 14:41:09.516] [modloading-worker-0/WARN] [mixin/]: Discarding @Unique public method onLoad in copycats-neoforge.mixins.json:foundation.copycat.CopycatBlockEntityMixin from mod copycats because it already exists in com.copycatsplus.copycats.content.copycat.shaft.CopycatShaftBlockEntity
[21May2026 14:41:09.530] [modloading-worker-0/WARN] [mixin/]: Discarding @Unique public method onLoad in copycats-neoforge.mixins.json:foundation.copycat.multistate.MultiStateCopycatBlockEntityMixin from mod copycats because it already exists in com.copycatsplus.copycats.content.copycat.cogwheel.CopycatCogWheelBlockEntity
[21May2026 14:41:09.543] [modloading-worker-0/WARN] [mixin/]: Discarding @Unique public method onLoad in copycats-neoforge.mixins.json:foundation.copycat.CopycatBlockEntityMixin from mod copycats because it already exists in com.copycatsplus.copycats.content.copycat.fluid_pipe.CopycatFluidPipeBlockEntity
[21May2026 14:41:09.556] [modloading-worker-0/WARN] [mixin/]: Discarding @Unique public method onLoad in copycats-neoforge.mixins.json:foundation.copycat.CopycatBlockEntityMixin from mod copycats because it already exists in com.copycatsplus.copycats.content.copycat.fluid_pipe.CopycatStraightPipeBlockEntity
[21May2026 14:41:09.574] [modloading-worker-0/WARN] [mixin/]: Discarding @Unique public method onLoad in copycats-neoforge.mixins.json:foundation.copycat.CopycatBlockEntityMixin from mod copycats because it already exists in com.copycatsplus.copycats.content.copycat.sliding_door.CopycatSlidingDoorBlockEntity
[21May2026 14:41:09.729] [modloading-worker-0/WARN] [mixin/]: @ModifyConstant conflict. Skipping sable_sa_compat.mixins.json:create_sa.grapplin.GrapplinChainRendererMixin from mod sable_sa_compat->@ModifyConstant::get(D)D with priority 1000, already redirected by sable_sa_compat.mixins.json:create_sa.grapplin.GrapplinChainRendererMixin from mod sable_sa_compat->@ModifyConstant::dontGet2(D)D with priority 1000
[21May2026 14:41:09.729] [modloading-worker-0/WARN] [mixin/]: @ModifyConstant conflict. Skipping sable_sa_compat.mixins.json:create_sa.grapplin.GrapplinChainRendererMixin from mod sable_sa_compat->@ModifyConstant::get(D)D with priority 1000, already redirected by sable_sa_compat.mixins.json:create_sa.grapplin.GrapplinChainRendererMixin from mod sable_sa_compat->@ModifyConstant::dontGet(D)D with priority 1000
[21May2026 14:41:09.897] [modloading-worker-0/INFO] [thedarkcolour.kotlinforforge.neoforge.test.KotlinForForge/]: Kotlin For Forge Enabled!
[21May2026 14:41:10.143] [modloading-worker-0/WARN] [mixin/]: Discarding @Unique public method useItemOn in copycats-common.mixins.json:copycat.step.CopycatStepBlockMixin from mod copycats because it already exists in com.simibubi.create.content.decoration.copycat.CopycatStepBlock
[21May2026 14:41:10.153] [modloading-worker-0/WARN] [mixin/]: Discarding @Unique public method useItemOn in copycats-common.mixins.json:copycat.panel.CopycatPanelBlockMixin from mod copycats because it already exists in com.simibubi.create.content.decoration.copycat.CopycatPanelBlock
[21May2026 14:41:10.153] [modloading-worker-0/WARN] [mixin/]: Discarding @Unique public method mirror in copycats-common.mixins.json:copycat.panel.CopycatPanelBlockMixin from mod copycats because it already exists in com.simibubi.create.content.decoration.copycat.CopycatPanelBlock
[21May2026 14:41:10.153] [modloading-worker-0/WARN] [mixin/]: Discarding @Unique public method rotate in copycats-common.mixins.json:copycat.panel.CopycatPanelBlockMixin from mod copycats because it already exists in com.simibubi.create.content.decoration.copycat.CopycatPanelBlock
[21May2026 14:41:10.378] [modloading-worker-0/INFO] [fzzy_config/]: Loaded config fzzy_config:keybinds in 2511ms
[21May2026 14:41:11.061] [modloading-worker-0/INFO] [fzzy_config/]: Loaded config :emi_loot_config in 317ms
[21May2026 14:41:11.865] [modloading-worker-0/INFO] [STDOUT/]: [dev.lopyluna.dndesires.content.utils.DnDesiresRegistry:register:45]: Registering DnDesires Data Components...
[21May2026 14:41:11.867] [modloading-worker-0/INFO] [STDOUT/]: [dev.lopyluna.dndesires.content.utils.DnDesiresRegistry:register:47]: Registering DnDesires Creative Tabs...
[21May2026 14:41:11.868] [modloading-worker-0/INFO] [STDOUT/]: [dev.lopyluna.dndesires.content.utils.DnDesiresRegistry:register:49]: Registering DnDesires Damage Types...
[21May2026 14:41:11.869] [modloading-worker-0/INFO] [STDOUT/]: [dev.lopyluna.dndesires.content.utils.DnDesiresRegistry:register:51]: Registering DnDesires Mob Effects...
[21May2026 14:41:11.870] [modloading-worker-0/INFO] [STDOUT/]: [dev.lopyluna.dndesires.content.utils.DnDesiresRegistry:register:53]: Registering DnDesires Particles...
[21May2026 14:41:11.870] [modloading-worker-0/INFO] [Create: Interiors/]: Create: Interiors v0.6.1 initializing! Create version: 6.0.10 on platform: NeoForge
[21May2026 14:41:11.871] [modloading-worker-0/INFO] [STDOUT/]: [dev.lopyluna.dndesires.content.utils.DnDesiresRegistry:register:55]: Registering DnDesires Recipes Serializers...
[21May2026 14:41:11.871] [modloading-worker-0/INFO] [STDOUT/]: [dev.lopyluna.gnkinetics.content.utils.GearsRegistry:register:46]: Registering Gears n' Kinetics Data Components...
[21May2026 14:41:11.871] [modloading-worker-0/INFO] [STDOUT/]: [dev.lopyluna.dndesires.content.utils.DnDesiresRegistry:register:57]: Registering DnDesires Recipes...
[21May2026 14:41:11.872] [modloading-worker-0/INFO] [STDOUT/]: [dev.lopyluna.gnkinetics.content.utils.GearsRegistry:register:48]: Registering Gears n' Kinetics Creative Tabs...
[21May2026 14:41:11.872] [modloading-worker-0/INFO] [STDOUT/]: [dev.lopyluna.dndesires.content.utils.DnDesiresRegistry:register:59]: Registering DnDesires Menus...
[21May2026 14:41:11.873] [modloading-worker-0/INFO] [STDOUT/]: [dev.lopyluna.gnkinetics.content.utils.GearsRegistry:register:50]: Registering Gears n' Kinetics Damage Types...
[21May2026 14:41:11.873] [modloading-worker-0/INFO] [STDOUT/]: [dev.lopyluna.dndesires.content.utils.DnDesiresRegistry:register:61]: Registering DnDesires Sounds...
[21May2026 14:41:11.873] [modloading-worker-0/INFO] [STDOUT/]: [dev.lopyluna.gnkinetics.content.utils.GearsRegistry:register:52]: Registering Gears n' Kinetics Mob Effects...
[21May2026 14:41:11.873] [modloading-worker-0/INFO] [STDOUT/]: [dev.lopyluna.dndesires.content.utils.DnDesiresRegistry:register:63]: Registering DnDesires Dimensions...
[21May2026 14:41:11.874] [modloading-worker-0/INFO] [STDOUT/]: [dev.lopyluna.gnkinetics.content.utils.GearsRegistry:register:54]: Registering Gears n' Kinetics Particles...
[21May2026 14:41:11.874] [modloading-worker-0/INFO] [STDOUT/]: [dev.lopyluna.dndesires.content.utils.DnDesiresRegistry:register:65]: Registering DnDesires Done
[21May2026 14:41:11.875] [modloading-worker-0/INFO] [STDOUT/]: [dev.lopyluna.gnkinetics.content.utils.GearsRegistry:register:56]: Registering Gears n' Kinetics Recipes Serializers...
[21May2026 14:41:11.876] [modloading-worker-0/INFO] [STDOUT/]: [dev.lopyluna.gnkinetics.content.utils.GearsRegistry:register:58]: Registering Gears n' Kinetics Recipes...
[21May2026 14:41:11.876] [modloading-worker-0/INFO] [STDOUT/]: [dev.lopyluna.gnkinetics.content.utils.GearsRegistry:register:60]: Registering Gears n' Kinetics Menus...
[21May2026 14:41:11.877] [modloading-worker-0/INFO] [STDOUT/]: [dev.lopyluna.gnkinetics.content.utils.GearsRegistry:register:62]: Registering Gears n' Kinetics Sounds...
[21May2026 14:41:11.878] [modloading-worker-0/INFO] [STDOUT/]: [dev.lopyluna.gnkinetics.content.utils.GearsRegistry:register:64]: Registering Gears n' Kinetics Dimensions...
[21May2026 14:41:11.879] [modloading-worker-0/INFO] [STDOUT/]: [dev.lopyluna.gnkinetics.content.utils.GearsRegistry:register:66]: Registering Gears n' Kinetics Done
[21May2026 14:41:11.971] [modloading-worker-0/INFO] [dev.ryanhcode.sable.Sable/]: Sable loaded!
[21May2026 14:41:12.038] [modloading-worker-0/INFO] [dev.averageanime.neoforge.CreateFood/]: Create: Food - Registering Items
[21May2026 14:41:12.038] [modloading-worker-0/WARN] [dev.ryanhcode.sable.Sable/]: NOTE: Sable is loaded with Flywheel. Sable contains extensive shader overrides and a full light-storage replacement. Expect this to cause compatibility issues. If issues arise, please report them to the Sable issue tracker (https://github.com/ryanhcode/sable/issues) instead of the Flywheel issue tracker.
[21May2026 14:41:12.040] [modloading-worker-0/INFO] [com.sable.massview.SableMassView/]: ok
[21May2026 14:41:12.040] [modloading-worker-0/INFO] [dev.mgcode.sablejade.SableJadeMod/]: Loading sablejade
[21May2026 14:41:12.040] [modloading-worker-0/INFO] [com.example.cnbridge.CNBridge/]: Create: Northstar Aeronautics Bridge initializing!
[21May2026 14:41:12.495] [modloading-worker-0/INFO] [dev.averageanime.neoforge.CreateFood/]: Create: Food - Registering Fluids
[21May2026 14:41:12.496] [modloading-worker-0/INFO] [dev.averageanime.neoforge.CreateFood/]: Create: Food - Registering Blocks
[21May2026 14:41:12.510] [modloading-worker-0/INFO] [dev.averageanime.neoforge.CreateFood/]: Create: Food - Registering Display Blocks
[21May2026 14:41:12.521] [modloading-worker-0/INFO] [create_bb/]: Registered styles/menu selections for Create: Blocks & Bogies
[21May2026 14:41:12.524] [modloading-worker-0/INFO] [create_bb/]: Registered bogie blocks for Create: Blocks & Bogies
[21May2026 14:41:12.532] [modloading-worker-0/INFO] [create_bb/]: Registered block entities for Create: Blocks & Bogies
[21May2026 14:41:12.543] [modloading-worker-0/INFO] [create_bb/]: Registered partial models for Create: Blocks & Bogies
[21May2026 14:41:12.551] [modloading-worker-0/INFO] [dev.averageanime.neoforge.CreateFood/]: Create: Food - Registering Creative Tabs (Items + Fluids)
[21May2026 14:41:12.554] [modloading-worker-0/INFO] [dev.averageanime.neoforge.CreateFood/]: Create: Food - Registering Creative Tabs (Display Blocks)
[21May2026 14:41:12.575] [modloading-sync-worker/INFO] [Cold Sweat/]: Gathering Cold Sweat registries
[21May2026 14:41:12.575] [modloading-sync-worker/INFO] [Cold Sweat/]: The event bus was started early to gather Cold Sweat registries; it will now be stopped again until the correct loading phase.
[21May2026 14:41:16.745] [Render thread/INFO] [Veil/]: GL Debug supported
[21May2026 14:41:16.748] [Render thread/INFO] [Entity Texture Features/]: [ETF]: emissive suffixes loaded: [_e]
[21May2026 14:41:16.870] [Render thread/INFO] [Sodium/]: Block minecraft:birch_leaves had its color provider replaced with sereneseasons.init.ModClient$$Lambda/0x0000000803212310@9b64076 and will not use per-vertex coloring
[21May2026 14:41:16.874] [Render thread/INFO] [Sodium/]: Block sim_copycats:levitite_copycat had its color provider replaced with net.multyfora.BCCopycatBlockColor@7de09d35 and will not use per-vertex coloring
[21May2026 14:41:16.875] [Render thread/INFO] [Sodium/]: Block sim_copycats:fragile_copycat had its color provider replaced with net.multyfora.BCCopycatBlockColor@7de09d35 and will not use per-vertex coloring
[21May2026 14:41:16.875] [Render thread/INFO] [Sodium/]: Block sim_copycats:super_light_copycat had its color provider replaced with net.multyfora.BCCopycatBlockColor@7de09d35 and will not use per-vertex coloring
[21May2026 14:41:16.875] [Render thread/INFO] [Sodium/]: Block sim_copycats:light_copycat had its color provider replaced with net.multyfora.BCCopycatBlockColor@7de09d35 and will not use per-vertex coloring
[21May2026 14:41:16.875] [Render thread/INFO] [Sodium/]: Block sim_copycats:normal_copycat had its color provider replaced with net.multyfora.BCCopycatBlockColor@7de09d35 and will not use per-vertex coloring
[21May2026 14:41:16.875] [Render thread/INFO] [Sodium/]: Block sim_copycats:heavy_copycat had its color provider replaced with net.multyfora.BCCopycatBlockColor@7de09d35 and will not use per-vertex coloring
[21May2026 14:41:16.875] [Render thread/INFO] [Sodium/]: Block sim_copycats:super_heavy_copycat had its color provider replaced with net.multyfora.BCCopycatBlockColor@7de09d35 and will not use per-vertex coloring
[21May2026 14:41:16.875] [Render thread/INFO] [Sodium/]: Block sim_copycats:absurdly_heavy_copycat had its color provider replaced with net.multyfora.BCCopycatBlockColor@7de09d35 and will not use per-vertex coloring
[21May2026 14:41:16.875] [Render thread/INFO] [Sodium/]: Block sim_copycats:slippery_copycat had its color provider replaced with net.multyfora.BCCopycatBlockColor@7de09d35 and will not use per-vertex coloring
[21May2026 14:41:16.875] [Render thread/INFO] [Sodium/]: Block sim_copycats:sticky_copycat had its color provider replaced with net.multyfora.BCCopycatBlockColor@7de09d35 and will not use per-vertex coloring
[21May2026 14:41:16.875] [Render thread/INFO] [Sodium/]: Block sim_copycats:bouncy_copycat had its color provider replaced with net.multyfora.BCCopycatBlockColor@7de09d35 and will not use per-vertex coloring
[21May2026 14:41:16.875] [Render thread/INFO] [Sodium/]: Block sim_copycats:weightless_copycat had its color provider replaced with net.multyfora.BCCopycatBlockColor@7de09d35 and will not use per-vertex coloring
[21May2026 14:41:17.416] [Render thread/INFO] [Iris/]: Hardware information:
[21May2026 14:41:17.417] [Render thread/INFO] [Iris/]: CPU: 22x Intel(R) Core(TM) Ultra 7 155H
[21May2026 14:41:17.417] [Render thread/INFO] [Iris/]: GPU: Intel(R) Arc(TM) Graphics (Supports OpenGL 4.6.0 - Build 32.0.101.8509)
[21May2026 14:41:17.417] [Render thread/INFO] [Iris/]: OS: Windows 11 (10.0)
[21May2026 14:41:18.097] [Render thread/INFO] [com.mk2525.vsfluidlink.ModClientEvents/]: Registering BlockEntityRenderers for VsFluidLink
[21May2026 14:41:18.273] [Render thread/INFO] [net.pinkcats.createlazytick.CreateLazyTick/]: [CreateLazyTick][ClientInit] registering independent LazyTick tooltip overlay
[21May2026 14:41:18.570] [Render thread/INFO] [net.minecraft.server.packs.resources.ReloadableResourceManager/]: Reloading ResourceManager: vanilla, fabric, mod_resources, mod/sodium, mod/betterdays, mod/c2me_fixes_worldgen_threading_issues, mod/supermartijn642configlib, mod/sodium_extra, mod/createdeco, mod/aa4_atlas, mod/c2me_rewrites_chunk_serializer, mod/connectorextras_kubejs_bridge, mod/fabric_rendering_fluids_v1, mod/aeronautics_bundled, mod/create_jetpack, mod/c2me_fixes_general_threading_issues, mod/extra_mod_integrations_pneumaticcraft, mod/fabric_convention_tags_v1, mod/neoforge, mod/modernfix, mod/fabric_block_view_api_v2, mod/fabric_convention_tags_v2, mod/fabric_command_api_v2, mod/iris, mod/connectorextras_rei_bridge, mod/veil, mod/biolith, mod/surveyor, mod/createdieselgenerators, mod/c2me, mod/balm, mod/fabric_screen_api_v1, mod/c2me_base, mod/antique_atlas, mod/cloth_config, mod/extra_mod_integrations_chipped, mod/connectorextras_terrablender_bridge, mod/create_oxidized, mod/corpse, mod/create_cold_sweat, mod/fabric_game_rule_api_v1, mod/silentgear, mod/vanillabackport, mod/supermartijn642corelib, mod/spark, mod/reeses_sodium_options, mod/c2me_opts_dfc, mod/searchables, mod/createlazytick, mod/vsfluidlink, mod/thirst, mod/fabric_entity_events_v1, mod/sodiumoptionsmodcompat, mod/emiffect, mod/conditional_mixin, mod/transition, mod/dynamic_fps, mod/fabric_rendering_data_attachment_v1, mod/flightlib, mod/jadeaddons, mod/aerocopycats, mod/fabric_client_tags_api_v1, mod/create_tweaked_controllers, mod/bellsandwhistles, mod/createbigcannons, mod/c2me_threading_lighting, mod/rechiseled, mod/extra_mod_integrations_rechiseled, mod/bits_n_bobs, mod/fabric_model_loading_api_v1, mod/jei, mod/lithostitched, mod/lithium, mod/aeronautics, mod/fabric_screen_handler_api_v1, mod/extra_mod_integrations, mod/fabric_rendering_v1, mod/fabric_renderer_indigo, mod/travelersbackpack, mod/northstar, mod/glitchcore, mod/sereneseasons, mod/rechiseledcreate, mod/c2me_rewrites_chunk_system, mod/whitenoise, mod/createhorsepower, mod/corpsecurioscompat, mod/fusion, mod/moreculling, mod/fabric_particles_v1, mod/c2me_opts_worldgen_vanilla, mod/clifftree, mod/c2me_opts_scheduling, mod/aero_cam_sync, mod/offroad, mod/tectonic, mod/emi_create_schematics, mod/emi, mod/create_netherless, mod/fabric_api_base, mod/mousetweaks, mod/fabric_block_api_v1, mod/spectrelib, mod/connectorextras_jei_bridge, mod/fabric_resource_conditions_api_v1, mod/kotlinforforge, mod/brewinandchewin, mod/tpsum, mod/notenoughanimations, mod/sablecompanion, mod/flywheel, mod/ponder, mod/fabric_item_group_api_v1, mod/greenhouseconfig_night_config, mod/polymorph, mod/c2me_notickvd, mod/almostunified, mod/entityculling, mod/fabric_registry_sync_v0, mod/continuity, mod/mcqoy, mod/appleskin, mod/fabric_recipe_api_v1, mod/extra_mod_integrations_farmers_delight, mod/fabric_object_builder_api_v1, mod/cbc_at, mod/cold_sweat, mod/fabric_sound_api_v1, mod/emi_ores, mod/fabric_message_api_v1, mod/kuma_api, mod/create_things_and_misc, mod/fabric_renderer_api_v1, mod/netherportalfix, mod/geckolib, mod/fabric_item_api_v1, mod/naturalist, mod/create_peaceful, mod/c2me_opts_natives_math, mod/ritchiesprojectilelib, mod/controlling, mod/farmersdelight_extended, mod/createsa_tank_fix, mod/fabric_data_attachment_api_v1, mod/c2me_opts_math, mod/simulated, mod/towed, mod/createmetalwork, mod/create_ru_compat, mod/extra_mod_integrations_reliquary, mod/carryon, mod/carryonaerocompat, mod/sodiumoptionsapi, mod/baguettelib, mod/connector, mod/create_jetpack_curios, mod/fzzy_config, mod/emi_loot, mod/fabric_api,forgified_fabric_api, mod/createpickywheels, mod/connectorextras_modmenu_bridge,modmenu, mod/c2me_fixes_worldgen_vanilla_bugs, mod/fabric_content_registries_v0, mod/sodiumdynamiclights, mod/greenhouseconfig_toml, mod/create_connected, mod/farmersdelight, mod/cocktailsdelight, mod/entity_model_features, mod/entity_texture_features, mod/cmparallelpipes, mod/fabric_api_lookup_api_v1, mod/farmerspizzeria, mod/create_ultimate_factory, mod/aeronautics_rechiseled, mod/c2me_fixes_chunkio_threading_issues, mod/c2me_client_uncapvd, mod/chunky, mod/greenhouseconfig, mod/modelfix, mod/patchouli, mod/spyglass_improvements, mod/curios, mod/lamblanterns, mod/sablephysicscompat, mod/createliquidfuel, mod/architectury, mod/gaboulibs, mod/aspectalchemy, mod/farmersknives, mod/aiimprovements, mod/fabric_loot_api_v2, mod/connectorextras, mod/fabric_loot_api_v3, mod/extra_mod_integrations_irons_spellbooks, mod/fabric_networking_api_v1, mod/c2me_rewrites_chunkio, mod/shulkerboxtooltip, mod/extra_mod_integrations_actually_additions, mod/c2me_opts_allocs, mod/fabric_lifecycle_events_v1, mod/fabric_key_binding_api_v1, mod/fabric_transfer_api_v1, mod/create_aeronautics_placeable_wheels, mod/irisflw, mod/copycats, mod/connectorextras_pehkui_bridge, mod/fabric_resource_loader_v0, mod/trender, mod/create_winery, mod/create, mod/create_aeronautics_throwable_rope_connector, mod/create_integrated_farming, mod/createcasing, mod/dndecor, mod/aerowear, mod/sliceanddice, mod/dndesires, mod/sable, mod/coldsweat_aeronautics_compat, mod/aero_addition, mod/climbable_ropes, mod/pipeorgans, mod/tracks, mod/createdynlight, mod/createfood, mod/cnbridge, mod/createburnerfuel, mod/portable_engine_liquid_fuel, mod/createpropulsion, mod/interiors, mod/aeronauticscompat, mod/sable_weighted_dndecor, mod/gnkinetics, mod/sablemassview, mod/sim_copycats, mod/create_dragons_plus, mod/mr_farmers_cuttingregionsunexplored, mod/comforts, mod/powergrid, mod/cbc_equally_opposite, mod/entity_sound_features, mod/sable_weighted_createdeco, mod/drivebywire, mod/aeroworks, mod/connectorextras_energy_bridge, mod/antique_transport, mod/fabric_transitive_access_wideners_v1, mod/ldfix, mod/regions_unexplored, mod/silentlib, mod/fabric_blockrenderlayer_v1, mod/jade, mod/sablejade, mod/create_bb, mod/mr_stoat, mod/platform, mod/c2me_server_utils, mod/create_sa, mod/sable_sa_compat, mod/expandeddelight, mod/moredelight, mod/dyeable_ropes, mod/fabric_gametest_api_v1, mod/sereneseasonsplus, mod/delightlib, mod/createaddoncompatibility, mod/fabric_biome_api_v1, mod/c2me_opts_worldgen_general, mod/c2me_opts_chunkio, mod/emi_enchanting, mod/create_submarine, mod/createmetallurgy, mod/ferritecore, mod/yet_another_config_lib_v3, mod/betterf3, mod/createfddough, mod/packetfixer, mod/connectorextras_emi_bridge, mod/create_enchantment_industry, mod/extra_mod_integrations_core, mod/fabric_data_generation_api_v1, mod/fabric_events_interaction_v0
[21May2026 14:41:18.573] [Render thread/WARN] [net.minecraft.server.packs.PathPackResources/]: Non [a-z0-9_.-] character in namespace LICENSE in pack , ignoring
[21May2026 14:41:18.593] [Render thread/WARN] [net.minecraft.server.packs.PathPackResources/]: Non [a-z0-9_.-] character in namespace LICENSE in pack , ignoring
[21May2026 14:41:18.620] [Worker-ResourceReload-20/INFO] [net.mc_orion.copycat_aero.aerocopycats/]: HELLO FROM COMMON SETUP
[21May2026 14:41:18.628] [Worker-ResourceReload-13/INFO] [net.swzo.createsa_tank_fix.CreateSATankFix/]: Starting Create SA Tank Fix setup...
[21May2026 14:41:18.628] [Worker-ResourceReload-4/INFO] [dev.justfeli.towed.CreateTowed/]: Initializing towed
[21May2026 14:41:18.632] [Worker-ResourceReload-13/INFO] [net.swzo.createsa_tank_fix.CreateSATankFix/]: [CreateSATankFix] Loaded Create SA tank capacities from config: S=800, M=1600, L=3200
[21May2026 14:41:18.637] [NeoForge Version Check/INFO] [net.neoforged.fml.VersionChecker/]: [betterdays] Starting version check at https://raw.githubusercontent.com/wendall911/BetterDays/1.21.1/files/updates.json
[21May2026 14:41:18.639] [Worker-ResourceReload-10/INFO] [com.doughunification.mod.DoughUnificationMod/]: Dough Unification Mod: Common setup complete!
[21May2026 14:41:18.639] [Worker-ResourceReload-10/INFO] [com.doughunification.mod.DoughUnificationMod/]: Ready to unify Create and Farmer's Delight dough items!
[21May2026 14:41:18.672] [Worker-ResourceReload-0/INFO] [create_bb/]: Create: Blocks & Bogies initializing...
[21May2026 14:41:18.724] [Worker-ResourceReload-0/INFO] [dev.averageanime.neoforge.CreateFood/]: Create: Food - Startup
[21May2026 14:41:18.736] [NeoForge Version Check/INFO] [net.neoforged.fml.VersionChecker/]: [betterdays] Found status: UP_TO_DATE Current: 3.3.6.3 Target: null
[21May2026 14:41:18.737] [NeoForge Version Check/INFO] [net.neoforged.fml.VersionChecker/]: [create_jetpack] Starting version check at https://api.modrinth.com/updates/create-jetpack/forge_updates.json?neoforge=only
[21May2026 14:41:18.753] [Worker-ResourceReload-0/INFO] [sh.rsap.aeronauticscompat.AeronauticsCompat/]: [AeronauticsCompat] Sable=true Etched=false WaterFrames=false Citadel=false
[21May2026 14:41:18.754] [Worker-ResourceReload-0/INFO] [com.moddig.coldsweat_aeronautics_compat.ColdSweatAeronauticsCompat/]: Compat init. cold_sweat=true, sable=true, create_aeronautics=false
[21May2026 14:41:18.823] [Worker-ResourceReload-1/ERROR] [net.minecraft.Util/]: Invalid path in pack: pipeorgans:sounds/prestant/090-f#.wav, ignoring
[21May2026 14:41:18.846] [Worker-ResourceReload-1/WARN] [net.minecraft.client.sounds.SoundManager/]: File design_decor:sounds/large_chain/break1.ogg does not exist, cannot add it to event dndecor:large_chain_break
[21May2026 14:41:18.846] [Worker-ResourceReload-1/WARN] [net.minecraft.client.sounds.SoundManager/]: File design_decor:sounds/large_chain/break2.ogg does not exist, cannot add it to event dndecor:large_chain_break
[21May2026 14:41:18.846] [Worker-ResourceReload-1/WARN] [net.minecraft.client.sounds.SoundManager/]: File design_decor:sounds/large_chain/break3.ogg does not exist, cannot add it to event dndecor:large_chain_break
[21May2026 14:41:18.846] [Worker-ResourceReload-1/WARN] [net.minecraft.client.sounds.SoundManager/]: File design_decor:sounds/large_chain/break4.ogg does not exist, cannot add it to event dndecor:large_chain_break
[21May2026 14:41:18.847] [Worker-ResourceReload-1/WARN] [net.minecraft.client.sounds.SoundManager/]: File design_decor:sounds/large_chain/place1.ogg does not exist, cannot add it to event dndecor:large_chain_step
[21May2026 14:41:18.847] [Worker-ResourceReload-1/WARN] [net.minecraft.client.sounds.SoundManager/]: File design_decor:sounds/large_chain/place2.ogg does not exist, cannot add it to event dndecor:large_chain_step
[21May2026 14:41:18.847] [Worker-ResourceReload-1/WARN] [net.minecraft.client.sounds.SoundManager/]: File design_decor:sounds/large_chain/place3.ogg does not exist, cannot add it to event dndecor:large_chain_step
[21May2026 14:41:18.847] [Worker-ResourceReload-1/WARN] [net.minecraft.client.sounds.SoundManager/]: File design_decor:sounds/large_chain/place4.ogg does not exist, cannot add it to event dndecor:large_chain_step
[21May2026 14:41:18.847] [Worker-ResourceReload-1/WARN] [net.minecraft.client.sounds.SoundManager/]: File design_decor:sounds/large_chain/place5.ogg does not exist, cannot add it to event dndecor:large_chain_step
[21May2026 14:41:18.847] [Worker-ResourceReload-1/WARN] [net.minecraft.client.sounds.SoundManager/]: File design_decor:sounds/large_chain/place6.ogg does not exist, cannot add it to event dndecor:large_chain_step
[21May2026 14:41:18.847] [Worker-ResourceReload-1/WARN] [net.minecraft.client.sounds.SoundManager/]: File design_decor:sounds/large_chain/break1.ogg does not exist, cannot add it to event dndecor:large_chain_place
[21May2026 14:41:18.847] [Worker-ResourceReload-1/WARN] [net.minecraft.client.sounds.SoundManager/]: File design_decor:sounds/large_chain/break2.ogg does not exist, cannot add it to event dndecor:large_chain_place
[21May2026 14:41:18.847] [Worker-ResourceReload-1/WARN] [net.minecraft.client.sounds.SoundManager/]: File design_decor:sounds/large_chain/break3.ogg does not exist, cannot add it to event dndecor:large_chain_place
[21May2026 14:41:18.847] [Worker-ResourceReload-1/WARN] [net.minecraft.client.sounds.SoundManager/]: File design_decor:sounds/large_chain/break4.ogg does not exist, cannot add it to event dndecor:large_chain_place
[21May2026 14:41:18.847] [Worker-ResourceReload-1/WARN] [net.minecraft.client.sounds.SoundManager/]: File design_decor:sounds/large_chain/place1.ogg does not exist, cannot add it to event dndecor:large_chain_hit
[21May2026 14:41:18.847] [Worker-ResourceReload-1/WARN] [net.minecraft.client.sounds.SoundManager/]: File design_decor:sounds/large_chain/place2.ogg does not exist, cannot add it to event dndecor:large_chain_hit
[21May2026 14:41:18.847] [Worker-ResourceReload-1/WARN] [net.minecraft.client.sounds.SoundManager/]: File design_decor:sounds/large_chain/place3.ogg does not exist, cannot add it to event dndecor:large_chain_hit
[21May2026 14:41:18.847] [Worker-ResourceReload-1/WARN] [net.minecraft.client.sounds.SoundManager/]: File design_decor:sounds/large_chain/place4.ogg does not exist, cannot add it to event dndecor:large_chain_hit
[21May2026 14:41:18.847] [Worker-ResourceReload-1/WARN] [net.minecraft.client.sounds.SoundManager/]: File design_decor:sounds/large_chain/place5.ogg does not exist, cannot add it to event dndecor:large_chain_hit
[21May2026 14:41:18.847] [Worker-ResourceReload-1/WARN] [net.minecraft.client.sounds.SoundManager/]: File design_decor:sounds/large_chain/place6.ogg does not exist, cannot add it to event dndecor:large_chain_hit
[21May2026 14:41:18.847] [Worker-ResourceReload-1/WARN] [net.minecraft.client.sounds.SoundManager/]: File design_decor:sounds/large_chain/place1.ogg does not exist, cannot add it to event dndecor:large_chain_fall
[21May2026 14:41:18.847] [Worker-ResourceReload-1/WARN] [net.minecraft.client.sounds.SoundManager/]: File design_decor:sounds/large_chain/place2.ogg does not exist, cannot add it to event dndecor:large_chain_fall
[21May2026 14:41:18.847] [Worker-ResourceReload-1/WARN] [net.minecraft.client.sounds.SoundManager/]: File design_decor:sounds/large_chain/place3.ogg does not exist, cannot add it to event dndecor:large_chain_fall
[21May2026 14:41:18.847] [Worker-ResourceReload-1/WARN] [net.minecraft.client.sounds.SoundManager/]: File design_decor:sounds/large_chain/place4.ogg does not exist, cannot add it to event dndecor:large_chain_fall
[21May2026 14:41:18.847] [Worker-ResourceReload-1/WARN] [net.minecraft.client.sounds.SoundManager/]: File design_decor:sounds/large_chain/place5.ogg does not exist, cannot add it to event dndecor:large_chain_fall
[21May2026 14:41:18.848] [Worker-ResourceReload-1/WARN] [net.minecraft.client.sounds.SoundManager/]: File design_decor:sounds/large_chain/place6.ogg does not exist, cannot add it to event dndecor:large_chain_fall
[21May2026 14:41:18.860] [NeoForge Version Check/INFO] [net.neoforged.fml.VersionChecker/]: [create_jetpack] Found status: UP_TO_DATE Current: 5.1.2 Target: null
[21May2026 14:41:18.860] [NeoForge Version Check/INFO] [net.neoforged.fml.VersionChecker/]: [corpse] Starting version check at https://update.maxhenkel.de/neoforge/corpse
[21May2026 14:41:18.935] [Worker-ResourceReload-6/WARN] [net.minecraft.server.packs.PathPackResources/]: Non [a-z0-9_.-] character in namespace LICENSE in pack , ignoring
[21May2026 14:41:18.951] [Render thread/ERROR] [net.minecraft.Util/]: Invalid path in pack: dndecor:textures/block/old/zinc_catwalk - kopie.png, ignoring
[21May2026 14:41:18.971] [Worker-ResourceReload-5/INFO] [net.minecraft.client.gui.font.providers.UnihexProvider/]: Found unifont_all_no_pua-15.1.05.hex, loading
[21May2026 14:41:19.036] [Render thread/ERROR] [net.minecraft.Util/]: Invalid path in pack: create_things_and_misc:textures/item/vibration_mechanism2 copie.png, ignoring
[21May2026 14:41:19.085] [Worker-ResourceReload-9/ERROR] [net.minecraft.Util/]: Invalid path in pack: dndecor:textures/block/old/zinc_catwalk - kopie.png, ignoring
[21May2026 14:41:19.299] [Worker-ResourceReload-18/INFO] [EMIffect/]: Added extra stack appender for effect with ID: minecraft:bad_omen
[21May2026 14:41:19.300] [Worker-ResourceReload-18/INFO] [EMIffect/]: Added extra stack appender for effect with ID: minecraft:bad_omen
[21May2026 14:41:19.300] [Worker-ResourceReload-18/INFO] [EMIffect/]: Added extra stack appender for effect with ID: minecraft:conduit_power
[21May2026 14:41:19.300] [Worker-ResourceReload-18/INFO] [EMIffect/]: Added extra stack appender for effect with ID: minecraft:darkness
[21May2026 14:41:19.300] [Worker-ResourceReload-18/INFO] [EMIffect/]: Added extra stack appender for effect with ID: minecraft:hunger
[21May2026 14:41:19.301] [Worker-ResourceReload-18/INFO] [EMIffect/]: Added extra stack appender for effect with ID: minecraft:levitation
[21May2026 14:41:19.302] [Worker-ResourceReload-18/INFO] [EMIffect/]: Added extra stack appender for effect with ID: minecraft:mining_fatigue
[21May2026 14:41:19.302] [Worker-ResourceReload-18/INFO] [EMIffect/]: Added extra stack appender for effect with ID: minecraft:water_breathing
[21May2026 14:41:19.302] [Worker-ResourceReload-18/INFO] [EMIffect/]: Added extra stack appender for effect with ID: minecraft:wither
[21May2026 14:41:19.369] [Render thread/INFO] [moreculling/]: Cached all modded block culling states
[21May2026 14:41:19.460] [Render thread/WARN] [com.mk2525.vsfluidlink.VsFluidLinkMod/]: Create BlockStressValues class not found
[21May2026 14:41:19.494] [Worker-ResourceReload-9/ERROR] [net.minecraft.Util/]: Invalid path in pack: create_things_and_misc:textures/item/vibration_mechanism2 copie.png, ignoring
[21May2026 14:41:19.543] [Render thread/INFO] [com.tiviacz.travelersbackpack.TravelersBackpack/]: Registered the FluidEffect with Unique ID of minecraft:water for Water (Fluid Amount Required: 1000) with the ID 0
[21May2026 14:41:19.544] [Render thread/INFO] [com.tiviacz.travelersbackpack.TravelersBackpack/]: Registered the FluidEffect with Unique ID of minecraft:lava for Lava (Fluid Amount Required: 1000) with the ID 1
[21May2026 14:41:19.547] [Render thread/INFO] [com.tiviacz.travelersbackpack.TravelersBackpack/]: Registered the FluidEffect with Unique ID of travelersbackpack:potion for item.minecraft.potion.effect.empty.effect.empty (Fluid Amount Required: 250) with the ID 2
[21May2026 14:41:19.548] [Render thread/INFO] [com.tiviacz.travelersbackpack.TravelersBackpack/]: Registered the FluidEffect with Unique ID of minecraft:milk for Milk (Fluid Amount Required: 1000) with the ID 3
[21May2026 14:41:19.556] [Worker-ResourceReload-9/WARN] [net.minecraft.client.renderer.texture.atlas.sources.SingleFile/]: Missing sprite: bits_n_bobs:textures/blocks/nixie_board/text_atlas.png
[21May2026 14:41:19.576] [Worker-ResourceReload-9/WARN] [net.minecraft.client.renderer.texture.atlas.sources.SingleFile/]: Missing sprite: untitledduckmod:textures/entity/duck.png
[21May2026 14:41:19.576] [Worker-ResourceReload-9/WARN] [net.minecraft.client.renderer.texture.atlas.sources.SingleFile/]: Missing sprite: untitledduckmod:textures/entity/duck_female.png
[21May2026 14:41:19.576] [Worker-ResourceReload-9/WARN] [net.minecraft.client.renderer.texture.atlas.sources.SingleFile/]: Missing sprite: untitledduckmod:textures/entity/duck_campbell.png
[21May2026 14:41:19.576] [Worker-ResourceReload-9/WARN] [net.minecraft.client.renderer.texture.atlas.sources.SingleFile/]: Missing sprite: untitledduckmod:textures/entity/duck_pekin.png
[21May2026 14:41:19.576] [Worker-ResourceReload-9/WARN] [net.minecraft.client.renderer.texture.atlas.sources.SingleFile/]: Missing sprite: untitledduckmod:textures/entity/goose.png
[21May2026 14:41:19.576] [Worker-ResourceReload-9/WARN] [net.minecraft.client.renderer.texture.atlas.sources.SingleFile/]: Missing sprite: untitledduckmod:textures/entity/canadian_goose.png
[21May2026 14:41:19.576] [Worker-ResourceReload-9/WARN] [net.minecraft.client.renderer.texture.atlas.sources.SingleFile/]: Missing sprite: untitledduckmod:textures/entity/sus_goose.png
[21May2026 14:41:19.576] [Worker-ResourceReload-9/WARN] [net.minecraft.client.renderer.texture.atlas.sources.SingleFile/]: Missing sprite: untitledduckmod:textures/entity/ping_goose.png
[21May2026 14:41:19.576] [Worker-ResourceReload-9/WARN] [net.minecraft.client.renderer.texture.atlas.sources.SingleFile/]: Missing sprite: untitledduckmod:textures/entity/untitled_goose.png
[21May2026 14:41:19.583] [NeoForge Version Check/INFO] [net.neoforged.fml.VersionChecker/]: [corpse] Found status: BETA Current: 1.21.1-1.1.13 Target: 1.21.1-1.1.13
[21May2026 14:41:19.583] [NeoForge Version Check/INFO] [net.neoforged.fml.VersionChecker/]: [searchables] Starting version check at https://updates.blamejared.com/get?n=searchables&gv=1.21.1&ml=neoforge
[21May2026 14:41:19.761] [Render thread/INFO] [ShulkerBoxTooltip/]: [ShulkerBoxTooltip] Could not find configuration file, creating default file
[21May2026 14:41:19.791] [Worker-ResourceReload-5/INFO] [net.minecraft.client.gui.font.providers.UnihexProvider/]: Found unifont_jp_patch-15.1.05.hex, loading
[21May2026 14:41:20.077] [NeoForge Version Check/INFO] [net.neoforged.fml.VersionChecker/]: [searchables] Found status: BETA Current: 1.0.2 Target: 1.0.2
[21May2026 14:41:20.077] [NeoForge Version Check/INFO] [net.neoforged.fml.VersionChecker/]: [dynamic_fps] Starting version check at https://api.lostluma.net/updates/dynamic-fps?platform=neoforge
[21May2026 14:41:20.415] [Worker-ResourceReload-9/WARN] [net.minecraft.client.renderer.texture.SpriteLoader/]: Texture create_things_and_misc:block/red7 with size 12x12 limits mip level from 4 to 2
[21May2026 14:41:20.416] [Worker-ResourceReload-9/WARN] [net.minecraft.client.renderer.texture.SpriteLoader/]: Texture createmetallurgy:block/palettes/stone_types/slag_tiny_bricks with size 225x225 limits mip level from 2 to 0
[21May2026 14:41:20.626] [NeoForge Version Check/INFO] [net.neoforged.fml.VersionChecker/]: [dynamic_fps] Found status: UP_TO_DATE Current: 3.11.4 Target: null
[21May2026 14:41:20.626] [NeoForge Version Check/INFO] [net.neoforged.fml.VersionChecker/]: [controlling] Starting version check at https://updates.blamejared.com/get?n=controlling&gv=1.21.1&ml=neoforge
[21May2026 14:41:20.770] [NeoForge Version Check/INFO] [net.neoforged.fml.VersionChecker/]: [controlling] Found status: BETA Current: 19.0.5 Target: 19.0.5
[21May2026 14:41:20.770] [NeoForge Version Check/INFO] [net.neoforged.fml.VersionChecker/]: [create_connected] Starting version check at https://raw.githubusercontent.com/hlysine/create_connected/main/update.json
[21May2026 14:41:20.781] [NeoForge Version Check/INFO] [net.neoforged.fml.VersionChecker/]: [create_connected] Found status: UP_TO_DATE Current: 1.1.16-mc1.21.1 Target: null
[21May2026 14:41:20.781] [NeoForge Version Check/INFO] [net.neoforged.fml.VersionChecker/]: [copycats] Starting version check at https://raw.githubusercontent.com/copycats-plus/copycats/multiloader/update.json
[21May2026 14:41:20.792] [NeoForge Version Check/INFO] [net.neoforged.fml.VersionChecker/]: [copycats] Found status: AHEAD Current: 3.0.4+mc.1.21.1-neoforge Target: null
[21May2026 14:41:20.792] [NeoForge Version Check/INFO] [net.neoforged.fml.VersionChecker/]: [create] Starting version check at https://api.modrinth.com/updates/create/forge_updates.json?neoforge=only
[21May2026 14:41:20.892] [NeoForge Version Check/INFO] [net.neoforged.fml.VersionChecker/]: [create] Found status: OUTDATED Current: 6.0.10 Target: 6.0.10+mc1.21.1
[21May2026 14:41:20.892] [NeoForge Version Check/INFO] [net.neoforged.fml.VersionChecker/]: [sliceanddice] Starting version check at https://api.modrinth.com/updates/slice-and-dice/forge_updates.json?neoforge=only
[21May2026 14:41:20.980] [NeoForge Version Check/INFO] [net.neoforged.fml.VersionChecker/]: [sliceanddice] Found status: UP_TO_DATE Current: 4.2.4 Target: null
[21May2026 14:41:20.980] [NeoForge Version Check/INFO] [net.neoforged.fml.VersionChecker/]: [mr_farmers_cuttingregionsunexplored] Starting version check at https://api.modrinth.com/updates/lFKDc2ny/forge_updates.json?neoforge=only
[21May2026 14:41:21.056] [NeoForge Version Check/INFO] [net.neoforged.fml.VersionChecker/]: [mr_farmers_cuttingregionsunexplored] Found status: OUTDATED Current: 1.21.1-1.1b-neoforge Target: 1.21.1-1.1b-neoforge+mod
[21May2026 14:41:21.057] [NeoForge Version Check/INFO] [net.neoforged.fml.VersionChecker/]: [mr_stoat] Starting version check at https://api.modrinth.com/updates/fhMTnqBJ/forge_updates.json?neoforge=only
[21May2026 14:41:21.132] [NeoForge Version Check/INFO] [net.neoforged.fml.VersionChecker/]: [mr_stoat] Found status: OUTDATED Current: 1.1 Target: 1.1+mod
[21May2026 14:41:21.132] [NeoForge Version Check/INFO] [net.neoforged.fml.VersionChecker/]: [createaddoncompatibility] Starting version check at https://api.modrinth.com/updates/QgrK9rtJ/forge_updates.json
[21May2026 14:41:21.206] [NeoForge Version Check/INFO] [net.neoforged.fml.VersionChecker/]: [createaddoncompatibility] Found status: BETA Current: 1.0.0 Target: null
[21May2026 14:41:21.206] [NeoForge Version Check/INFO] [net.neoforged.fml.VersionChecker/]: [betterf3] Starting version check at https://api.modrinth.com/updates/betterf3/forge_updates.json
[21May2026 14:41:21.211] [Worker-ResourceReload-15/ERROR] [Veil/]: Failed to load icon for pack: mod/createlazytick
java.lang.IllegalArgumentException: Illegal segment .. in path [.., .., icon.png]
	at TRANSFORMER/minecraft@1.21.1/net.minecraft.FileUtil.validatePath(FileUtil.java:179) ~[client-1.21.1-20240808.144430-srg.jar%23373!/:?]
	at TRANSFORMER/minecraft@1.21.1/net.minecraft.server.packs.PathPackResources.getRootResource(PathPackResources.java:43) ~[client-1.21.1-20240808.144430-srg.jar%23373!/:?]
	at TRANSFORMER/minecraft@1.21.1/net.minecraft.server.packs.PathPackResources.veil$getIcon(PathPackResources.java:610) ~[client-1.21.1-20240808.144430-srg.jar%23373!/:?]
	at TRANSFORMER/veil@4.0.0/foundry.veil.impl.resource.VeilResourceManagerImpl.lambda$reloadClient$5(VeilResourceManagerImpl.java:177) ~[veil-neoforge-1.21.1-4.0.0.jar%23830!/:4.0.0]
	at java.base/java.util.stream.ForEachOps$ForEachOp$OfRef.accept(ForEachOps.java:184) ~[?:?]
	at java.base/java.util.stream.Streams$StreamBuilderImpl.forEachRemaining(Streams.java:411) ~[?:?]
	at java.base/java.util.stream.ReferencePipeline$Head.forEach(ReferencePipeline.java:762) ~[?:?]
	at java.base/java.util.stream.ReferencePipeline$7$1.accept(ReferencePipeline.java:276) ~[?:?]
	at java.base/java.util.AbstractList$RandomAccessSpliterator.forEachRemaining(AbstractList.java:722) ~[?:?]
	at java.base/java.util.stream.AbstractPipeline.copyInto(AbstractPipeline.java:509) ~[?:?]
	at java.base/java.util.stream.AbstractPipeline.wrapAndCopyInto(AbstractPipeline.java:499) ~[?:?]
	at java.base/java.util.stream.ForEachOps$ForEachOp.evaluateSequential(ForEachOps.java:151) ~[?:?]
	at java.base/java.util.stream.ForEachOps$ForEachOp$OfRef.evaluateSequential(ForEachOps.java:174) ~[?:?]
	at java.base/java.util.stream.AbstractPipeline.evaluate(AbstractPipeline.java:234) ~[?:?]
	at java.base/java.util.stream.ReferencePipeline.forEach(ReferencePipeline.java:596) ~[?:?]
	at TRANSFORMER/veil@4.0.0/foundry.veil.impl.resource.VeilResourceManagerImpl.lambda$reloadClient$6(VeilResourceManagerImpl.java:170) ~[veil-neoforge-1.21.1-4.0.0.jar%23830!/:4.0.0]
	at java.base/java.util.concurrent.CompletableFuture$AsyncSupply.run(CompletableFuture.java:1768) [?:?]
	at java.base/java.util.concurrent.CompletableFuture$AsyncSupply.exec(CompletableFuture.java:1760) [?:?]
	at java.base/java.util.concurrent.ForkJoinTask.doExec(ForkJoinTask.java:387) [?:?]
	at java.base/java.util.concurrent.ForkJoinPool$WorkQueue.topLevelExec(ForkJoinPool.java:1312) [?:?]
	at java.base/java.util.concurrent.ForkJoinPool.scan(ForkJoinPool.java:1843) [?:?]
	at java.base/java.util.concurrent.ForkJoinPool.runWorker(ForkJoinPool.java:1808) [?:?]
	at java.base/java.util.concurrent.ForkJoinWorkerThread.run(ForkJoinWorkerThread.java:188) [?:?]
[21May2026 14:41:21.261] [Worker-ResourceReload-17/ERROR] [net.minecraft.client.resources.model.ModelManager/]: Failed to load model gnkinetics:models/block/planetary_gear/planet_gear_model.json
com.google.gson.JsonParseException: Invalid rotation 30.0 found, only -45/-22.5/0/22.5/45 allowed
	at TRANSFORMER/minecraft@1.21.1/net.minecraft.client.renderer.block.model.BlockElement$Deserializer.getAngle(BlockElement.java:115) ~[client-1.21.1-20240808.144430-srg.jar%23373!/:?]
	at TRANSFORMER/minecraft@1.21.1/net.minecraft.client.renderer.block.model.BlockElement$Deserializer.getRotation(BlockElement.java:104) ~[client-1.21.1-20240808.144430-srg.jar%23373!/:?]
	at TRANSFORMER/minecraft@1.21.1/net.minecraft.client.renderer.block.model.BlockElement$Deserializer.deserialize(BlockElement.java:84) ~[client-1.21.1-20240808.144430-srg.jar%23373!/:?]
	at TRANSFORMER/minecraft@1.21.1/net.minecraft.client.renderer.block.model.BlockElement$Deserializer.deserialize(BlockElement.java:76) ~[client-1.21.1-20240808.144430-srg.jar%23373!/:?]
	at MC-BOOTSTRAP/com.google.gson@2.10.1/com.google.gson.internal.bind.TreeTypeAdapter.read(TreeTypeAdapter.java:76) ~[gson-2.10.1.jar%23123!/:?]
	at MC-BOOTSTRAP/com.google.gson@2.10.1/com.google.gson.Gson.fromJson(Gson.java:1227) ~[gson-2.10.1.jar%23123!/:?]
	at MC-BOOTSTRAP/com.google.gson@2.10.1/com.google.gson.Gson.fromJson(Gson.java:1329) ~[gson-2.10.1.jar%23123!/:?]
	at MC-BOOTSTRAP/com.google.gson@2.10.1/com.google.gson.Gson.fromJson(Gson.java:1300) ~[gson-2.10.1.jar%23123!/:?]
	at MC-BOOTSTRAP/com.google.gson@2.10.1/com.google.gson.internal.bind.TreeTypeAdapter$GsonContextImpl.deserialize(TreeTypeAdapter.java:179) ~[gson-2.10.1.jar%23123!/:?]
	at TRANSFORMER/minecraft@1.21.1/net.minecraft.client.renderer.block.model.BlockModel$Deserializer.getElements(BlockModel.java:409) ~[client-1.21.1-20240808.144430-srg.jar%23373!/:?]
	at TRANSFORMER/minecraft@1.21.1/net.minecraft.client.renderer.block.model.BlockModel$Deserializer.deserialize(BlockModel.java:338) ~[client-1.21.1-20240808.144430-srg.jar%23373!/:?]
	at TRANSFORMER/neoforge@21.1.230/net.neoforged.neoforge.client.model.ExtendedBlockModelDeserializer.deserialize(ExtendedBlockModelDeserializer.java:51) ~[neoforge-21.1.230-universal.jar%23374!/:?]
	at TRANSFORMER/neoforge@21.1.230/net.neoforged.neoforge.client.model.ExtendedBlockModelDeserializer.deserialize(ExtendedBlockModelDeserializer.java:37) ~[neoforge-21.1.230-universal.jar%23374!/:?]
	at MC-BOOTSTRAP/com.google.gson@2.10.1/com.google.gson.internal.bind.TreeTypeAdapter.read(TreeTypeAdapter.java:76) ~[gson-2.10.1.jar%23123!/:?]
	at TRANSFORMER/minecraft@1.21.1/net.minecraft.util.GsonHelper.fromNullableJson(GsonHelper.java:525) ~[client-1.21.1-20240808.144430-srg.jar%23373!/:?]
	at TRANSFORMER/minecraft@1.21.1/net.minecraft.util.GsonHelper.fromJson(GsonHelper.java:532) ~[client-1.21.1-20240808.144430-srg.jar%23373!/:?]
	at TRANSFORMER/minecraft@1.21.1/net.minecraft.util.GsonHelper.fromJson(GsonHelper.java:582) ~[client-1.21.1-20240808.144430-srg.jar%23373!/:?]
	at TRANSFORMER/minecraft@1.21.1/net.minecraft.client.renderer.block.model.BlockModel.fromStream(BlockModel.java:83) ~[client-1.21.1-20240808.144430-srg.jar%23373!/:?]
	at TRANSFORMER/minecraft@1.21.1/net.minecraft.client.resources.model.ModelManager.lambda$loadBlockModels$8(ModelManager.java:144) ~[client-1.21.1-20240808.144430-srg.jar%23373!/:?]
	at java.base/java.util.concurrent.CompletableFuture$AsyncSupply.run(CompletableFuture.java:1768) [?:?]
	at java.base/java.util.concurrent.CompletableFuture$AsyncSupply.exec(CompletableFuture.java:1760) [?:?]
	at java.base/java.util.concurrent.ForkJoinTask.doExec(ForkJoinTask.java:387) [?:?]
	at java.base/java.util.concurrent.ForkJoinPool$WorkQueue.topLevelExec(ForkJoinPool.java:1312) [?:?]
	at java.base/java.util.concurrent.ForkJoinPool.scan(ForkJoinPool.java:1843) [?:?]
	at java.base/java.util.concurrent.ForkJoinPool.runWorker(ForkJoinPool.java:1808) [?:?]
	at java.base/java.util.concurrent.ForkJoinWorkerThread.run(ForkJoinWorkerThread.java:188) [?:?]
[21May2026 14:41:21.294] [NeoForge Version Check/INFO] [net.neoforged.fml.VersionChecker/]: [betterf3] Found status: UP_TO_DATE Current: 11.0.3 Target: null
[21May2026 14:41:21.418] [Worker-ResourceReload-15/ERROR] [Veil/]: Failed to load icon for pack: mod/create_tweaked_controllers
java.lang.IllegalArgumentException: Illegal segment .. in path [.., resources, logo.png]
	at TRANSFORMER/minecraft@1.21.1/net.minecraft.FileUtil.validatePath(FileUtil.java:179) ~[client-1.21.1-20240808.144430-srg.jar%23373!/:?]
	at TRANSFORMER/minecraft@1.21.1/net.minecraft.server.packs.PathPackResources.getRootResource(PathPackResources.java:43) ~[client-1.21.1-20240808.144430-srg.jar%23373!/:?]
	at TRANSFORMER/minecraft@1.21.1/net.minecraft.server.packs.PathPackResources.veil$getIcon(PathPackResources.java:610) ~[client-1.21.1-20240808.144430-srg.jar%23373!/:?]
	at TRANSFORMER/veil@4.0.0/foundry.veil.impl.resource.VeilResourceManagerImpl.lambda$reloadClient$5(VeilResourceManagerImpl.java:177) ~[veil-neoforge-1.21.1-4.0.0.jar%23830!/:4.0.0]
	at java.base/java.util.stream.ForEachOps$ForEachOp$OfRef.accept(ForEachOps.java:184) ~[?:?]
	at java.base/java.util.stream.Streams$StreamBuilderImpl.forEachRemaining(Streams.java:411) ~[?:?]
	at java.base/java.util.stream.ReferencePipeline$Head.forEach(ReferencePipeline.java:762) ~[?:?]
	at java.base/java.util.stream.ReferencePipeline$7$1.accept(ReferencePipeline.java:276) ~[?:?]
	at java.base/java.util.AbstractList$RandomAccessSpliterator.forEachRemaining(AbstractList.java:722) ~[?:?]
	at java.base/java.util.stream.AbstractPipeline.copyInto(AbstractPipeline.java:509) ~[?:?]
	at java.base/java.util.stream.AbstractPipeline.wrapAndCopyInto(AbstractPipeline.java:499) ~[?:?]
	at java.base/java.util.stream.ForEachOps$ForEachOp.evaluateSequential(ForEachOps.java:151) ~[?:?]
	at java.base/java.util.stream.ForEachOps$ForEachOp$OfRef.evaluateSequential(ForEachOps.java:174) ~[?:?]
	at java.base/java.util.stream.AbstractPipeline.evaluate(AbstractPipeline.java:234) ~[?:?]
	at java.base/java.util.stream.ReferencePipeline.forEach(ReferencePipeline.java:596) ~[?:?]
	at TRANSFORMER/veil@4.0.0/foundry.veil.impl.resource.VeilResourceManagerImpl.lambda$reloadClient$6(VeilResourceManagerImpl.java:170) ~[veil-neoforge-1.21.1-4.0.0.jar%23830!/:4.0.0]
	at java.base/java.util.concurrent.CompletableFuture$AsyncSupply.run(CompletableFuture.java:1768) [?:?]
	at java.base/java.util.concurrent.CompletableFuture$AsyncSupply.exec(CompletableFuture.java:1760) [?:?]
	at java.base/java.util.concurrent.ForkJoinTask.doExec(ForkJoinTask.java:387) [?:?]
	at java.base/java.util.concurrent.ForkJoinPool$WorkQueue.topLevelExec(ForkJoinPool.java:1312) [?:?]
	at java.base/java.util.concurrent.ForkJoinPool.scan(ForkJoinPool.java:1843) [?:?]
	at java.base/java.util.concurrent.ForkJoinPool.runWorker(ForkJoinPool.java:1808) [?:?]
	at java.base/java.util.concurrent.ForkJoinWorkerThread.run(ForkJoinWorkerThread.java:188) [?:?]
[21May2026 14:41:21.569] [Worker-ResourceReload-0/ERROR] [net.minecraft.client.resources.model.ModelManager/]: Failed to load model trackwork:models/block/wheels.json
com.google.gson.JsonSyntaxException: Missing axis, expected to find a string
	at TRANSFORMER/minecraft@1.21.1/net.minecraft.util.GsonHelper.getAsString(GsonHelper.java:128) ~[client-1.21.1-20240808.144430-srg.jar%23373!/:?]
	at TRANSFORMER/minecraft@1.21.1/net.minecraft.client.renderer.block.model.BlockElement$Deserializer.getAxis(BlockElement.java:122) ~[client-1.21.1-20240808.144430-srg.jar%23373!/:?]
	at TRANSFORMER/minecraft@1.21.1/net.minecraft.client.renderer.block.model.BlockElement$Deserializer.getRotation(BlockElement.java:103) ~[client-1.21.1-20240808.144430-srg.jar%23373!/:?]
	at TRANSFORMER/minecraft@1.21.1/net.minecraft.client.renderer.block.model.BlockElement$Deserializer.deserialize(BlockElement.java:84) ~[client-1.21.1-20240808.144430-srg.jar%23373!/:?]
	at TRANSFORMER/minecraft@1.21.1/net.minecraft.client.renderer.block.model.BlockElement$Deserializer.deserialize(BlockElement.java:76) ~[client-1.21.1-20240808.144430-srg.jar%23373!/:?]
	at MC-BOOTSTRAP/com.google.gson@2.10.1/com.google.gson.internal.bind.TreeTypeAdapter.read(TreeTypeAdapter.java:76) ~[gson-2.10.1.jar%23123!/:?]
	at MC-BOOTSTRAP/com.google.gson@2.10.1/com.google.gson.Gson.fromJson(Gson.java:1227) ~[gson-2.10.1.jar%23123!/:?]
	at MC-BOOTSTRAP/com.google.gson@2.10.1/com.google.gson.Gson.fromJson(Gson.java:1329) ~[gson-2.10.1.jar%23123!/:?]
	at MC-BOOTSTRAP/com.google.gson@2.10.1/com.google.gson.Gson.fromJson(Gson.java:1300) ~[gson-2.10.1.jar%23123!/:?]
	at MC-BOOTSTRAP/com.google.gson@2.10.1/com.google.gson.internal.bind.TreeTypeAdapter$GsonContextImpl.deserialize(TreeTypeAdapter.java:179) ~[gson-2.10.1.jar%23123!/:?]
	at TRANSFORMER/minecraft@1.21.1/net.minecraft.client.renderer.block.model.BlockModel$Deserializer.getElements(BlockModel.java:409) ~[client-1.21.1-20240808.144430-srg.jar%23373!/:?]
	at TRANSFORMER/minecraft@1.21.1/net.minecraft.client.renderer.block.model.BlockModel$Deserializer.deserialize(BlockModel.java:338) ~[client-1.21.1-20240808.144430-srg.jar%23373!/:?]
	at TRANSFORMER/neoforge@21.1.230/net.neoforged.neoforge.client.model.ExtendedBlockModelDeserializer.deserialize(ExtendedBlockModelDeserializer.java:51) ~[neoforge-21.1.230-universal.jar%23374!/:?]
	at TRANSFORMER/neoforge@21.1.230/net.neoforged.neoforge.client.model.ExtendedBlockModelDeserializer.deserialize(ExtendedBlockModelDeserializer.java:37) ~[neoforge-21.1.230-universal.jar%23374!/:?]
	at MC-BOOTSTRAP/com.google.gson@2.10.1/com.google.gson.internal.bind.TreeTypeAdapter.read(TreeTypeAdapter.java:76) ~[gson-2.10.1.jar%23123!/:?]
	at TRANSFORMER/minecraft@1.21.1/net.minecraft.util.GsonHelper.fromNullableJson(GsonHelper.java:525) ~[client-1.21.1-20240808.144430-srg.jar%23373!/:?]
	at TRANSFORMER/minecraft@1.21.1/net.minecraft.util.GsonHelper.fromJson(GsonHelper.java:532) ~[client-1.21.1-20240808.144430-srg.jar%23373!/:?]
	at TRANSFORMER/minecraft@1.21.1/net.minecraft.util.GsonHelper.fromJson(GsonHelper.java:582) ~[client-1.21.1-20240808.144430-srg.jar%23373!/:?]
	at TRANSFORMER/minecraft@1.21.1/net.minecraft.client.renderer.block.model.BlockModel.fromStream(BlockModel.java:83) ~[client-1.21.1-20240808.144430-srg.jar%23373!/:?]
	at TRANSFORMER/minecraft@1.21.1/net.minecraft.client.resources.model.ModelManager.lambda$loadBlockModels$8(ModelManager.java:144) ~[client-1.21.1-20240808.144430-srg.jar%23373!/:?]
	at java.base/java.util.concurrent.CompletableFuture$AsyncSupply.run(CompletableFuture.java:1768) [?:?]
	at java.base/java.util.concurrent.CompletableFuture$AsyncSupply.exec(CompletableFuture.java:1760) [?:?]
	at java.base/java.util.concurrent.ForkJoinTask.doExec(ForkJoinTask.java:387) [?:?]
	at java.base/java.util.concurrent.ForkJoinPool$WorkQueue.topLevelExec(ForkJoinPool.java:1312) [?:?]
	at java.base/java.util.concurrent.ForkJoinPool.scan(ForkJoinPool.java:1843) [?:?]
	at java.base/java.util.concurrent.ForkJoinPool.runWorker(ForkJoinPool.java:1808) [?:?]
	at java.base/java.util.concurrent.ForkJoinWorkerThread.run(ForkJoinWorkerThread.java:188) [?:?]
[21May2026 14:41:21.577] [Worker-ResourceReload-16/ERROR] [net.minecraft.client.resources.model.ModelManager/]: Failed to load model create_things_and_misc:models/custom/blazeblock.json
com.google.gson.JsonParseException: Invalid rotation 135.0 found, only -45/-22.5/0/22.5/45 allowed
	at TRANSFORMER/minecraft@1.21.1/net.minecraft.client.renderer.block.model.BlockElement$Deserializer.getAngle(BlockElement.java:115) ~[client-1.21.1-20240808.144430-srg.jar%23373!/:?]
	at TRANSFORMER/minecraft@1.21.1/net.minecraft.client.renderer.block.model.BlockElement$Deserializer.getRotation(BlockElement.java:104) ~[client-1.21.1-20240808.144430-srg.jar%23373!/:?]
	at TRANSFORMER/minecraft@1.21.1/net.minecraft.client.renderer.block.model.BlockElement$Deserializer.deserialize(BlockElement.java:84) ~[client-1.21.1-20240808.144430-srg.jar%23373!/:?]
	at TRANSFORMER/minecraft@1.21.1/net.minecraft.client.renderer.block.model.BlockElement$Deserializer.deserialize(BlockElement.java:76) ~[client-1.21.1-20240808.144430-srg.jar%23373!/:?]
	at MC-BOOTSTRAP/com.google.gson@2.10.1/com.google.gson.internal.bind.TreeTypeAdapter.read(TreeTypeAdapter.java:76) ~[gson-2.10.1.jar%23123!/:?]
	at MC-BOOTSTRAP/com.google.gson@2.10.1/com.google.gson.Gson.fromJson(Gson.java:1227) ~[gson-2.10.1.jar%23123!/:?]
	at MC-BOOTSTRAP/com.google.gson@2.10.1/com.google.gson.Gson.fromJson(Gson.java:1329) ~[gson-2.10.1.jar%23123!/:?]
	at MC-BOOTSTRAP/com.google.gson@2.10.1/com.google.gson.Gson.fromJson(Gson.java:1300) ~[gson-2.10.1.jar%23123!/:?]
	at MC-BOOTSTRAP/com.google.gson@2.10.1/com.google.gson.internal.bind.TreeTypeAdapter$GsonContextImpl.deserialize(TreeTypeAdapter.java:179) ~[gson-2.10.1.jar%23123!/:?]
	at TRANSFORMER/minecraft@1.21.1/net.minecraft.client.renderer.block.model.BlockModel$Deserializer.getElements(BlockModel.java:409) ~[client-1.21.1-20240808.144430-srg.jar%23373!/:?]
	at TRANSFORMER/minecraft@1.21.1/net.minecraft.client.renderer.block.model.BlockModel$Deserializer.deserialize(BlockModel.java:338) ~[client-1.21.1-20240808.144430-srg.jar%23373!/:?]
	at TRANSFORMER/neoforge@21.1.230/net.neoforged.neoforge.client.model.ExtendedBlockModelDeserializer.deserialize(ExtendedBlockModelDeserializer.java:51) ~[neoforge-21.1.230-universal.jar%23374!/:?]
	at TRANSFORMER/neoforge@21.1.230/net.neoforged.neoforge.client.model.ExtendedBlockModelDeserializer.deserialize(ExtendedBlockModelDeserializer.java:37) ~[neoforge-21.1.230-universal.jar%23374!/:?]
	at MC-BOOTSTRAP/com.google.gson@2.10.1/com.google.gson.internal.bind.TreeTypeAdapter.read(TreeTypeAdapter.java:76) ~[gson-2.10.1.jar%23123!/:?]
	at TRANSFORMER/minecraft@1.21.1/net.minecraft.util.GsonHelper.fromNullableJson(GsonHelper.java:525) ~[client-1.21.1-20240808.144430-srg.jar%23373!/:?]
	at TRANSFORMER/minecraft@1.21.1/net.minecraft.util.GsonHelper.fromJson(GsonHelper.java:532) ~[client-1.21.1-20240808.144430-srg.jar%23373!/:?]
	at TRANSFORMER/minecraft@1.21.1/net.minecraft.util.GsonHelper.fromJson(GsonHelper.java:582) ~[client-1.21.1-20240808.144430-srg.jar%23373!/:?]
	at TRANSFORMER/minecraft@1.21.1/net.minecraft.client.renderer.block.model.BlockModel.fromStream(BlockModel.java:83) ~[client-1.21.1-20240808.144430-srg.jar%23373!/:?]
	at TRANSFORMER/minecraft@1.21.1/net.minecraft.client.resources.model.ModelManager.lambda$loadBlockModels$8(ModelManager.java:144) ~[client-1.21.1-20240808.144430-srg.jar%23373!/:?]
	at java.base/java.util.concurrent.CompletableFuture$AsyncSupply.run(CompletableFuture.java:1768) [?:?]
	at java.base/java.util.concurrent.CompletableFuture$AsyncSupply.exec(CompletableFuture.java:1760) [?:?]
	at java.base/java.util.concurrent.ForkJoinTask.doExec(ForkJoinTask.java:387) [?:?]
	at java.base/java.util.concurrent.ForkJoinPool$WorkQueue.topLevelExec(ForkJoinPool.java:1312) [?:?]
	at java.base/java.util.concurrent.ForkJoinPool.scan(ForkJoinPool.java:1843) [?:?]
	at java.base/java.util.concurrent.ForkJoinPool.runWorker(ForkJoinPool.java:1808) [?:?]
	at java.base/java.util.concurrent.ForkJoinWorkerThread.run(ForkJoinWorkerThread.java:188) [?:?]
[21May2026 14:41:21.856] [Worker-ResourceReload-1/WARN] [net.minecraft.client.sounds.SoundManager/]: File cold_sweat:sounds/item/waterskin_pour.ogg does not exist, cannot add it to event cold_sweat:item.waterskin.pour
[21May2026 14:41:21.856] [Worker-ResourceReload-1/WARN] [net.minecraft.client.sounds.SoundManager/]: File cold_sweat:sounds/item/waterskin_fill.ogg does not exist, cannot add it to event cold_sweat:item.waterskin.fill
[21May2026 14:41:21.942] [Render thread/WARN] [net.neoforged.fml.DeferredWorkQueue/LOADING]: Mod 'createfood' took 1.692 s to run a deferred task.
[21May2026 14:41:22.028] [Render thread/INFO] [com.moddig.coldsweat_aeronautics_compat.ColdSweatAeronauticsCompat/]: Registering Cold Sweat + Sable compat temp modifiers (block temps + hearth).
[21May2026 14:41:22.035] [Render thread/INFO] [com.moddig.coldsweat_aeronautics_compat.ColdSweatAeronauticsCompat/]: Compat enabled (cold_sweat + sable detected).
[21May2026 14:41:22.039] [Worker-ResourceReload-1/INFO] [net.mc_orion.copycat_aero.aerocopycats/]: HELLO FROM CLIENT SETUP
[21May2026 14:41:22.039] [Worker-ResourceReload-1/INFO] [net.mc_orion.copycat_aero.aerocopycats/]: MINECRAFT NAME >> knight4him
[21May2026 14:41:22.039] [Worker-ResourceReload-16/INFO] [com.playsi.aero_cam_sync.AeroCamSync/]: aero_cam_sync Initialized!
[21May2026 14:41:22.059] [Worker-ResourceReload-9/INFO] [SpectreLib/]: Registering config screens for mod comforts with 2 config(s)
[21May2026 14:41:22.066] [Worker-ResourceReload-19/INFO] [WhiteNoise/]: Registering config screens for mod betterdays with 2 config(s)
[21May2026 14:41:22.093] [Worker-ResourceReload-19/INFO] [WhiteNoise/]: Registering config screens for mod whitenoise with 1 config(s)
[21May2026 14:41:22.094] [Worker-ResourceReload-19/INFO] [sodiumdynamiclights/]: [LambDynLights] Initializing SodiumDynamicLights...
[21May2026 14:41:22.095] [Worker-ResourceReload-19/ERROR] [ModernFix/]: A mod is calling registerReloadListener at the wrong time. This will cause random concurrency crashes when ModernFix is not installed. Please report this to them. If you are a modder, refer to https://github.com/embeddedt/ModernFix/wiki/registerReloadListener-called-on-wrong-thread for more information.
java.lang.Exception: registerReloadListener called on wrong thread
	at TRANSFORMER/minecraft@1.21.1/net.minecraft.server.packs.resources.ReloadableResourceManager.wrapMethod$zij000$modernfix$checkCallingThread(ReloadableResourceManager.java:536) ~[client-1.21.1-20240808.144430-srg.jar%23373!/:?]
	at TRANSFORMER/minecraft@1.21.1/net.minecraft.server.packs.resources.ReloadableResourceManager.registerReloadListener(ReloadableResourceManager.java) ~[client-1.21.1-20240808.144430-srg.jar%23373!/:?]
	at TRANSFORMER/sodiumdynamiclights@1.0.9/toni.sodiumdynamiclights.SodiumDynamicLights.registerClient(SodiumDynamicLights.java:245) ~[sodiumdynamiclights-neoforge-1.0.10-1.21.1.jar%23540!/:?]
	at TRANSFORMER/sodiumdynamiclights@1.0.9/toni.sodiumdynamiclights.SodiumDynamicLights.registerReloadListener(SodiumDynamicLights.java:240) ~[sodiumdynamiclights-neoforge-1.0.10-1.21.1.jar%23540!/:?]
	at TRANSFORMER/sodiumdynamiclights@1.0.9/toni.sodiumdynamiclights.SodiumDynamicLights.onInitializeClient(SodiumDynamicLights.java:212) ~[sodiumdynamiclights-neoforge-1.0.10-1.21.1.jar%23540!/:?]
	at TRANSFORMER/sodiumdynamiclights@1.0.9/toni.sodiumdynamiclights.SodiumDynamicLights.clientSetup(SodiumDynamicLights.java:231) ~[sodiumdynamiclights-neoforge-1.0.10-1.21.1.jar%23540!/:?]
	at MC-BOOTSTRAP/net.neoforged.bus/net.neoforged.bus.ConsumerEventHandler.invoke(ConsumerEventHandler.java:27) ~[bus-8.0.5.jar%23164!/:?]
	at MC-BOOTSTRAP/net.neoforged.bus/net.neoforged.bus.EventBus.post(EventBus.java:360) ~[bus-8.0.5.jar%23164!/:?]
	at MC-BOOTSTRAP/net.neoforged.bus/net.neoforged.bus.EventBus.post(EventBus.java:328) ~[bus-8.0.5.jar%23164!/:?]
	at MC-BOOTSTRAP/fml_loader@4.0.42/net.neoforged.fml.ModContainer.acceptEvent(ModContainer.java:158) ~[loader-4.0.42.jar%23161!/:4.0]
	at MC-BOOTSTRAP/fml_loader@4.0.42/net.neoforged.fml.ModLoader.lambda$dispatchParallelEvent$4(ModLoader.java:172) ~[loader-4.0.42.jar%23161!/:4.0]
	at MC-BOOTSTRAP/fml_loader@4.0.42/net.neoforged.fml.ModLoader.lambda$dispatchParallelTask$7(ModLoader.java:231) ~[loader-4.0.42.jar%23161!/:4.0]
	at java.base/java.util.concurrent.CompletableFuture.uniHandle(CompletableFuture.java:934) [?:?]
	at java.base/java.util.concurrent.CompletableFuture$UniHandle.tryFire(CompletableFuture.java:911) [?:?]
	at java.base/java.util.concurrent.CompletableFuture$Completion.exec(CompletableFuture.java:483) [?:?]
	at java.base/java.util.concurrent.ForkJoinTask.doExec(ForkJoinTask.java:387) [?:?]
	at java.base/java.util.concurrent.ForkJoinPool$WorkQueue.topLevelExec(ForkJoinPool.java:1312) [?:?]
	at java.base/java.util.concurrent.ForkJoinPool.scan(ForkJoinPool.java:1843) [?:?]
	at java.base/java.util.concurrent.ForkJoinPool.runWorker(ForkJoinPool.java:1808) [?:?]
	at java.base/java.util.concurrent.ForkJoinWorkerThread.run(ForkJoinWorkerThread.java:188) [?:?]
[21May2026 14:41:22.223] [Worker-ResourceReload-2/INFO] [sereneseasonsplus/]: Setting up Serene Seasons Plus (Common)
[21May2026 14:41:22.224] [Worker-ResourceReload-2/INFO] [sereneseasonsplus/]: Setting up Serene Seasons Plus (Client)
[21May2026 14:41:23.069] [Render thread/INFO] [net.swzo.createsa_tank_fix.CreateSATankFix/]: [CreateSATankFix] Successfully registered hacked tank capability for: create_sa:small_filling_tank
[21May2026 14:41:23.069] [Render thread/INFO] [net.swzo.createsa_tank_fix.CreateSATankFix/]: [CreateSATankFix] Successfully registered hacked tank capability for: create_sa:medium_filling_tank
[21May2026 14:41:23.069] [Render thread/INFO] [net.swzo.createsa_tank_fix.CreateSATankFix/]: [CreateSATankFix] Successfully registered hacked tank capability for: create_sa:large_filling_tank
[21May2026 14:41:23.069] [Render thread/INFO] [net.swzo.createsa_tank_fix.CreateSATankFix/]: [CreateSATankFix] Successfully registered hacked tank capability for: create_sa:small_fueling_tank
[21May2026 14:41:23.069] [Render thread/INFO] [net.swzo.createsa_tank_fix.CreateSATankFix/]: [CreateSATankFix] Successfully registered hacked tank capability for: create_sa:medium_fueling_tank
[21May2026 14:41:23.069] [Render thread/INFO] [net.swzo.createsa_tank_fix.CreateSATankFix/]: [CreateSATankFix] Successfully registered hacked tank capability for: create_sa:large_fueling_tank
[21May2026 14:41:23.157] [Render thread/INFO] [dev.lopyluna.gnkinetics.Gears/]: GnKinetics CAPABILITIES SETUP
[21May2026 14:41:23.554] [Worker-ResourceReload-15/ERROR] [Veil/]: Failed to load icon for pack: mod/moreculling
java.lang.IllegalArgumentException: Illegal segment MoreCulling.png in path [assets, moreculling, MoreCulling.png]
	at TRANSFORMER/minecraft@1.21.1/net.minecraft.FileUtil.validatePath(FileUtil.java:179) ~[client-1.21.1-20240808.144430-srg.jar%23373!/:?]
	at TRANSFORMER/minecraft@1.21.1/net.minecraft.server.packs.PathPackResources.getRootResource(PathPackResources.java:43) ~[client-1.21.1-20240808.144430-srg.jar%23373!/:?]
	at TRANSFORMER/minecraft@1.21.1/net.minecraft.server.packs.PathPackResources.veil$getIcon(PathPackResources.java:610) ~[client-1.21.1-20240808.144430-srg.jar%23373!/:?]
	at TRANSFORMER/veil@4.0.0/foundry.veil.impl.resource.VeilResourceManagerImpl.lambda$reloadClient$5(VeilResourceManagerImpl.java:177) ~[veil-neoforge-1.21.1-4.0.0.jar%23830!/:4.0.0]
	at java.base/java.util.stream.ForEachOps$ForEachOp$OfRef.accept(ForEachOps.java:184) ~[?:?]
	at java.base/java.util.stream.Streams$StreamBuilderImpl.forEachRemaining(Streams.java:411) ~[?:?]
	at java.base/java.util.stream.ReferencePipeline$Head.forEach(ReferencePipeline.java:762) ~[?:?]
	at java.base/java.util.stream.ReferencePipeline$7$1.accept(ReferencePipeline.java:276) ~[?:?]
	at java.base/java.util.AbstractList$RandomAccessSpliterator.forEachRemaining(AbstractList.java:722) ~[?:?]
	at java.base/java.util.stream.AbstractPipeline.copyInto(AbstractPipeline.java:509) ~[?:?]
	at java.base/java.util.stream.AbstractPipeline.wrapAndCopyInto(AbstractPipeline.java:499) ~[?:?]
	at java.base/java.util.stream.ForEachOps$ForEachOp.evaluateSequential(ForEachOps.java:151) ~[?:?]
	at java.base/java.util.stream.ForEachOps$ForEachOp$OfRef.evaluateSequential(ForEachOps.java:174) ~[?:?]
	at java.base/java.util.stream.AbstractPipeline.evaluate(AbstractPipeline.java:234) ~[?:?]
	at java.base/java.util.stream.ReferencePipeline.forEach(ReferencePipeline.java:596) ~[?:?]
	at TRANSFORMER/veil@4.0.0/foundry.veil.impl.resource.VeilResourceManagerImpl.lambda$reloadClient$6(VeilResourceManagerImpl.java:170) ~[veil-neoforge-1.21.1-4.0.0.jar%23830!/:4.0.0]
	at java.base/java.util.concurrent.CompletableFuture$AsyncSupply.run(CompletableFuture.java:1768) [?:?]
	at java.base/java.util.concurrent.CompletableFuture$AsyncSupply.exec(CompletableFuture.java:1760) [?:?]
	at java.base/java.util.concurrent.ForkJoinTask.doExec(ForkJoinTask.java:387) [?:?]
	at java.base/java.util.concurrent.ForkJoinPool$WorkQueue.topLevelExec(ForkJoinPool.java:1312) [?:?]
	at java.base/java.util.concurrent.ForkJoinPool.scan(ForkJoinPool.java:1843) [?:?]
	at java.base/java.util.concurrent.ForkJoinPool.runWorker(ForkJoinPool.java:1808) [?:?]
	at java.base/java.util.concurrent.ForkJoinWorkerThread.run(ForkJoinWorkerThread.java:188) [?:?]
[21May2026 14:41:23.561] [Worker-ResourceReload-15/ERROR] [net.minecraft.server.packs.PathPackResources/]: Invalid path : Invalid path ''
[21May2026 14:41:23.561] [Worker-ResourceReload-15/ERROR] [net.minecraft.server.packs.PathPackResources/]: Invalid path : Invalid path ''
[21May2026 14:41:23.561] [Worker-ResourceReload-15/ERROR] [net.minecraft.server.packs.PathPackResources/]: Invalid path : Invalid path ''
[21May2026 14:41:23.561] [Worker-ResourceReload-15/ERROR] [net.minecraft.server.packs.PathPackResources/]: Invalid path : Invalid path ''
[21May2026 14:41:24.562] [Worker-ResourceReload-15/ERROR] [Veil/]: Failed to load icon for pack: mod/cmparallelpipes
java.lang.IllegalArgumentException: Illegal segment  in path []
	at TRANSFORMER/minecraft@1.21.1/net.minecraft.FileUtil.validatePath(FileUtil.java:179) ~[client-1.21.1-20240808.144430-srg.jar%23373!/:?]
	at TRANSFORMER/minecraft@1.21.1/net.minecraft.server.packs.PathPackResources.getRootResource(PathPackResources.java:43) ~[client-1.21.1-20240808.144430-srg.jar%23373!/:?]
	at TRANSFORMER/minecraft@1.21.1/net.minecraft.server.packs.PathPackResources.veil$getIcon(PathPackResources.java:610) ~[client-1.21.1-20240808.144430-srg.jar%23373!/:?]
	at TRANSFORMER/veil@4.0.0/foundry.veil.impl.resource.VeilResourceManagerImpl.lambda$reloadClient$5(VeilResourceManagerImpl.java:177) ~[veil-neoforge-1.21.1-4.0.0.jar%23830!/:4.0.0]
	at java.base/java.util.stream.ForEachOps$ForEachOp$OfRef.accept(ForEachOps.java:184) ~[?:?]
	at java.base/java.util.stream.Streams$StreamBuilderImpl.forEachRemaining(Streams.java:411) ~[?:?]
	at java.base/java.util.stream.ReferencePipeline$Head.forEach(ReferencePipeline.java:762) ~[?:?]
	at java.base/java.util.stream.ReferencePipeline$7$1.accept(ReferencePipeline.java:276) ~[?:?]
	at java.base/java.util.AbstractList$RandomAccessSpliterator.forEachRemaining(AbstractList.java:722) ~[?:?]
	at java.base/java.util.stream.AbstractPipeline.copyInto(AbstractPipeline.java:509) ~[?:?]
	at java.base/java.util.stream.AbstractPipeline.wrapAndCopyInto(AbstractPipeline.java:499) ~[?:?]
	at java.base/java.util.stream.ForEachOps$ForEachOp.evaluateSequential(ForEachOps.java:151) ~[?:?]
	at java.base/java.util.stream.ForEachOps$ForEachOp$OfRef.evaluateSequential(ForEachOps.java:174) ~[?:?]
	at java.base/java.util.stream.AbstractPipeline.evaluate(AbstractPipeline.java:234) ~[?:?]
	at java.base/java.util.stream.ReferencePipeline.forEach(ReferencePipeline.java:596) ~[?:?]
	at TRANSFORMER/veil@4.0.0/foundry.veil.impl.resource.VeilResourceManagerImpl.lambda$reloadClient$6(VeilResourceManagerImpl.java:170) ~[veil-neoforge-1.21.1-4.0.0.jar%23830!/:4.0.0]
	at java.base/java.util.concurrent.CompletableFuture$AsyncSupply.run(CompletableFuture.java:1768) [?:?]
	at java.base/java.util.concurrent.CompletableFuture$AsyncSupply.exec(CompletableFuture.java:1760) [?:?]
	at java.base/java.util.concurrent.ForkJoinTask.doExec(ForkJoinTask.java:387) [?:?]
	at java.base/java.util.concurrent.ForkJoinPool$WorkQueue.topLevelExec(ForkJoinPool.java:1312) [?:?]
	at java.base/java.util.concurrent.ForkJoinPool.scan(ForkJoinPool.java:1843) [?:?]
	at java.base/java.util.concurrent.ForkJoinPool.runWorker(ForkJoinPool.java:1808) [?:?]
	at java.base/java.util.concurrent.ForkJoinWorkerThread.run(ForkJoinWorkerThread.java:188) [?:?]
[21May2026 14:41:25.222] [Worker-ResourceReload-3/WARN] [net.minecraft.client.resources.model.BlockStateModelLoader/]: Exception loading blockstate definition: 'northstar:blockstates/telescope.json' in resourcepack: 'mod/northstar' for variant: 'facing=down': Unknown value: 'down' for blockstate property: 'facing' [north, south, west, east]
[21May2026 14:41:25.271] [Worker-ResourceReload-3/WARN] [net.minecraft.client.resources.model.BlockStateModelLoader/]: Exception loading blockstate definition: 'createhorsepower:blockstates/horse_crank.json' in resourcepack: 'mod/createhorsepower' for variant: 'rotating': Unknown blockstate property: 'rotating'
[21May2026 14:41:25.275] [Worker-ResourceReload-3/WARN] [net.minecraft.client.resources.model.ModelBakery/]: Unable to load model: 'farmersdelight:block/pie_slice1' referenced from: brewinandchewin:block/quiche_slice1: java.io.FileNotFoundException: farmersdelight:models/block/pie_slice1.json
[21May2026 14:41:25.275] [Worker-ResourceReload-3/WARN] [net.minecraft.client.resources.model.ModelBakery/]: Unable to load model: 'farmersdelight:block/pie_slice2' referenced from: brewinandchewin:block/quiche_slice2: java.io.FileNotFoundException: farmersdelight:models/block/pie_slice2.json
[21May2026 14:41:25.276] [Worker-ResourceReload-3/WARN] [net.minecraft.client.resources.model.ModelBakery/]: Unable to load model: 'farmersdelight:block/pie' referenced from: brewinandchewin:block/quiche: java.io.FileNotFoundException: farmersdelight:models/block/pie.json
[21May2026 14:41:25.277] [Worker-ResourceReload-3/WARN] [net.minecraft.client.resources.model.ModelBakery/]: Unable to load model: 'farmersdelight:block/pie_slice3' referenced from: brewinandchewin:block/quiche_slice3: java.io.FileNotFoundException: farmersdelight:models/block/pie_slice3.json
[21May2026 14:41:25.280] [Worker-ResourceReload-3/WARN] [net.minecraft.client.resources.model.ModelBakery/]: Unable to load model: 'cbc_at:block/rocket_pod/cast_iron_assembled_rocket_pod_rail' referenced from: cbc_at:block/rocket_pod/cast_iron_assembled_rocket_pod_rail: java.io.FileNotFoundException: cbc_at:models/block/rocket_pod/cast_iron_assembled_rocket_pod_rail.json
[21May2026 14:41:25.281] [Worker-ResourceReload-3/WARN] [net.minecraft.client.resources.model.ModelBakery/]: Unable to load model: 'cbc_at:block/rocket_pod/bronze_assembled_rocket_pod_rail' referenced from: cbc_at:block/rocket_pod/bronze_assembled_rocket_pod_rail: java.io.FileNotFoundException: cbc_at:models/block/rocket_pod/bronze_assembled_rocket_pod_rail.json
[21May2026 14:41:25.282] [Worker-ResourceReload-3/WARN] [net.minecraft.client.resources.model.ModelBakery/]: Unable to load model: 'cbc_at:block/rocket_pod/steel_assembled_rocket_pod_rail' referenced from: cbc_at:block/rocket_pod/steel_assembled_rocket_pod_rail: java.io.FileNotFoundException: cbc_at:models/block/rocket_pod/steel_assembled_rocket_pod_rail.json
[21May2026 14:41:25.283] [Worker-ResourceReload-3/WARN] [net.minecraft.client.resources.model.ModelBakery/]: Unable to load model: 'cbc_at:block/medium_rocket_rail/wrought_iron_assembled_medium_rocket_rail' referenced from: cbc_at:block/medium_rocket_rail/wrought_iron_assembled_medium_rocket_rail: java.io.FileNotFoundException: cbc_at:models/block/medium_rocket_rail/wrought_iron_assembled_medium_rocket_rail.json
[21May2026 14:41:25.303] [Worker-ResourceReload-3/WARN] [net.minecraft.client.resources.model.ModelBakery/]: Unable to load model: 'cbc_at:block/twin_autocannon/cast_iron_assembled_vert_twin_autocannon_silencer' referenced from: cbc_at:block/twin_autocannon/cast_iron_assembled_vert_twin_autocannon_silencer: java.io.FileNotFoundException: cbc_at:models/block/twin_autocannon/cast_iron_assembled_vert_twin_autocannon_silencer.json
[21May2026 14:41:25.308] [Worker-ResourceReload-3/WARN] [net.minecraft.client.resources.model.ModelBakery/]: Unable to load model: 'cbc_at:block/twin_autocannon/cast_iron_assembled_vert_twin_autocannon_muzzle_brake' referenced from: cbc_at:block/twin_autocannon/cast_iron_assembled_vert_twin_autocannon_muzzle_brake: java.io.FileNotFoundException: cbc_at:models/block/twin_autocannon/cast_iron_assembled_vert_twin_autocannon_muzzle_brake.json
[21May2026 14:41:25.323] [Worker-ResourceReload-3/WARN] [net.minecraft.client.resources.model.BlockStateModelLoader/]: Exception loading blockstate definition: 'cbc_at:blockstates/unbored_cast_iron_rocket_pod_rail.json' missing model for variant: 'cbc_at:unbored_cast_iron_rocket_pod_rail#assembled=true,facing=up,waterlogged=true'
[21May2026 14:41:25.323] [Worker-ResourceReload-3/WARN] [net.minecraft.client.resources.model.BlockStateModelLoader/]: Exception loading blockstate definition: 'cbc_at:blockstates/unbored_cast_iron_rocket_pod_rail.json' missing model for variant: 'cbc_at:unbored_cast_iron_rocket_pod_rail#assembled=true,facing=down,waterlogged=true'
[21May2026 14:41:25.323] [Worker-ResourceReload-3/WARN] [net.minecraft.client.resources.model.BlockStateModelLoader/]: Exception loading blockstate definition: 'cbc_at:blockstates/unbored_cast_iron_rocket_pod_rail.json' missing model for variant: 'cbc_at:unbored_cast_iron_rocket_pod_rail#assembled=true,facing=up,waterlogged=false'
[21May2026 14:41:25.323] [Worker-ResourceReload-3/WARN] [net.minecraft.client.resources.model.BlockStateModelLoader/]: Exception loading blockstate definition: 'cbc_at:blockstates/unbored_cast_iron_rocket_pod_rail.json' missing model for variant: 'cbc_at:unbored_cast_iron_rocket_pod_rail#assembled=true,facing=south,waterlogged=false'
[21May2026 14:41:25.323] [Worker-ResourceReload-3/WARN] [net.minecraft.client.resources.model.BlockStateModelLoader/]: Exception loading blockstate definition: 'cbc_at:blockstates/unbored_cast_iron_rocket_pod_rail.json' missing model for variant: 'cbc_at:unbored_cast_iron_rocket_pod_rail#assembled=true,facing=west,waterlogged=true'
[21May2026 14:41:25.324] [Worker-ResourceReload-3/WARN] [net.minecraft.client.resources.model.BlockStateModelLoader/]: Exception loading blockstate definition: 'cbc_at:blockstates/unbored_cast_iron_rocket_pod_rail.json' missing model for variant: 'cbc_at:unbored_cast_iron_rocket_pod_rail#assembled=true,facing=north,waterlogged=false'
[21May2026 14:41:25.324] [Worker-ResourceReload-3/WARN] [net.minecraft.client.resources.model.BlockStateModelLoader/]: Exception loading blockstate definition: 'cbc_at:blockstates/unbored_cast_iron_rocket_pod_rail.json' missing model for variant: 'cbc_at:unbored_cast_iron_rocket_pod_rail#assembled=true,facing=down,waterlogged=false'
[21May2026 14:41:25.324] [Worker-ResourceReload-3/WARN] [net.minecraft.client.resources.model.BlockStateModelLoader/]: Exception loading blockstate definition: 'cbc_at:blockstates/unbored_cast_iron_rocket_pod_rail.json' missing model for variant: 'cbc_at:unbored_cast_iron_rocket_pod_rail#assembled=true,facing=east,waterlogged=true'
[21May2026 14:41:25.324] [Worker-ResourceReload-3/WARN] [net.minecraft.client.resources.model.BlockStateModelLoader/]: Exception loading blockstate definition: 'cbc_at:blockstates/unbored_cast_iron_rocket_pod_rail.json' missing model for variant: 'cbc_at:unbored_cast_iron_rocket_pod_rail#assembled=true,facing=south,waterlogged=true'
[21May2026 14:41:25.324] [Worker-ResourceReload-3/WARN] [net.minecraft.client.resources.model.BlockStateModelLoader/]: Exception loading blockstate definition: 'cbc_at:blockstates/unbored_cast_iron_rocket_pod_rail.json' missing model for variant: 'cbc_at:unbored_cast_iron_rocket_pod_rail#assembled=true,facing=north,waterlogged=true'
[21May2026 14:41:25.324] [Worker-ResourceReload-3/WARN] [net.minecraft.client.resources.model.BlockStateModelLoader/]: Exception loading blockstate definition: 'cbc_at:blockstates/unbored_cast_iron_rocket_pod_rail.json' missing model for variant: 'cbc_at:unbored_cast_iron_rocket_pod_rail#assembled=true,facing=east,waterlogged=false'
[21May2026 14:41:25.324] [Worker-ResourceReload-3/WARN] [net.minecraft.client.resources.model.BlockStateModelLoader/]: Exception loading blockstate definition: 'cbc_at:blockstates/unbored_cast_iron_rocket_pod_rail.json' missing model for variant: 'cbc_at:unbored_cast_iron_rocket_pod_rail#assembled=true,facing=west,waterlogged=false'
[21May2026 14:41:25.324] [Worker-ResourceReload-3/WARN] [net.minecraft.client.resources.model.BlockStateModelLoader/]: Exception loading blockstate definition: 'cbc_at:blockstates/unbored_bronze_rocket_pod_rail.json' missing model for variant: 'cbc_at:unbored_bronze_rocket_pod_rail#assembled=true,facing=up,waterlogged=false'
[21May2026 14:41:25.325] [Worker-ResourceReload-3/WARN] [net.minecraft.client.resources.model.BlockStateModelLoader/]: Exception loading blockstate definition: 'cbc_at:blockstates/unbored_bronze_rocket_pod_rail.json' missing model for variant: 'cbc_at:unbored_bronze_rocket_pod_rail#assembled=true,facing=north,waterlogged=false'
[21May2026 14:41:25.325] [Worker-ResourceReload-3/WARN] [net.minecraft.client.resources.model.BlockStateModelLoader/]: Exception loading blockstate definition: 'cbc_at:blockstates/unbored_bronze_rocket_pod_rail.json' missing model for variant: 'cbc_at:unbored_bronze_rocket_pod_rail#assembled=true,facing=south,waterlogged=true'
[21May2026 14:41:25.325] [Worker-ResourceReload-3/WARN] [net.minecraft.client.resources.model.BlockStateModelLoader/]: Exception loading blockstate definition: 'cbc_at:blockstates/unbored_bronze_rocket_pod_rail.json' missing model for variant: 'cbc_at:unbored_bronze_rocket_pod_rail#assembled=true,facing=down,waterlogged=true'
[21May2026 14:41:25.325] [Worker-ResourceReload-3/WARN] [net.minecraft.client.resources.model.BlockStateModelLoader/]: Exception loading blockstate definition: 'cbc_at:blockstates/unbored_bronze_rocket_pod_rail.json' missing model for variant: 'cbc_at:unbored_bronze_rocket_pod_rail#assembled=true,facing=south,waterlogged=false'
[21May2026 14:41:25.325] [Worker-ResourceReload-3/WARN] [net.minecraft.client.resources.model.BlockStateModelLoader/]: Exception loading blockstate definition: 'cbc_at:blockstates/unbored_bronze_rocket_pod_rail.json' missing model for variant: 'cbc_at:unbored_bronze_rocket_pod_rail#assembled=true,facing=west,waterlogged=true'
[21May2026 14:41:25.325] [Worker-ResourceReload-3/WARN] [net.minecraft.client.resources.model.BlockStateModelLoader/]: Exception loading blockstate definition: 'cbc_at:blockstates/unbored_bronze_rocket_pod_rail.json' missing model for variant: 'cbc_at:unbored_bronze_rocket_pod_rail#assembled=true,facing=east,waterlogged=true'
[21May2026 14:41:25.325] [Worker-ResourceReload-3/WARN] [net.minecraft.client.resources.model.BlockStateModelLoader/]: Exception loading blockstate definition: 'cbc_at:blockstates/unbored_bronze_rocket_pod_rail.json' missing model for variant: 'cbc_at:unbored_bronze_rocket_pod_rail#assembled=true,facing=west,waterlogged=false'
[21May2026 14:41:25.326] [Worker-ResourceReload-3/WARN] [net.minecraft.client.resources.model.BlockStateModelLoader/]: Exception loading blockstate definition: 'cbc_at:blockstates/unbored_bronze_rocket_pod_rail.json' missing model for variant: 'cbc_at:unbored_bronze_rocket_pod_rail#assembled=true,facing=down,waterlogged=false'
[21May2026 14:41:25.326] [Worker-ResourceReload-3/WARN] [net.minecraft.client.resources.model.BlockStateModelLoader/]: Exception loading blockstate definition: 'cbc_at:blockstates/unbored_bronze_rocket_pod_rail.json' missing model for variant: 'cbc_at:unbored_bronze_rocket_pod_rail#assembled=true,facing=north,waterlogged=true'
[21May2026 14:41:25.326] [Worker-ResourceReload-3/WARN] [net.minecraft.client.resources.model.BlockStateModelLoader/]: Exception loading blockstate definition: 'cbc_at:blockstates/unbored_bronze_rocket_pod_rail.json' missing model for variant: 'cbc_at:unbored_bronze_rocket_pod_rail#assembled=true,facing=east,waterlogged=false'
[21May2026 14:41:25.326] [Worker-ResourceReload-3/WARN] [net.minecraft.client.resources.model.BlockStateModelLoader/]: Exception loading blockstate definition: 'cbc_at:blockstates/unbored_bronze_rocket_pod_rail.json' missing model for variant: 'cbc_at:unbored_bronze_rocket_pod_rail#assembled=true,facing=up,waterlogged=true'
[21May2026 14:41:25.337] [Worker-ResourceReload-3/WARN] [net.minecraft.client.resources.model.ModelBakery/]: Unable to load model: 'cbc_at:block/autocannon/unbored_cast_iron_assembled_autocannon_silencer' referenced from: cbc_at:block/autocannon/unbored_cast_iron_assembled_autocannon_silencer: java.io.FileNotFoundException: cbc_at:models/block/autocannon/unbored_cast_iron_assembled_autocannon_silencer.json
[21May2026 14:41:25.338] [Worker-ResourceReload-3/WARN] [net.minecraft.client.resources.model.ModelBakery/]: Unable to load model: 'cbc_at:block/autocannon/unbored_bronze_assembled_autocannon_silencer' referenced from: cbc_at:block/autocannon/unbored_bronze_assembled_autocannon_silencer: java.io.FileNotFoundException: cbc_at:models/block/autocannon/unbored_bronze_assembled_autocannon_silencer.json
[21May2026 14:41:25.339] [Worker-ResourceReload-3/WARN] [net.minecraft.client.resources.model.ModelBakery/]: Unable to load model: 'cbc_at:block/autocannon/unbored_steel_assembled_autocannon_silencer' referenced from: cbc_at:block/autocannon/unbored_steel_assembled_autocannon_silencer: java.io.FileNotFoundException: cbc_at:models/block/autocannon/unbored_steel_assembled_autocannon_silencer.json
[21May2026 14:41:25.340] [Worker-ResourceReload-3/WARN] [net.minecraft.client.resources.model.ModelBakery/]: Unable to load model: 'cbc_at:block/autocannon/unbored_cast_iron_assembled_autocannon_muzzle_brake' referenced from: cbc_at:block/autocannon/unbored_cast_iron_assembled_autocannon_muzzle_brake: java.io.FileNotFoundException: cbc_at:models/block/autocannon/unbored_cast_iron_assembled_autocannon_muzzle_brake.json
[21May2026 14:41:25.340] [Worker-ResourceReload-3/WARN] [net.minecraft.client.resources.model.ModelBakery/]: Unable to load model: 'cbc_at:block/autocannon/unbored_bronze_assembled_autocannon_muzzle_brake' referenced from: cbc_at:block/autocannon/unbored_bronze_assembled_autocannon_muzzle_brake: java.io.FileNotFoundException: cbc_at:models/block/autocannon/unbored_bronze_assembled_autocannon_muzzle_brake.json
[21May2026 14:41:25.341] [Worker-ResourceReload-3/WARN] [net.minecraft.client.resources.model.ModelBakery/]: Unable to load model: 'cbc_at:block/autocannon/unbored_steel_assembled_autocannon_muzzle_brake' referenced from: cbc_at:block/autocannon/unbored_steel_assembled_autocannon_muzzle_brake: java.io.FileNotFoundException: cbc_at:models/block/autocannon/unbored_steel_assembled_autocannon_muzzle_brake.json
[21May2026 14:41:25.391] [Worker-ResourceReload-3/WARN] [net.minecraft.client.resources.model.BlockStateModelLoader/]: Exception loading blockstate definition: 'cold_sweat:blockstates/slush.json' missing model for variant: 'cold_sweat:slush#level=9'
[21May2026 14:41:25.391] [Worker-ResourceReload-3/WARN] [net.minecraft.client.resources.model.BlockStateModelLoader/]: Exception loading blockstate definition: 'cold_sweat:blockstates/slush.json' missing model for variant: 'cold_sweat:slush#level=5'
[21May2026 14:41:25.391] [Worker-ResourceReload-3/WARN] [net.minecraft.client.resources.model.BlockStateModelLoader/]: Exception loading blockstate definition: 'cold_sweat:blockstates/slush.json' missing model for variant: 'cold_sweat:slush#level=6'
[21May2026 14:41:25.391] [Worker-ResourceReload-3/WARN] [net.minecraft.client.resources.model.BlockStateModelLoader/]: Exception loading blockstate definition: 'cold_sweat:blockstates/slush.json' missing model for variant: 'cold_sweat:slush#level=7'
[21May2026 14:41:25.391] [Worker-ResourceReload-3/WARN] [net.minecraft.client.resources.model.BlockStateModelLoader/]: Exception loading blockstate definition: 'cold_sweat:blockstates/slush.json' missing model for variant: 'cold_sweat:slush#level=8'
[21May2026 14:41:25.391] [Worker-ResourceReload-3/WARN] [net.minecraft.client.resources.model.BlockStateModelLoader/]: Exception loading blockstate definition: 'cold_sweat:blockstates/slush.json' missing model for variant: 'cold_sweat:slush#level=1'
[21May2026 14:41:25.391] [Worker-ResourceReload-3/WARN] [net.minecraft.client.resources.model.BlockStateModelLoader/]: Exception loading blockstate definition: 'cold_sweat:blockstates/slush.json' missing model for variant: 'cold_sweat:slush#level=2'
[21May2026 14:41:25.391] [Worker-ResourceReload-3/WARN] [net.minecraft.client.resources.model.BlockStateModelLoader/]: Exception loading blockstate definition: 'cold_sweat:blockstates/slush.json' missing model for variant: 'cold_sweat:slush#level=3'
[21May2026 14:41:25.392] [Worker-ResourceReload-3/WARN] [net.minecraft.client.resources.model.BlockStateModelLoader/]: Exception loading blockstate definition: 'cold_sweat:blockstates/slush.json' missing model for variant: 'cold_sweat:slush#level=4'
[21May2026 14:41:25.392] [Worker-ResourceReload-3/WARN] [net.minecraft.client.resources.model.BlockStateModelLoader/]: Exception loading blockstate definition: 'cold_sweat:blockstates/slush.json' missing model for variant: 'cold_sweat:slush#level=15'
[21May2026 14:41:25.392] [Worker-ResourceReload-3/WARN] [net.minecraft.client.resources.model.BlockStateModelLoader/]: Exception loading blockstate definition: 'cold_sweat:blockstates/slush.json' missing model for variant: 'cold_sweat:slush#level=14'
[21May2026 14:41:25.392] [Worker-ResourceReload-3/WARN] [net.minecraft.client.resources.model.BlockStateModelLoader/]: Exception loading blockstate definition: 'cold_sweat:blockstates/slush.json' missing model for variant: 'cold_sweat:slush#level=0'
[21May2026 14:41:25.392] [Worker-ResourceReload-3/WARN] [net.minecraft.client.resources.model.BlockStateModelLoader/]: Exception loading blockstate definition: 'cold_sweat:blockstates/slush.json' missing model for variant: 'cold_sweat:slush#level=11'
[21May2026 14:41:25.393] [Worker-ResourceReload-3/WARN] [net.minecraft.client.resources.model.BlockStateModelLoader/]: Exception loading blockstate definition: 'cold_sweat:blockstates/slush.json' missing model for variant: 'cold_sweat:slush#level=10'
[21May2026 14:41:25.393] [Worker-ResourceReload-3/WARN] [net.minecraft.client.resources.model.BlockStateModelLoader/]: Exception loading blockstate definition: 'cold_sweat:blockstates/slush.json' missing model for variant: 'cold_sweat:slush#level=13'
[21May2026 14:41:25.393] [Worker-ResourceReload-3/WARN] [net.minecraft.client.resources.model.BlockStateModelLoader/]: Exception loading blockstate definition: 'cold_sweat:blockstates/slush.json' missing model for variant: 'cold_sweat:slush#level=12'
[21May2026 14:41:25.401] [Worker-ResourceReload-3/WARN] [net.minecraft.client.resources.model.ModelBakery/]: Unable to load model: 'create_things_and_misc:custom/blazeblock' referenced from: create_things_and_misc:block/blaze_ballon: java.io.FileNotFoundException: create_things_and_misc:models/custom/blazeblock.json
[21May2026 14:41:25.439] [Worker-ResourceReload-3/WARN] [net.minecraft.client.resources.model.ModelBakery/]: Unable to load model: 'minecraft:block' referenced from: simulated:block/rope_connector/block_horizontal: java.io.FileNotFoundException: minecraft:models/block.json
[21May2026 14:41:26.519] [Worker-ResourceReload-3/WARN] [net.minecraft.client.resources.model.BlockStateModelLoader/]: Exception loading blockstate definition: 'dndecor:blockstates/industrial_cogwheel.json' missing model for variant: 'dndecor:industrial_cogwheel#axis=y,waterlogged=true'
[21May2026 14:41:26.520] [Worker-ResourceReload-3/WARN] [net.minecraft.client.resources.model.BlockStateModelLoader/]: Exception loading blockstate definition: 'dndecor:blockstates/industrial_cogwheel.json' missing model for variant: 'dndecor:industrial_cogwheel#axis=y,waterlogged=false'
[21May2026 14:41:26.521] [Worker-ResourceReload-3/WARN] [net.minecraft.client.resources.model.BlockStateModelLoader/]: Exception loading blockstate definition: 'dndecor:blockstates/industrial_cogwheel.json' missing model for variant: 'dndecor:industrial_cogwheel#axis=z,waterlogged=true'
[21May2026 14:41:26.521] [Worker-ResourceReload-3/WARN] [net.minecraft.client.resources.model.BlockStateModelLoader/]: Exception loading blockstate definition: 'dndecor:blockstates/industrial_cogwheel.json' missing model for variant: 'dndecor:industrial_cogwheel#axis=x,waterlogged=true'
[21May2026 14:41:26.521] [Worker-ResourceReload-3/WARN] [net.minecraft.client.resources.model.BlockStateModelLoader/]: Exception loading blockstate definition: 'dndecor:blockstates/industrial_cogwheel.json' missing model for variant: 'dndecor:industrial_cogwheel#axis=z,waterlogged=false'
[21May2026 14:41:26.522] [Worker-ResourceReload-3/WARN] [net.minecraft.client.resources.model.BlockStateModelLoader/]: Exception loading blockstate definition: 'dndecor:blockstates/industrial_cogwheel.json' missing model for variant: 'dndecor:industrial_cogwheel#axis=x,waterlogged=false'
[21May2026 14:41:26.522] [Worker-ResourceReload-3/WARN] [net.minecraft.client.resources.model.BlockStateModelLoader/]: Exception loading blockstate definition: 'dndecor:blockstates/large_industrial_cogwheel.json' missing model for variant: 'dndecor:large_industrial_cogwheel#axis=y,waterlogged=true'
[21May2026 14:41:26.522] [Worker-ResourceReload-3/WARN] [net.minecraft.client.resources.model.BlockStateModelLoader/]: Exception loading blockstate definition: 'dndecor:blockstates/large_industrial_cogwheel.json' missing model for variant: 'dndecor:large_industrial_cogwheel#axis=y,waterlogged=false'
[21May2026 14:41:26.522] [Worker-ResourceReload-3/WARN] [net.minecraft.client.resources.model.BlockStateModelLoader/]: Exception loading blockstate definition: 'dndecor:blockstates/large_industrial_cogwheel.json' missing model for variant: 'dndecor:large_industrial_cogwheel#axis=z,waterlogged=true'
[21May2026 14:41:26.522] [Worker-ResourceReload-3/WARN] [net.minecraft.client.resources.model.BlockStateModelLoader/]: Exception loading blockstate definition: 'dndecor:blockstates/large_industrial_cogwheel.json' missing model for variant: 'dndecor:large_industrial_cogwheel#axis=x,waterlogged=false'
[21May2026 14:41:26.522] [Worker-ResourceReload-3/WARN] [net.minecraft.client.resources.model.BlockStateModelLoader/]: Exception loading blockstate definition: 'dndecor:blockstates/large_industrial_cogwheel.json' missing model for variant: 'dndecor:large_industrial_cogwheel#axis=x,waterlogged=true'
[21May2026 14:41:26.522] [Worker-ResourceReload-3/WARN] [net.minecraft.client.resources.model.BlockStateModelLoader/]: Exception loading blockstate definition: 'dndecor:blockstates/large_industrial_cogwheel.json' missing model for variant: 'dndecor:large_industrial_cogwheel#axis=z,waterlogged=false'
[21May2026 14:41:26.592] [Worker-ResourceReload-3/WARN] [net.minecraft.client.resources.model.BlockStateModelLoader/]: Exception loading blockstate definition: 'dndecor:blockstates/tungsten_cross_bolt.json' missing model for variant: 'dndecor:tungsten_cross_bolt#facing=south,rotation=225'
[21May2026 14:41:26.592] [Worker-ResourceReload-3/WARN] [net.minecraft.client.resources.model.BlockStateModelLoader/]: Exception loading blockstate definition: 'dndecor:blockstates/tungsten_cross_bolt.json' missing model for variant: 'dndecor:tungsten_cross_bolt#facing=east,rotation=225'
[21May2026 14:41:26.592] [Worker-ResourceReload-3/WARN] [net.minecraft.client.resources.model.BlockStateModelLoader/]: Exception loading blockstate definition: 'dndecor:blockstates/tungsten_cross_bolt.json' missing model for variant: 'dndecor:tungsten_cross_bolt#facing=up,rotation=135'
[21May2026 14:41:26.592] [Worker-ResourceReload-3/WARN] [net.minecraft.client.resources.model.BlockStateModelLoader/]: Exception loading blockstate definition: 'dndecor:blockstates/tungsten_cross_bolt.json' missing model for variant: 'dndecor:tungsten_cross_bolt#facing=down,rotation=270'
[21May2026 14:41:26.592] [Worker-ResourceReload-3/WARN] [net.minecraft.client.resources.model.BlockStateModelLoader/]: Exception loading blockstate definition: 'dndecor:blockstates/tungsten_cross_bolt.json' missing model for variant: 'dndecor:tungsten_cross_bolt#facing=east,rotation=180'
[21May2026 14:41:26.592] [Worker-ResourceReload-3/WARN] [net.minecraft.client.resources.model.BlockStateModelLoader/]: Exception loading blockstate definition: 'dndecor:blockstates/tungsten_cross_bolt.json' missing model for variant: 'dndecor:tungsten_cross_bolt#facing=east,rotation=0'
[21May2026 14:41:26.593] [Worker-ResourceReload-3/WARN] [net.minecraft.client.resources.model.BlockStateModelLoader/]: Exception loading blockstate definition: 'dndecor:blockstates/tungsten_cross_bolt.json' missing model for variant: 'dndecor:tungsten_cross_bolt#facing=up,rotation=270'
[21May2026 14:41:26.593] [Worker-ResourceReload-3/WARN] [net.minecraft.client.resources.model.BlockStateModelLoader/]: Exception loading blockstate definition: 'dndecor:blockstates/tungsten_cross_bolt.json' missing model for variant: 'dndecor:tungsten_cross_bolt#facing=west,rotation=45'
[21May2026 14:41:26.593] [Worker-ResourceReload-3/WARN] [net.minecraft.client.resources.model.BlockStateModelLoader/]: Exception loading blockstate definition: 'dndecor:blockstates/tungsten_cross_bolt.json' missing model for variant: 'dndecor:tungsten_cross_bolt#facing=north,rotation=135'
[21May2026 14:41:26.593] [Worker-ResourceReload-3/WARN] [net.minecraft.client.resources.model.BlockStateModelLoader/]: Exception loading blockstate definition: 'dndecor:blockstates/tungsten_cross_bolt.json' missing model for variant: 'dndecor:tungsten_cross_bolt#facing=up,rotation=45'
[21May2026 14:41:26.593] [Worker-ResourceReload-3/WARN] [net.minecraft.client.resources.model.BlockStateModelLoader/]: Exception loading blockstate definition: 'dndecor:blockstates/tungsten_cross_bolt.json' missing model for variant: 'dndecor:tungsten_cross_bolt#facing=west,rotation=180'
[21May2026 14:41:26.593] [Worker-ResourceReload-3/WARN] [net.minecraft.client.resources.model.BlockStateModelLoader/]: Exception loading blockstate definition: 'dndecor:blockstates/tungsten_cross_bolt.json' missing model for variant: 'dndecor:tungsten_cross_bolt#facing=north,rotation=315'
[21May2026 14:41:26.593] [Worker-ResourceReload-3/WARN] [net.minecraft.client.resources.model.BlockStateModelLoader/]: Exception loading blockstate definition: 'dndecor:blockstates/tungsten_cross_bolt.json' missing model for variant: 'dndecor:tungsten_cross_bolt#facing=south,rotation=45'
[21May2026 14:41:26.593] [Worker-ResourceReload-3/WARN] [net.minecraft.client.resources.model.BlockStateModelLoader/]: Exception loading blockstate definition: 'dndecor:blockstates/tungsten_cross_bolt.json' missing model for variant: 'dndecor:tungsten_cross_bolt#facing=west,rotation=225'
[21May2026 14:41:26.593] [Worker-ResourceReload-3/WARN] [net.minecraft.client.resources.model.BlockStateModelLoader/]: Exception loading blockstate definition: 'dndecor:blockstates/tungsten_cross_bolt.json' missing model for variant: 'dndecor:tungsten_cross_bolt#facing=north,rotation=270'
[21May2026 14:41:26.593] [Worker-ResourceReload-3/WARN] [net.minecraft.client.resources.model.BlockStateModelLoader/]: Exception loading blockstate definition: 'dndecor:blockstates/tungsten_cross_bolt.json' missing model for variant: 'dndecor:tungsten_cross_bolt#facing=up,rotation=315'
[21May2026 14:41:26.593] [Worker-ResourceReload-3/WARN] [net.minecraft.client.resources.model.BlockStateModelLoader/]: Exception loading blockstate definition: 'dndecor:blockstates/tungsten_cross_bolt.json' missing model for variant: 'dndecor:tungsten_cross_bolt#facing=south,rotation=270'
[21May2026 14:41:26.593] [Worker-ResourceReload-3/WARN] [net.minecraft.client.resources.model.BlockStateModelLoader/]: Exception loading blockstate definition: 'dndecor:blockstates/tungsten_cross_bolt.json' missing model for variant: 'dndecor:tungsten_cross_bolt#facing=down,rotation=225'
[21May2026 14:41:26.593] [Worker-ResourceReload-3/WARN] [net.minecraft.client.resources.model.BlockStateModelLoader/]: Exception loading blockstate definition: 'dndecor:blockstates/tungsten_cross_bolt.json' missing model for variant: 'dndecor:tungsten_cross_bolt#facing=north,rotation=0'
[21May2026 14:41:26.593] [Worker-ResourceReload-3/WARN] [net.minecraft.client.resources.model.BlockStateModelLoader/]: Exception loading blockstate definition: 'dndecor:blockstates/tungsten_cross_bolt.json' missing model for variant: 'dndecor:tungsten_cross_bolt#facing=south,rotation=315'
[21May2026 14:41:26.593] [Worker-ResourceReload-3/WARN] [net.minecraft.client.resources.model.BlockStateModelLoader/]: Exception loading blockstate definition: 'dndecor:blockstates/tungsten_cross_bolt.json' missing model for variant: 'dndecor:tungsten_cross_bolt#facing=down,rotation=45'
[21May2026 14:41:26.593] [Worker-ResourceReload-3/WARN] [net.minecraft.client.resources.model.BlockStateModelLoader/]: Exception loading blockstate definition: 'dndecor:blockstates/tungsten_cross_bolt.json' missing model for variant: 'dndecor:tungsten_cross_bolt#facing=east,rotation=90'
[21May2026 14:41:26.593] [Worker-ResourceReload-3/WARN] [net.minecraft.client.resources.model.BlockStateModelLoader/]: Exception loading blockstate definition: 'dndecor:blockstates/tungsten_cross_bolt.json' missing model for variant: 'dndecor:tungsten_cross_bolt#facing=south,rotation=0'
[21May2026 14:41:26.593] [Worker-ResourceReload-3/WARN] [net.minecraft.client.resources.model.BlockStateModelLoader/]: Exception loading blockstate definition: 'dndecor:blockstates/tungsten_cross_bolt.json' missing model for variant: 'dndecor:tungsten_cross_bolt#facing=south,rotation=135'
[21May2026 14:41:26.593] [Worker-ResourceReload-3/WARN] [net.minecraft.client.resources.model.BlockStateModelLoader/]: Exception loading blockstate definition: 'dndecor:blockstates/tungsten_cross_bolt.json' missing model for variant: 'dndecor:tungsten_cross_bolt#facing=east,rotation=135'
[21May2026 14:41:26.593] [Worker-ResourceReload-3/WARN] [net.minecraft.client.resources.model.BlockStateModelLoader/]: Exception loading blockstate definition: 'dndecor:blockstates/tungsten_cross_bolt.json' missing model for variant: 'dndecor:tungsten_cross_bolt#facing=down,rotation=0'
[21May2026 14:41:26.593] [Worker-ResourceReload-3/WARN] [net.minecraft.client.resources.model.BlockStateModelLoader/]: Exception loading blockstate definition: 'dndecor:blockstates/tungsten_cross_bolt.json' missing model for variant: 'dndecor:tungsten_cross_bolt#facing=west,rotation=90'
[21May2026 14:41:26.593] [Worker-ResourceReload-3/WARN] [net.minecraft.client.resources.model.BlockStateModelLoader/]: Exception loading blockstate definition: 'dndecor:blockstates/tungsten_cross_bolt.json' missing model for variant: 'dndecor:tungsten_cross_bolt#facing=down,rotation=180'
[21May2026 14:41:26.594] [Worker-ResourceReload-3/WARN] [net.minecraft.client.resources.model.BlockStateModelLoader/]: Exception loading blockstate definition: 'dndecor:blockstates/tungsten_cross_bolt.json' missing model for variant: 'dndecor:tungsten_cross_bolt#facing=north,rotation=45'
[21May2026 14:41:26.594] [Worker-ResourceReload-3/WARN] [net.minecraft.client.resources.model.BlockStateModelLoader/]: Exception loading blockstate definition: 'dndecor:blockstates/tungsten_cross_bolt.json' missing model for variant: 'dndecor:tungsten_cross_bolt#facing=up,rotation=180'
[21May2026 14:41:26.594] [Worker-ResourceReload-3/WARN] [net.minecraft.client.resources.model.BlockStateModelLoader/]: Exception loading blockstate definition: 'dndecor:blockstates/tungsten_cross_bolt.json' missing model for variant: 'dndecor:tungsten_cross_bolt#facing=east,rotation=270'
[21May2026 14:41:26.594] [Worker-ResourceReload-3/WARN] [net.minecraft.client.resources.model.BlockStateModelLoader/]: Exception loading blockstate definition: 'dndecor:blockstates/tungsten_cross_bolt.json' missing model for variant: 'dndecor:tungsten_cross_bolt#facing=down,rotation=135'
[21May2026 14:41:26.594] [Worker-ResourceReload-3/WARN] [net.minecraft.client.resources.model.BlockStateModelLoader/]: Exception loading blockstate definition: 'dndecor:blockstates/tungsten_cross_bolt.json' missing model for variant: 'dndecor:tungsten_cross_bolt#facing=up,rotation=0'
[21May2026 14:41:26.594] [Worker-ResourceReload-3/WARN] [net.minecraft.client.resources.model.BlockStateModelLoader/]: Exception loading blockstate definition: 'dndecor:blockstates/tungsten_cross_bolt.json' missing model for variant: 'dndecor:tungsten_cross_bolt#facing=south,rotation=90'
[21May2026 14:41:26.594] [Worker-ResourceReload-3/WARN] [net.minecraft.client.resources.model.BlockStateModelLoader/]: Exception loading blockstate definition: 'dndecor:blockstates/tungsten_cross_bolt.json' missing model for variant: 'dndecor:tungsten_cross_bolt#facing=east,rotation=45'
[21May2026 14:41:26.594] [Worker-ResourceReload-3/WARN] [net.minecraft.client.resources.model.BlockStateModelLoader/]: Exception loading blockstate definition: 'dndecor:blockstates/tungsten_cross_bolt.json' missing model for variant: 'dndecor:tungsten_cross_bolt#facing=north,rotation=225'
[21May2026 14:41:26.594] [Worker-ResourceReload-3/WARN] [net.minecraft.client.resources.model.BlockStateModelLoader/]: Exception loading blockstate definition: 'dndecor:blockstates/tungsten_cross_bolt.json' missing model for variant: 'dndecor:tungsten_cross_bolt#facing=north,rotation=90'
[21May2026 14:41:26.594] [Worker-ResourceReload-3/WARN] [net.minecraft.client.resources.model.BlockStateModelLoader/]: Exception loading blockstate definition: 'dndecor:blockstates/tungsten_cross_bolt.json' missing model for variant: 'dndecor:tungsten_cross_bolt#facing=west,rotation=270'
[21May2026 14:41:26.594] [Worker-ResourceReload-3/WARN] [net.minecraft.client.resources.model.BlockStateModelLoader/]: Exception loading blockstate definition: 'dndecor:blockstates/tungsten_cross_bolt.json' missing model for variant: 'dndecor:tungsten_cross_bolt#facing=north,rotation=180'
[21May2026 14:41:26.595] [Worker-ResourceReload-3/WARN] [net.minecraft.client.resources.model.BlockStateModelLoader/]: Exception loading blockstate definition: 'dndecor:blockstates/tungsten_cross_bolt.json' missing model for variant: 'dndecor:tungsten_cross_bolt#facing=up,rotation=225'
[21May2026 14:41:26.595] [Worker-ResourceReload-3/WARN] [net.minecraft.client.resources.model.BlockStateModelLoader/]: Exception loading blockstate definition: 'dndecor:blockstates/tungsten_cross_bolt.json' missing model for variant: 'dndecor:tungsten_cross_bolt#facing=up,rotation=90'
[21May2026 14:41:26.595] [Worker-ResourceReload-3/WARN] [net.minecraft.client.resources.model.BlockStateModelLoader/]: Exception loading blockstate definition: 'dndecor:blockstates/tungsten_cross_bolt.json' missing model for variant: 'dndecor:tungsten_cross_bolt#facing=west,rotation=315'
[21May2026 14:41:26.595] [Worker-ResourceReload-3/WARN] [net.minecraft.client.resources.model.BlockStateModelLoader/]: Exception loading blockstate definition: 'dndecor:blockstates/tungsten_cross_bolt.json' missing model for variant: 'dndecor:tungsten_cross_bolt#facing=east,rotation=315'
[21May2026 14:41:26.595] [Worker-ResourceReload-3/WARN] [net.minecraft.client.resources.model.BlockStateModelLoader/]: Exception loading blockstate definition: 'dndecor:blockstates/tungsten_cross_bolt.json' missing model for variant: 'dndecor:tungsten_cross_bolt#facing=down,rotation=315'
[21May2026 14:41:26.595] [Worker-ResourceReload-3/WARN] [net.minecraft.client.resources.model.BlockStateModelLoader/]: Exception loading blockstate definition: 'dndecor:blockstates/tungsten_cross_bolt.json' missing model for variant: 'dndecor:tungsten_cross_bolt#facing=down,rotation=90'
[21May2026 14:41:26.595] [Worker-ResourceReload-3/WARN] [net.minecraft.client.resources.model.BlockStateModelLoader/]: Exception loading blockstate definition: 'dndecor:blockstates/tungsten_cross_bolt.json' missing model for variant: 'dndecor:tungsten_cross_bolt#facing=west,rotation=0'
[21May2026 14:41:26.595] [Worker-ResourceReload-3/WARN] [net.minecraft.client.resources.model.BlockStateModelLoader/]: Exception loading blockstate definition: 'dndecor:blockstates/tungsten_cross_bolt.json' missing model for variant: 'dndecor:tungsten_cross_bolt#facing=west,rotation=135'
[21May2026 14:41:26.595] [Worker-ResourceReload-3/WARN] [net.minecraft.client.resources.model.BlockStateModelLoader/]: Exception loading blockstate definition: 'dndecor:blockstates/tungsten_cross_bolt.json' missing model for variant: 'dndecor:tungsten_cross_bolt#facing=south,rotation=180'
[21May2026 14:41:26.595] [Worker-ResourceReload-3/WARN] [net.minecraft.client.resources.model.BlockStateModelLoader/]: Exception loading blockstate definition: 'dndecor:blockstates/tungsten_dash_bolt.json' missing model for variant: 'dndecor:tungsten_dash_bolt#facing=south,rotation=135'
[21May2026 14:41:26.595] [Worker-ResourceReload-3/WARN] [net.minecraft.client.resources.model.BlockStateModelLoader/]: Exception loading blockstate definition: 'dndecor:blockstates/tungsten_dash_bolt.json' missing model for variant: 'dndecor:tungsten_dash_bolt#facing=east,rotation=270'
[21May2026 14:41:26.595] [Worker-ResourceReload-3/WARN] [net.minecraft.client.resources.model.BlockStateModelLoader/]: Exception loading blockstate definition: 'dndecor:blockstates/tungsten_dash_bolt.json' missing model for variant: 'dndecor:tungsten_dash_bolt#facing=north,rotation=0'
[21May2026 14:41:26.595] [Worker-ResourceReload-3/WARN] [net.minecraft.client.resources.model.BlockStateModelLoader/]: Exception loading blockstate definition: 'dndecor:blockstates/tungsten_dash_bolt.json' missing model for variant: 'dndecor:tungsten_dash_bolt#facing=down,rotation=45'
[21May2026 14:41:26.595] [Worker-ResourceReload-3/WARN] [net.minecraft.client.resources.model.BlockStateModelLoader/]: Exception loading blockstate definition: 'dndecor:blockstates/tungsten_dash_bolt.json' missing model for variant: 'dndecor:tungsten_dash_bolt#facing=south,rotation=315'
[21May2026 14:41:26.595] [Worker-ResourceReload-3/WARN] [net.minecraft.client.resources.model.BlockStateModelLoader/]: Exception loading blockstate definition: 'dndecor:blockstates/tungsten_dash_bolt.json' missing model for variant: 'dndecor:tungsten_dash_bolt#facing=up,rotation=180'
[21May2026 14:41:26.595] [Worker-ResourceReload-3/WARN] [net.minecraft.client.resources.model.BlockStateModelLoader/]: Exception loading blockstate definition: 'dndecor:blockstates/tungsten_dash_bolt.json' missing model for variant: 'dndecor:tungsten_dash_bolt#facing=north,rotation=225'
[21May2026 14:41:26.595] [Worker-ResourceReload-3/WARN] [net.minecraft.client.resources.model.BlockStateModelLoader/]: Exception loading blockstate definition: 'dndecor:blockstates/tungsten_dash_bolt.json' missing model for variant: 'dndecor:tungsten_dash_bolt#facing=east,rotation=90'
[21May2026 14:41:26.595] [Worker-ResourceReload-3/WARN] [net.minecraft.client.resources.model.BlockStateModelLoader/]: Exception loading blockstate definition: 'dndecor:blockstates/tungsten_dash_bolt.json' missing model for variant: 'dndecor:tungsten_dash_bolt#facing=south,rotation=270'
[21May2026 14:41:26.595] [Worker-ResourceReload-3/WARN] [net.minecraft.client.resources.model.BlockStateModelLoader/]: Exception loading blockstate definition: 'dndecor:blockstates/tungsten_dash_bolt.json' missing model for variant: 'dndecor:tungsten_dash_bolt#facing=down,rotation=315'
[21May2026 14:41:26.596] [Worker-ResourceReload-3/WARN] [net.minecraft.client.resources.model.BlockStateModelLoader/]: Exception loading blockstate definition: 'dndecor:blockstates/tungsten_dash_bolt.json' missing model for variant: 'dndecor:tungsten_dash_bolt#facing=west,rotation=225'
[21May2026 14:41:26.596] [Worker-ResourceReload-3/WARN] [net.minecraft.client.resources.model.BlockStateModelLoader/]: Exception loading blockstate definition: 'dndecor:blockstates/tungsten_dash_bolt.json' missing model for variant: 'dndecor:tungsten_dash_bolt#facing=up,rotation=0'
[21May2026 14:41:26.596] [Worker-ResourceReload-3/WARN] [net.minecraft.client.resources.model.BlockStateModelLoader/]: Exception loading blockstate definition: 'dndecor:blockstates/tungsten_dash_bolt.json' missing model for variant: 'dndecor:tungsten_dash_bolt#facing=up,rotation=90'
[21May2026 14:41:26.596] [Worker-ResourceReload-3/WARN] [net.minecraft.client.resources.model.BlockStateModelLoader/]: Exception loading blockstate definition: 'dndecor:blockstates/tungsten_dash_bolt.json' missing model for variant: 'dndecor:tungsten_dash_bolt#facing=west,rotation=0'
[21May2026 14:41:26.596] [Worker-ResourceReload-3/WARN] [net.minecraft.client.resources.model.BlockStateModelLoader/]: Exception loading blockstate definition: 'dndecor:blockstates/tungsten_dash_bolt.json' missing model for variant: 'dndecor:tungsten_dash_bolt#facing=west,rotation=270'
[21May2026 14:41:26.596] [Worker-ResourceReload-3/WARN] [net.minecraft.client.resources.model.BlockStateModelLoader/]: Exception loading blockstate definition: 'dndecor:blockstates/tungsten_dash_bolt.json' missing model for variant: 'dndecor:tungsten_dash_bolt#facing=north,rotation=180'
[21May2026 14:41:26.596] [Worker-ResourceReload-3/WARN] [net.minecraft.client.resources.model.BlockStateModelLoader/]: Exception loading blockstate definition: 'dndecor:blockstates/tungsten_dash_bolt.json' missing model for variant: 'dndecor:tungsten_dash_bolt#facing=up,rotation=225'
[21May2026 14:41:26.596] [Worker-ResourceReload-3/WARN] [net.minecraft.client.resources.model.BlockStateModelLoader/]: Exception loading blockstate definition: 'dndecor:blockstates/tungsten_dash_bolt.json' missing model for variant: 'dndecor:tungsten_dash_bolt#facing=down,rotation=135'
[21May2026 14:41:26.596] [Worker-ResourceReload-3/WARN] [net.minecraft.client.resources.model.BlockStateModelLoader/]: Exception loading blockstate definition: 'dndecor:blockstates/tungsten_dash_bolt.json' missing model for variant: 'dndecor:tungsten_dash_bolt#facing=west,rotation=90'
[21May2026 14:41:26.596] [Worker-ResourceReload-3/WARN] [net.minecraft.client.resources.model.BlockStateModelLoader/]: Exception loading blockstate definition: 'dndecor:blockstates/tungsten_dash_bolt.json' missing model for variant: 'dndecor:tungsten_dash_bolt#facing=east,rotation=315'
[21May2026 14:41:26.596] [Worker-ResourceReload-3/WARN] [net.minecraft.client.resources.model.BlockStateModelLoader/]: Exception loading blockstate definition: 'dndecor:blockstates/tungsten_dash_bolt.json' missing model for variant: 'dndecor:tungsten_dash_bolt#facing=up,rotation=45'
[21May2026 14:41:26.596] [Worker-ResourceReload-3/WARN] [net.minecraft.client.resources.model.BlockStateModelLoader/]: Exception loading blockstate definition: 'dndecor:blockstates/tungsten_dash_bolt.json' missing model for variant: 'dndecor:tungsten_dash_bolt#facing=north,rotation=45'
[21May2026 14:41:26.596] [Worker-ResourceReload-3/WARN] [net.minecraft.client.resources.model.BlockStateModelLoader/]: Exception loading blockstate definition: 'dndecor:blockstates/tungsten_dash_bolt.json' missing model for variant: 'dndecor:tungsten_dash_bolt#facing=east,rotation=135'
[21May2026 14:41:26.596] [Worker-ResourceReload-3/WARN] [net.minecraft.client.resources.model.BlockStateModelLoader/]: Exception loading blockstate definition: 'dndecor:blockstates/tungsten_dash_bolt.json' missing model for variant: 'dndecor:tungsten_dash_bolt#facing=down,rotation=0'
[21May2026 14:41:26.596] [Worker-ResourceReload-3/WARN] [net.minecraft.client.resources.model.BlockStateModelLoader/]: Exception loading blockstate definition: 'dndecor:blockstates/tungsten_dash_bolt.json' missing model for variant: 'dndecor:tungsten_dash_bolt#facing=south,rotation=90'
[21May2026 14:41:26.596] [Worker-ResourceReload-3/WARN] [net.minecraft.client.resources.model.BlockStateModelLoader/]: Exception loading blockstate definition: 'dndecor:blockstates/tungsten_dash_bolt.json' missing model for variant: 'dndecor:tungsten_dash_bolt#facing=down,rotation=270'
[21May2026 14:41:26.597] [Worker-ResourceReload-3/WARN] [net.minecraft.client.resources.model.BlockStateModelLoader/]: Exception loading blockstate definition: 'dndecor:blockstates/tungsten_dash_bolt.json' missing model for variant: 'dndecor:tungsten_dash_bolt#facing=east,rotation=45'
[21May2026 14:41:26.597] [Worker-ResourceReload-3/WARN] [net.minecraft.client.resources.model.BlockStateModelLoader/]: Exception loading blockstate definition: 'dndecor:blockstates/tungsten_dash_bolt.json' missing model for variant: 'dndecor:tungsten_dash_bolt#facing=up,rotation=270'
[21May2026 14:41:26.597] [Worker-ResourceReload-3/WARN] [net.minecraft.client.resources.model.BlockStateModelLoader/]: Exception loading blockstate definition: 'dndecor:blockstates/tungsten_dash_bolt.json' missing model for variant: 'dndecor:tungsten_dash_bolt#facing=east,rotation=180'
[21May2026 14:41:26.597] [Worker-ResourceReload-3/WARN] [net.minecraft.client.resources.model.BlockStateModelLoader/]: Exception loading blockstate definition: 'dndecor:blockstates/tungsten_dash_bolt.json' missing model for variant: 'dndecor:tungsten_dash_bolt#facing=south,rotation=45'
[21May2026 14:41:26.597] [Worker-ResourceReload-3/WARN] [net.minecraft.client.resources.model.BlockStateModelLoader/]: Exception loading blockstate definition: 'dndecor:blockstates/tungsten_dash_bolt.json' missing model for variant: 'dndecor:tungsten_dash_bolt#facing=south,rotation=225'
[21May2026 14:41:26.597] [Worker-ResourceReload-3/WARN] [net.minecraft.client.resources.model.BlockStateModelLoader/]: Exception loading blockstate definition: 'dndecor:blockstates/tungsten_dash_bolt.json' missing model for variant: 'dndecor:tungsten_dash_bolt#facing=north,rotation=315'
[21May2026 14:41:26.597] [Worker-ResourceReload-3/WARN] [net.minecraft.client.resources.model.BlockStateModelLoader/]: Exception loading blockstate definition: 'dndecor:blockstates/tungsten_dash_bolt.json' missing model for variant: 'dndecor:tungsten_dash_bolt#facing=west,rotation=135'
[21May2026 14:41:26.597] [Worker-ResourceReload-3/WARN] [net.minecraft.client.resources.model.BlockStateModelLoader/]: Exception loading blockstate definition: 'dndecor:blockstates/tungsten_dash_bolt.json' missing model for variant: 'dndecor:tungsten_dash_bolt#facing=down,rotation=90'
[21May2026 14:41:26.597] [Worker-ResourceReload-3/WARN] [net.minecraft.client.resources.model.BlockStateModelLoader/]: Exception loading blockstate definition: 'dndecor:blockstates/tungsten_dash_bolt.json' missing model for variant: 'dndecor:tungsten_dash_bolt#facing=south,rotation=180'
[21May2026 14:41:26.597] [Worker-ResourceReload-3/WARN] [net.minecraft.client.resources.model.BlockStateModelLoader/]: Exception loading blockstate definition: 'dndecor:blockstates/tungsten_dash_bolt.json' missing model for variant: 'dndecor:tungsten_dash_bolt#facing=down,rotation=225'
[21May2026 14:41:26.597] [Worker-ResourceReload-3/WARN] [net.minecraft.client.resources.model.BlockStateModelLoader/]: Exception loading blockstate definition: 'dndecor:blockstates/tungsten_dash_bolt.json' missing model for variant: 'dndecor:tungsten_dash_bolt#facing=north,rotation=135'
[21May2026 14:41:26.597] [Worker-ResourceReload-3/WARN] [net.minecraft.client.resources.model.BlockStateModelLoader/]: Exception loading blockstate definition: 'dndecor:blockstates/tungsten_dash_bolt.json' missing model for variant: 'dndecor:tungsten_dash_bolt#facing=west,rotation=315'
[21May2026 14:41:26.597] [Worker-ResourceReload-3/WARN] [net.minecraft.client.resources.model.BlockStateModelLoader/]: Exception loading blockstate definition: 'dndecor:blockstates/tungsten_dash_bolt.json' missing model for variant: 'dndecor:tungsten_dash_bolt#facing=west,rotation=180'
[21May2026 14:41:26.597] [Worker-ResourceReload-3/WARN] [net.minecraft.client.resources.model.BlockStateModelLoader/]: Exception loading blockstate definition: 'dndecor:blockstates/tungsten_dash_bolt.json' missing model for variant: 'dndecor:tungsten_dash_bolt#facing=north,rotation=90'
[21May2026 14:41:26.597] [Worker-ResourceReload-3/WARN] [net.minecraft.client.resources.model.BlockStateModelLoader/]: Exception loading blockstate definition: 'dndecor:blockstates/tungsten_dash_bolt.json' missing model for variant: 'dndecor:tungsten_dash_bolt#facing=north,rotation=270'
[21May2026 14:41:26.597] [Worker-ResourceReload-3/WARN] [net.minecraft.client.resources.model.BlockStateModelLoader/]: Exception loading blockstate definition: 'dndecor:blockstates/tungsten_dash_bolt.json' missing model for variant: 'dndecor:tungsten_dash_bolt#facing=up,rotation=315'
[21May2026 14:41:26.597] [Worker-ResourceReload-3/WARN] [net.minecraft.client.resources.model.BlockStateModelLoader/]: Exception loading blockstate definition: 'dndecor:blockstates/tungsten_dash_bolt.json' missing model for variant: 'dndecor:tungsten_dash_bolt#facing=east,rotation=0'
[21May2026 14:41:26.597] [Worker-ResourceReload-3/WARN] [net.minecraft.client.resources.model.BlockStateModelLoader/]: Exception loading blockstate definition: 'dndecor:blockstates/tungsten_dash_bolt.json' missing model for variant: 'dndecor:tungsten_dash_bolt#facing=east,rotation=225'
[21May2026 14:41:26.597] [Worker-ResourceReload-3/WARN] [net.minecraft.client.resources.model.BlockStateModelLoader/]: Exception loading blockstate definition: 'dndecor:blockstates/tungsten_dash_bolt.json' missing model for variant: 'dndecor:tungsten_dash_bolt#facing=south,rotation=0'
[21May2026 14:41:26.597] [Worker-ResourceReload-3/WARN] [net.minecraft.client.resources.model.BlockStateModelLoader/]: Exception loading blockstate definition: 'dndecor:blockstates/tungsten_dash_bolt.json' missing model for variant: 'dndecor:tungsten_dash_bolt#facing=west,rotation=45'
[21May2026 14:41:26.597] [Worker-ResourceReload-3/WARN] [net.minecraft.client.resources.model.BlockStateModelLoader/]: Exception loading blockstate definition: 'dndecor:blockstates/tungsten_dash_bolt.json' missing model for variant: 'dndecor:tungsten_dash_bolt#facing=up,rotation=135'
[21May2026 14:41:26.597] [Worker-ResourceReload-3/WARN] [net.minecraft.client.resources.model.BlockStateModelLoader/]: Exception loading blockstate definition: 'dndecor:blockstates/tungsten_dash_bolt.json' missing model for variant: 'dndecor:tungsten_dash_bolt#facing=down,rotation=180'
[21May2026 14:41:26.598] [Worker-ResourceReload-3/WARN] [net.minecraft.client.resources.model.BlockStateModelLoader/]: Exception loading blockstate definition: 'dndecor:blockstates/tungsten_dot_bolt.json' missing model for variant: 'dndecor:tungsten_dot_bolt#facing=north,rotation=90'
[21May2026 14:41:26.598] [Worker-ResourceReload-3/WARN] [net.minecraft.client.resources.model.BlockStateModelLoader/]: Exception loading blockstate definition: 'dndecor:blockstates/tungsten_dot_bolt.json' missing model for variant: 'dndecor:tungsten_dot_bolt#facing=north,rotation=270'
[21May2026 14:41:26.598] [Worker-ResourceReload-3/WARN] [net.minecraft.client.resources.model.BlockStateModelLoader/]: Exception loading blockstate definition: 'dndecor:blockstates/tungsten_dot_bolt.json' missing model for variant: 'dndecor:tungsten_dot_bolt#facing=up,rotation=90'
[21May2026 14:41:26.598] [Worker-ResourceReload-3/WARN] [net.minecraft.client.resources.model.BlockStateModelLoader/]: Exception loading blockstate definition: 'dndecor:blockstates/tungsten_dot_bolt.json' missing model for variant: 'dndecor:tungsten_dot_bolt#facing=up,rotation=225'
[21May2026 14:41:26.598] [Worker-ResourceReload-3/WARN] [net.minecraft.client.resources.model.BlockStateModelLoader/]: Exception loading blockstate definition: 'dndecor:blockstates/tungsten_dot_bolt.json' missing model for variant: 'dndecor:tungsten_dot_bolt#facing=east,rotation=315'
[21May2026 14:41:26.598] [Worker-ResourceReload-3/WARN] [net.minecraft.client.resources.model.BlockStateModelLoader/]: Exception loading blockstate definition: 'dndecor:blockstates/tungsten_dot_bolt.json' missing model for variant: 'dndecor:tungsten_dot_bolt#facing=south,rotation=0'
[21May2026 14:41:26.598] [Worker-ResourceReload-3/WARN] [net.minecraft.client.resources.model.BlockStateModelLoader/]: Exception loading blockstate definition: 'dndecor:blockstates/tungsten_dot_bolt.json' missing model for variant: 'dndecor:tungsten_dot_bolt#facing=west,rotation=90'
[21May2026 14:41:26.598] [Worker-ResourceReload-3/WARN] [net.minecraft.client.resources.model.BlockStateModelLoader/]: Exception loading blockstate definition: 'dndecor:blockstates/tungsten_dot_bolt.json' missing model for variant: 'dndecor:tungsten_dot_bolt#facing=east,rotation=135'
[21May2026 14:41:26.598] [Worker-ResourceReload-3/WARN] [net.minecraft.client.resources.model.BlockStateModelLoader/]: Exception loading blockstate definition: 'dndecor:blockstates/tungsten_dot_bolt.json' missing model for variant: 'dndecor:tungsten_dot_bolt#facing=north,rotation=0'
[21May2026 14:41:26.598] [Worker-ResourceReload-3/WARN] [net.minecraft.client.resources.model.BlockStateModelLoader/]: Exception loading blockstate definition: 'dndecor:blockstates/tungsten_dot_bolt.json' missing model for variant: 'dndecor:tungsten_dot_bolt#facing=west,rotation=270'
[21May2026 14:41:26.598] [Worker-ResourceReload-3/WARN] [net.minecraft.client.resources.model.BlockStateModelLoader/]: Exception loading blockstate definition: 'dndecor:blockstates/tungsten_dot_bolt.json' missing model for variant: 'dndecor:tungsten_dot_bolt#facing=down,rotation=180'
[21May2026 14:41:26.598] [Worker-ResourceReload-3/WARN] [net.minecraft.client.resources.model.BlockStateModelLoader/]: Exception loading blockstate definition: 'dndecor:blockstates/tungsten_dot_bolt.json' missing model for variant: 'dndecor:tungsten_dot_bolt#facing=east,rotation=270'
[21May2026 14:41:26.598] [Worker-ResourceReload-3/WARN] [net.minecraft.client.resources.model.BlockStateModelLoader/]: Exception loading blockstate definition: 'dndecor:blockstates/tungsten_dot_bolt.json' missing model for variant: 'dndecor:tungsten_dot_bolt#facing=south,rotation=135'
[21May2026 14:41:26.598] [Worker-ResourceReload-3/WARN] [net.minecraft.client.resources.model.BlockStateModelLoader/]: Exception loading blockstate definition: 'dndecor:blockstates/tungsten_dot_bolt.json' missing model for variant: 'dndecor:tungsten_dot_bolt#facing=west,rotation=225'
[21May2026 14:41:26.598] [Worker-ResourceReload-3/WARN] [net.minecraft.client.resources.model.BlockStateModelLoader/]: Exception loading blockstate definition: 'dndecor:blockstates/tungsten_dot_bolt.json' missing model for variant: 'dndecor:tungsten_dot_bolt#facing=down,rotation=0'
[21May2026 14:41:26.599] [Worker-ResourceReload-3/WARN] [net.minecraft.client.resources.model.BlockStateModelLoader/]: Exception loading blockstate definition: 'dndecor:blockstates/tungsten_dot_bolt.json' missing model for variant: 'dndecor:tungsten_dot_bolt#facing=south,rotation=315'
[21May2026 14:41:26.599] [Worker-ResourceReload-3/WARN] [net.minecraft.client.resources.model.BlockStateModelLoader/]: Exception loading blockstate definition: 'dndecor:blockstates/tungsten_dot_bolt.json' missing model for variant: 'dndecor:tungsten_dot_bolt#facing=down,rotation=45'
[21May2026 14:41:26.599] [Worker-ResourceReload-3/WARN] [net.minecraft.client.resources.model.BlockStateModelLoader/]: Exception loading blockstate definition: 'dndecor:blockstates/tungsten_dot_bolt.json' missing model for variant: 'dndecor:tungsten_dot_bolt#facing=south,rotation=45'
[21May2026 14:41:26.599] [Worker-ResourceReload-3/WARN] [net.minecraft.client.resources.model.BlockStateModelLoader/]: Exception loading blockstate definition: 'dndecor:blockstates/tungsten_dot_bolt.json' missing model for variant: 'dndecor:tungsten_dot_bolt#facing=up,rotation=180'
[21May2026 14:41:26.599] [Worker-ResourceReload-3/WARN] [net.minecraft.client.resources.model.BlockStateModelLoader/]: Exception loading blockstate definition: 'dndecor:blockstates/tungsten_dot_bolt.json' missing model for variant: 'dndecor:tungsten_dot_bolt#facing=up,rotation=45'
[21May2026 14:41:26.599] [Worker-ResourceReload-3/WARN] [net.minecraft.client.resources.model.BlockStateModelLoader/]: Exception loading blockstate definition: 'dndecor:blockstates/tungsten_dot_bolt.json' missing model for variant: 'dndecor:tungsten_dot_bolt#facing=north,rotation=135'
[21May2026 14:41:26.599] [Worker-ResourceReload-3/WARN] [net.minecraft.client.resources.model.BlockStateModelLoader/]: Exception loading blockstate definition: 'dndecor:blockstates/tungsten_dot_bolt.json' missing model for variant: 'dndecor:tungsten_dot_bolt#facing=south,rotation=270'
[21May2026 14:41:26.599] [Worker-ResourceReload-3/WARN] [net.minecraft.client.resources.model.BlockStateModelLoader/]: Exception loading blockstate definition: 'dndecor:blockstates/tungsten_dot_bolt.json' missing model for variant: 'dndecor:tungsten_dot_bolt#facing=down,rotation=225'
[21May2026 14:41:26.599] [Worker-ResourceReload-3/WARN] [net.minecraft.client.resources.model.BlockStateModelLoader/]: Exception loading blockstate definition: 'dndecor:blockstates/tungsten_dot_bolt.json' missing model for variant: 'dndecor:tungsten_dot_bolt#facing=north,rotation=315'
[21May2026 14:41:26.599] [Worker-ResourceReload-3/WARN] [net.minecraft.client.resources.model.BlockStateModelLoader/]: Exception loading blockstate definition: 'dndecor:blockstates/tungsten_dot_bolt.json' missing model for variant: 'dndecor:tungsten_dot_bolt#facing=up,rotation=315'
[21May2026 14:41:26.599] [Worker-ResourceReload-3/WARN] [net.minecraft.client.resources.model.BlockStateModelLoader/]: Exception loading blockstate definition: 'dndecor:blockstates/tungsten_dot_bolt.json' missing model for variant: 'dndecor:tungsten_dot_bolt#facing=down,rotation=270'
[21May2026 14:41:26.599] [Worker-ResourceReload-3/WARN] [net.minecraft.client.resources.model.BlockStateModelLoader/]: Exception loading blockstate definition: 'dndecor:blockstates/tungsten_dot_bolt.json' missing model for variant: 'dndecor:tungsten_dot_bolt#facing=north,rotation=180'
[21May2026 14:41:26.599] [Worker-ResourceReload-3/WARN] [net.minecraft.client.resources.model.BlockStateModelLoader/]: Exception loading blockstate definition: 'dndecor:blockstates/tungsten_dot_bolt.json' missing model for variant: 'dndecor:tungsten_dot_bolt#facing=east,rotation=0'
[21May2026 14:41:26.599] [Worker-ResourceReload-3/WARN] [net.minecraft.client.resources.model.BlockStateModelLoader/]: Exception loading blockstate definition: 'dndecor:blockstates/tungsten_dot_bolt.json' missing model for variant: 'dndecor:tungsten_dot_bolt#facing=east,rotation=225'
[21May2026 14:41:26.599] [Worker-ResourceReload-3/WARN] [net.minecraft.client.resources.model.BlockStateModelLoader/]: Exception loading blockstate definition: 'dndecor:blockstates/tungsten_dot_bolt.json' missing model for variant: 'dndecor:tungsten_dot_bolt#facing=north,rotation=45'
[21May2026 14:41:26.599] [Worker-ResourceReload-3/WARN] [net.minecraft.client.resources.model.BlockStateModelLoader/]: Exception loading blockstate definition: 'dndecor:blockstates/tungsten_dot_bolt.json' missing model for variant: 'dndecor:tungsten_dot_bolt#facing=east,rotation=45'
[21May2026 14:41:26.599] [Worker-ResourceReload-3/WARN] [net.minecraft.client.resources.model.BlockStateModelLoader/]: Exception loading blockstate definition: 'dndecor:blockstates/tungsten_dot_bolt.json' missing model for variant: 'dndecor:tungsten_dot_bolt#facing=south,rotation=90'
[21May2026 14:41:26.600] [Worker-ResourceReload-3/WARN] [net.minecraft.client.resources.model.BlockStateModelLoader/]: Exception loading blockstate definition: 'dndecor:blockstates/tungsten_dot_bolt.json' missing model for variant: 'dndecor:tungsten_dot_bolt#facing=up,rotation=135'
[21May2026 14:41:26.600] [Worker-ResourceReload-3/WARN] [net.minecraft.client.resources.model.BlockStateModelLoader/]: Exception loading blockstate definition: 'dndecor:blockstates/tungsten_dot_bolt.json' missing model for variant: 'dndecor:tungsten_dot_bolt#facing=west,rotation=45'
[21May2026 14:41:26.600] [Worker-ResourceReload-3/WARN] [net.minecraft.client.resources.model.BlockStateModelLoader/]: Exception loading blockstate definition: 'dndecor:blockstates/tungsten_dot_bolt.json' missing model for variant: 'dndecor:tungsten_dot_bolt#facing=west,rotation=180'
[21May2026 14:41:26.600] [Worker-ResourceReload-3/WARN] [net.minecraft.client.resources.model.BlockStateModelLoader/]: Exception loading blockstate definition: 'dndecor:blockstates/tungsten_dot_bolt.json' missing model for variant: 'dndecor:tungsten_dot_bolt#facing=west,rotation=315'
[21May2026 14:41:26.600] [Worker-ResourceReload-3/WARN] [net.minecraft.client.resources.model.BlockStateModelLoader/]: Exception loading blockstate definition: 'dndecor:blockstates/tungsten_dot_bolt.json' missing model for variant: 'dndecor:tungsten_dot_bolt#facing=south,rotation=225'
[21May2026 14:41:26.600] [Worker-ResourceReload-3/WARN] [net.minecraft.client.resources.model.BlockStateModelLoader/]: Exception loading blockstate definition: 'dndecor:blockstates/tungsten_dot_bolt.json' missing model for variant: 'dndecor:tungsten_dot_bolt#facing=west,rotation=135'
[21May2026 14:41:26.600] [Worker-ResourceReload-3/WARN] [net.minecraft.client.resources.model.BlockStateModelLoader/]: Exception loading blockstate definition: 'dndecor:blockstates/tungsten_dot_bolt.json' missing model for variant: 'dndecor:tungsten_dot_bolt#facing=up,rotation=270'
[21May2026 14:41:26.601] [Worker-ResourceReload-3/WARN] [net.minecraft.client.resources.model.BlockStateModelLoader/]: Exception loading blockstate definition: 'dndecor:blockstates/tungsten_dot_bolt.json' missing model for variant: 'dndecor:tungsten_dot_bolt#facing=east,rotation=180'
[21May2026 14:41:26.601] [Worker-ResourceReload-3/WARN] [net.minecraft.client.resources.model.BlockStateModelLoader/]: Exception loading blockstate definition: 'dndecor:blockstates/tungsten_dot_bolt.json' missing model for variant: 'dndecor:tungsten_dot_bolt#facing=south,rotation=180'
[21May2026 14:41:26.601] [Worker-ResourceReload-3/WARN] [net.minecraft.client.resources.model.BlockStateModelLoader/]: Exception loading blockstate definition: 'dndecor:blockstates/tungsten_dot_bolt.json' missing model for variant: 'dndecor:tungsten_dot_bolt#facing=up,rotation=0'
[21May2026 14:41:26.601] [Worker-ResourceReload-3/WARN] [net.minecraft.client.resources.model.BlockStateModelLoader/]: Exception loading blockstate definition: 'dndecor:blockstates/tungsten_dot_bolt.json' missing model for variant: 'dndecor:tungsten_dot_bolt#facing=down,rotation=135'
[21May2026 14:41:26.601] [Worker-ResourceReload-3/WARN] [net.minecraft.client.resources.model.BlockStateModelLoader/]: Exception loading blockstate definition: 'dndecor:blockstates/tungsten_dot_bolt.json' missing model for variant: 'dndecor:tungsten_dot_bolt#facing=east,rotation=90'
[21May2026 14:41:26.601] [Worker-ResourceReload-3/WARN] [net.minecraft.client.resources.model.BlockStateModelLoader/]: Exception loading blockstate definition: 'dndecor:blockstates/tungsten_dot_bolt.json' missing model for variant: 'dndecor:tungsten_dot_bolt#facing=west,rotation=0'
[21May2026 14:41:26.601] [Worker-ResourceReload-3/WARN] [net.minecraft.client.resources.model.BlockStateModelLoader/]: Exception loading blockstate definition: 'dndecor:blockstates/tungsten_dot_bolt.json' missing model for variant: 'dndecor:tungsten_dot_bolt#facing=down,rotation=90'
[21May2026 14:41:26.601] [Worker-ResourceReload-3/WARN] [net.minecraft.client.resources.model.BlockStateModelLoader/]: Exception loading blockstate definition: 'dndecor:blockstates/tungsten_dot_bolt.json' missing model for variant: 'dndecor:tungsten_dot_bolt#facing=down,rotation=315'
[21May2026 14:41:26.601] [Worker-ResourceReload-3/WARN] [net.minecraft.client.resources.model.BlockStateModelLoader/]: Exception loading blockstate definition: 'dndecor:blockstates/tungsten_dot_bolt.json' missing model for variant: 'dndecor:tungsten_dot_bolt#facing=north,rotation=225'
[21May2026 14:41:26.602] [Worker-ResourceReload-3/WARN] [net.minecraft.client.resources.model.BlockStateModelLoader/]: Exception loading blockstate definition: 'dndecor:blockstates/tungsten_flat_bolt.json' missing model for variant: 'dndecor:tungsten_flat_bolt#facing=west,rotation=0'
[21May2026 14:41:26.602] [Worker-ResourceReload-3/WARN] [net.minecraft.client.resources.model.BlockStateModelLoader/]: Exception loading blockstate definition: 'dndecor:blockstates/tungsten_flat_bolt.json' missing model for variant: 'dndecor:tungsten_flat_bolt#facing=west,rotation=270'
[21May2026 14:41:26.602] [Worker-ResourceReload-3/WARN] [net.minecraft.client.resources.model.BlockStateModelLoader/]: Exception loading blockstate definition: 'dndecor:blockstates/tungsten_flat_bolt.json' missing model for variant: 'dndecor:tungsten_flat_bolt#facing=south,rotation=180'
[21May2026 14:41:26.602] [Worker-ResourceReload-3/WARN] [net.minecraft.client.resources.model.BlockStateModelLoader/]: Exception loading blockstate definition: 'dndecor:blockstates/tungsten_flat_bolt.json' missing model for variant: 'dndecor:tungsten_flat_bolt#facing=north,rotation=270'
[21May2026 14:41:26.602] [Worker-ResourceReload-3/WARN] [net.minecraft.client.resources.model.BlockStateModelLoader/]: Exception loading blockstate definition: 'dndecor:blockstates/tungsten_flat_bolt.json' missing model for variant: 'dndecor:tungsten_flat_bolt#facing=north,rotation=315'
[21May2026 14:41:26.602] [Worker-ResourceReload-3/WARN] [net.minecraft.client.resources.model.BlockStateModelLoader/]: Exception loading blockstate definition: 'dndecor:blockstates/tungsten_flat_bolt.json' missing model for variant: 'dndecor:tungsten_flat_bolt#facing=west,rotation=90'
[21May2026 14:41:26.602] [Worker-ResourceReload-3/WARN] [net.minecraft.client.resources.model.BlockStateModelLoader/]: Exception loading blockstate definition: 'dndecor:blockstates/tungsten_flat_bolt.json' missing model for variant: 'dndecor:tungsten_flat_bolt#facing=west,rotation=135'
[21May2026 14:41:26.602] [Worker-ResourceReload-3/WARN] [net.minecraft.client.resources.model.BlockStateModelLoader/]: Exception loading blockstate definition: 'dndecor:blockstates/tungsten_flat_bolt.json' missing model for variant: 'dndecor:tungsten_flat_bolt#facing=up,rotation=90'
[21May2026 14:41:26.602] [Worker-ResourceReload-3/WARN] [net.minecraft.client.resources.model.BlockStateModelLoader/]: Exception loading blockstate definition: 'dndecor:blockstates/tungsten_flat_bolt.json' missing model for variant: 'dndecor:tungsten_flat_bolt#facing=down,rotation=90'
[21May2026 14:41:26.602] [Worker-ResourceReload-3/WARN] [net.minecraft.client.resources.model.BlockStateModelLoader/]: Exception loading blockstate definition: 'dndecor:blockstates/tungsten_flat_bolt.json' missing model for variant: 'dndecor:tungsten_flat_bolt#facing=down,rotation=225'
[21May2026 14:41:26.602] [Worker-ResourceReload-3/WARN] [net.minecraft.client.resources.model.BlockStateModelLoader/]: Exception loading blockstate definition: 'dndecor:blockstates/tungsten_flat_bolt.json' missing model for variant: 'dndecor:tungsten_flat_bolt#facing=north,rotation=90'
[21May2026 14:41:26.602] [Worker-ResourceReload-3/WARN] [net.minecraft.client.resources.model.BlockStateModelLoader/]: Exception loading blockstate definition: 'dndecor:blockstates/tungsten_flat_bolt.json' missing model for variant: 'dndecor:tungsten_flat_bolt#facing=north,rotation=135'
[21May2026 14:41:26.602] [Worker-ResourceReload-3/WARN] [net.minecraft.client.resources.model.BlockStateModelLoader/]: Exception loading blockstate definition: 'dndecor:blockstates/tungsten_flat_bolt.json' missing model for variant: 'dndecor:tungsten_flat_bolt#facing=west,rotation=315'
[21May2026 14:41:26.602] [Worker-ResourceReload-3/WARN] [net.minecraft.client.resources.model.BlockStateModelLoader/]: Exception loading blockstate definition: 'dndecor:blockstates/tungsten_flat_bolt.json' missing model for variant: 'dndecor:tungsten_flat_bolt#facing=up,rotation=270'
[21May2026 14:41:26.602] [Worker-ResourceReload-3/WARN] [net.minecraft.client.resources.model.BlockStateModelLoader/]: Exception loading blockstate definition: 'dndecor:blockstates/tungsten_flat_bolt.json' missing model for variant: 'dndecor:tungsten_flat_bolt#facing=east,rotation=90'
[21May2026 14:41:26.602] [Worker-ResourceReload-3/WARN] [net.minecraft.client.resources.model.BlockStateModelLoader/]: Exception loading blockstate definition: 'dndecor:blockstates/tungsten_flat_bolt.json' missing model for variant: 'dndecor:tungsten_flat_bolt#facing=east,rotation=225'
[21May2026 14:41:26.602] [Worker-ResourceReload-3/WARN] [net.minecraft.client.resources.model.BlockStateModelLoader/]: Exception loading blockstate definition: 'dndecor:blockstates/tungsten_flat_bolt.json' missing model for variant: 'dndecor:tungsten_flat_bolt#facing=south,rotation=45'
[21May2026 14:41:26.602] [Worker-ResourceReload-3/WARN] [net.minecraft.client.resources.model.BlockStateModelLoader/]: Exception loading blockstate definition: 'dndecor:blockstates/tungsten_flat_bolt.json' missing model for variant: 'dndecor:tungsten_flat_bolt#facing=south,rotation=225'
[21May2026 14:41:26.602] [Worker-ResourceReload-3/WARN] [net.minecraft.client.resources.model.BlockStateModelLoader/]: Exception loading blockstate definition: 'dndecor:blockstates/tungsten_flat_bolt.json' missing model for variant: 'dndecor:tungsten_flat_bolt#facing=up,rotation=135'
[21May2026 14:41:26.602] [Worker-ResourceReload-3/WARN] [net.minecraft.client.resources.model.BlockStateModelLoader/]: Exception loading blockstate definition: 'dndecor:blockstates/tungsten_flat_bolt.json' missing model for variant: 'dndecor:tungsten_flat_bolt#facing=east,rotation=0'
[21May2026 14:41:26.602] [Worker-ResourceReload-3/WARN] [net.minecraft.client.resources.model.BlockStateModelLoader/]: Exception loading blockstate definition: 'dndecor:blockstates/tungsten_flat_bolt.json' missing model for variant: 'dndecor:tungsten_flat_bolt#facing=east,rotation=180'
[21May2026 14:41:26.602] [Worker-ResourceReload-3/WARN] [net.minecraft.client.resources.model.BlockStateModelLoader/]: Exception loading blockstate definition: 'dndecor:blockstates/tungsten_flat_bolt.json' missing model for variant: 'dndecor:tungsten_flat_bolt#facing=south,rotation=0'
[21May2026 14:41:26.603] [Worker-ResourceReload-3/WARN] [net.minecraft.client.resources.model.BlockStateModelLoader/]: Exception loading blockstate definition: 'dndecor:blockstates/tungsten_flat_bolt.json' missing model for variant: 'dndecor:tungsten_flat_bolt#facing=west,rotation=45'
[21May2026 14:41:26.603] [Worker-ResourceReload-3/WARN] [net.minecraft.client.resources.model.BlockStateModelLoader/]: Exception loading blockstate definition: 'dndecor:blockstates/tungsten_flat_bolt.json' missing model for variant: 'dndecor:tungsten_flat_bolt#facing=west,rotation=180'
[21May2026 14:41:26.603] [Worker-ResourceReload-3/WARN] [net.minecraft.client.resources.model.BlockStateModelLoader/]: Exception loading blockstate definition: 'dndecor:blockstates/tungsten_flat_bolt.json' missing model for variant: 'dndecor:tungsten_flat_bolt#facing=down,rotation=180'
[21May2026 14:41:26.603] [Worker-ResourceReload-3/WARN] [net.minecraft.client.resources.model.BlockStateModelLoader/]: Exception loading blockstate definition: 'dndecor:blockstates/tungsten_flat_bolt.json' missing model for variant: 'dndecor:tungsten_flat_bolt#facing=south,rotation=90'
[21May2026 14:41:26.603] [Worker-ResourceReload-3/WARN] [net.minecraft.client.resources.model.BlockStateModelLoader/]: Exception loading blockstate definition: 'dndecor:blockstates/tungsten_flat_bolt.json' missing model for variant: 'dndecor:tungsten_flat_bolt#facing=up,rotation=315'
[21May2026 14:41:26.603] [Worker-ResourceReload-3/WARN] [net.minecraft.client.resources.model.BlockStateModelLoader/]: Exception loading blockstate definition: 'dndecor:blockstates/tungsten_flat_bolt.json' missing model for variant: 'dndecor:tungsten_flat_bolt#facing=down,rotation=135'
[21May2026 14:41:26.604] [Worker-ResourceReload-3/WARN] [net.minecraft.client.resources.model.BlockStateModelLoader/]: Exception loading blockstate definition: 'dndecor:blockstates/tungsten_flat_bolt.json' missing model for variant: 'dndecor:tungsten_flat_bolt#facing=up,rotation=45'
[21May2026 14:41:26.604] [Worker-ResourceReload-3/WARN] [net.minecraft.client.resources.model.BlockStateModelLoader/]: Exception loading blockstate definition: 'dndecor:blockstates/tungsten_flat_bolt.json' missing model for variant: 'dndecor:tungsten_flat_bolt#facing=down,rotation=315'
[21May2026 14:41:26.604] [Worker-ResourceReload-3/WARN] [net.minecraft.client.resources.model.BlockStateModelLoader/]: Exception loading blockstate definition: 'dndecor:blockstates/tungsten_flat_bolt.json' missing model for variant: 'dndecor:tungsten_flat_bolt#facing=west,rotation=225'
[21May2026 14:41:26.604] [Worker-ResourceReload-3/WARN] [net.minecraft.client.resources.model.BlockStateModelLoader/]: Exception loading blockstate definition: 'dndecor:blockstates/tungsten_flat_bolt.json' missing model for variant: 'dndecor:tungsten_flat_bolt#facing=south,rotation=270'
[21May2026 14:41:26.605] [Worker-ResourceReload-3/WARN] [net.minecraft.client.resources.model.BlockStateModelLoader/]: Exception loading blockstate definition: 'dndecor:blockstates/tungsten_flat_bolt.json' missing model for variant: 'dndecor:tungsten_flat_bolt#facing=up,rotation=0'
[21May2026 14:41:26.606] [Worker-ResourceReload-3/WARN] [net.minecraft.client.resources.model.BlockStateModelLoader/]: Exception loading blockstate definition: 'dndecor:blockstates/tungsten_flat_bolt.json' missing model for variant: 'dndecor:tungsten_flat_bolt#facing=north,rotation=225'
[21May2026 14:41:26.606] [Worker-ResourceReload-3/WARN] [net.minecraft.client.resources.model.BlockStateModelLoader/]: Exception loading blockstate definition: 'dndecor:blockstates/tungsten_flat_bolt.json' missing model for variant: 'dndecor:tungsten_flat_bolt#facing=south,rotation=315'
[21May2026 14:41:26.606] [Worker-ResourceReload-3/WARN] [net.minecraft.client.resources.model.BlockStateModelLoader/]: Exception loading blockstate definition: 'dndecor:blockstates/tungsten_flat_bolt.json' missing model for variant: 'dndecor:tungsten_flat_bolt#facing=north,rotation=0'
[21May2026 14:41:26.606] [Worker-ResourceReload-3/WARN] [net.minecraft.client.resources.model.BlockStateModelLoader/]: Exception loading blockstate definition: 'dndecor:blockstates/tungsten_flat_bolt.json' missing model for variant: 'dndecor:tungsten_flat_bolt#facing=east,rotation=135'
[21May2026 14:41:26.606] [Worker-ResourceReload-3/WARN] [net.minecraft.client.resources.model.BlockStateModelLoader/]: Exception loading blockstate definition: 'dndecor:blockstates/tungsten_flat_bolt.json' missing model for variant: 'dndecor:tungsten_flat_bolt#facing=south,rotation=135'
[21May2026 14:41:26.606] [Worker-ResourceReload-3/WARN] [net.minecraft.client.resources.model.BlockStateModelLoader/]: Exception loading blockstate definition: 'dndecor:blockstates/tungsten_flat_bolt.json' missing model for variant: 'dndecor:tungsten_flat_bolt#facing=up,rotation=180'
[21May2026 14:41:26.606] [Worker-ResourceReload-3/WARN] [net.minecraft.client.resources.model.BlockStateModelLoader/]: Exception loading blockstate definition: 'dndecor:blockstates/tungsten_flat_bolt.json' missing model for variant: 'dndecor:tungsten_flat_bolt#facing=east,rotation=315'
[21May2026 14:41:26.606] [Worker-ResourceReload-3/WARN] [net.minecraft.client.resources.model.BlockStateModelLoader/]: Exception loading blockstate definition: 'dndecor:blockstates/tungsten_flat_bolt.json' missing model for variant: 'dndecor:tungsten_flat_bolt#facing=down,rotation=45'
[21May2026 14:41:26.606] [Worker-ResourceReload-3/WARN] [net.minecraft.client.resources.model.BlockStateModelLoader/]: Exception loading blockstate definition: 'dndecor:blockstates/tungsten_flat_bolt.json' missing model for variant: 'dndecor:tungsten_flat_bolt#facing=north,rotation=45'
[21May2026 14:41:26.606] [Worker-ResourceReload-3/WARN] [net.minecraft.client.resources.model.BlockStateModelLoader/]: Exception loading blockstate definition: 'dndecor:blockstates/tungsten_flat_bolt.json' missing model for variant: 'dndecor:tungsten_flat_bolt#facing=north,rotation=180'
[21May2026 14:41:26.607] [Worker-ResourceReload-3/WARN] [net.minecraft.client.resources.model.BlockStateModelLoader/]: Exception loading blockstate definition: 'dndecor:blockstates/tungsten_flat_bolt.json' missing model for variant: 'dndecor:tungsten_flat_bolt#facing=up,rotation=225'
[21May2026 14:41:26.607] [Worker-ResourceReload-3/WARN] [net.minecraft.client.resources.model.BlockStateModelLoader/]: Exception loading blockstate definition: 'dndecor:blockstates/tungsten_flat_bolt.json' missing model for variant: 'dndecor:tungsten_flat_bolt#facing=down,rotation=0'
[21May2026 14:41:26.607] [Worker-ResourceReload-3/WARN] [net.minecraft.client.resources.model.BlockStateModelLoader/]: Exception loading blockstate definition: 'dndecor:blockstates/tungsten_flat_bolt.json' missing model for variant: 'dndecor:tungsten_flat_bolt#facing=east,rotation=270'
[21May2026 14:41:26.607] [Worker-ResourceReload-3/WARN] [net.minecraft.client.resources.model.BlockStateModelLoader/]: Exception loading blockstate definition: 'dndecor:blockstates/tungsten_flat_bolt.json' missing model for variant: 'dndecor:tungsten_flat_bolt#facing=down,rotation=270'
[21May2026 14:41:26.607] [Worker-ResourceReload-3/WARN] [net.minecraft.client.resources.model.BlockStateModelLoader/]: Exception loading blockstate definition: 'dndecor:blockstates/tungsten_flat_bolt.json' missing model for variant: 'dndecor:tungsten_flat_bolt#facing=east,rotation=45'
[21May2026 14:41:26.610] [Worker-ResourceReload-3/WARN] [net.minecraft.client.resources.model.BlockStateModelLoader/]: Exception loading blockstate definition: 'dndecor:blockstates/steel_cross_bolt.json' missing model for variant: 'dndecor:steel_cross_bolt#facing=south,rotation=225'
[21May2026 14:41:26.610] [Worker-ResourceReload-3/WARN] [net.minecraft.client.resources.model.BlockStateModelLoader/]: Exception loading blockstate definition: 'dndecor:blockstates/steel_cross_bolt.json' missing model for variant: 'dndecor:steel_cross_bolt#facing=up,rotation=270'
[21May2026 14:41:26.610] [Worker-ResourceReload-3/WARN] [net.minecraft.client.resources.model.BlockStateModelLoader/]: Exception loading blockstate definition: 'dndecor:blockstates/steel_cross_bolt.json' missing model for variant: 'dndecor:steel_cross_bolt#facing=east,rotation=180'
[21May2026 14:41:26.610] [Worker-ResourceReload-3/WARN] [net.minecraft.client.resources.model.BlockStateModelLoader/]: Exception loading blockstate definition: 'dndecor:blockstates/steel_cross_bolt.json' missing model for variant: 'dndecor:steel_cross_bolt#facing=south,rotation=45'
[21May2026 14:41:26.610] [Worker-ResourceReload-3/WARN] [net.minecraft.client.resources.model.BlockStateModelLoader/]: Exception loading blockstate definition: 'dndecor:blockstates/steel_cross_bolt.json' missing model for variant: 'dndecor:steel_cross_bolt#facing=down,rotation=90'
[21May2026 14:41:26.610] [Worker-ResourceReload-3/WARN] [net.minecraft.client.resources.model.BlockStateModelLoader/]: Exception loading blockstate definition: 'dndecor:blockstates/steel_cross_bolt.json' missing model for variant: 'dndecor:steel_cross_bolt#facing=north,rotation=315'
[21May2026 14:41:26.610] [Worker-ResourceReload-3/WARN] [net.minecraft.client.resources.model.BlockStateModelLoader/]: Exception loading blockstate definition: 'dndecor:blockstates/steel_cross_bolt.json' missing model for variant: 'dndecor:steel_cross_bolt#facing=west,rotation=135'
[21May2026 14:41:26.610] [Worker-ResourceReload-3/WARN] [net.minecraft.client.resources.model.BlockStateModelLoader/]: Exception loading blockstate definition: 'dndecor:blockstates/steel_cross_bolt.json' missing model for variant: 'dndecor:steel_cross_bolt#facing=down,rotation=225'
[21May2026 14:41:26.610] [Worker-ResourceReload-3/WARN] [net.minecraft.client.resources.model.BlockStateModelLoader/]: Exception loading blockstate definition: 'dndecor:blockstates/steel_cross_bolt.json' missing model for variant: 'dndecor:steel_cross_bolt#facing=north,rotation=135'
[21May2026 14:41:26.610] [Worker-ResourceReload-3/WARN] [net.minecraft.client.resources.model.BlockStateModelLoader/]: Exception loading blockstate definition: 'dndecor:blockstates/steel_cross_bolt.json' missing model for variant: 'dndecor:steel_cross_bolt#facing=west,rotation=315'
[21May2026 14:41:26.610] [Worker-ResourceReload-3/WARN] [net.minecraft.client.resources.model.BlockStateModelLoader/]: Exception loading blockstate definition: 'dndecor:blockstates/steel_cross_bolt.json' missing model for variant: 'dndecor:steel_cross_bolt#facing=north,rotation=270'
[21May2026 14:41:26.612] [Worker-ResourceReload-3/WARN] [net.minecraft.client.resources.model.BlockStateModelLoader/]: Exception loading blockstate definition: 'dndecor:blockstates/steel_cross_bolt.json' missing model for variant: 'dndecor:steel_cross_bolt#facing=up,rotation=315'
[21May2026 14:41:26.613] [Worker-ResourceReload-3/WARN] [net.minecraft.client.resources.model.BlockStateModelLoader/]: Exception loading blockstate definition: 'dndecor:blockstates/steel_cross_bolt.json' missing model for variant: 'dndecor:steel_cross_bolt#facing=south,rotation=0'
[21May2026 14:41:26.613] [Worker-ResourceReload-3/WARN] [net.minecraft.client.resources.model.BlockStateModelLoader/]: Exception loading blockstate definition: 'dndecor:blockstates/steel_cross_bolt.json' missing model for variant: 'dndecor:steel_cross_bolt#facing=east,rotation=0'
[21May2026 14:41:26.613] [Worker-ResourceReload-3/WARN] [net.minecraft.client.resources.model.BlockStateModelLoader/]: Exception loading blockstate definition: 'dndecor:blockstates/steel_cross_bolt.json' missing model for variant: 'dndecor:steel_cross_bolt#facing=up,rotation=135'
[21May2026 14:41:26.613] [Worker-ResourceReload-3/WARN] [net.minecraft.client.resources.model.BlockStateModelLoader/]: Exception loading blockstate definition: 'dndecor:blockstates/steel_cross_bolt.json' missing model for variant: 'dndecor:steel_cross_bolt#facing=east,rotation=225'
[21May2026 14:41:26.613] [Worker-ResourceReload-3/WARN] [net.minecraft.client.resources.model.BlockStateModelLoader/]: Exception loading blockstate definition: 'dndecor:blockstates/steel_cross_bolt.json' missing model for variant: 'dndecor:steel_cross_bolt#facing=west,rotation=45'
[21May2026 14:41:26.613] [Worker-ResourceReload-3/WARN] [net.minecraft.client.resources.model.BlockStateModelLoader/]: Exception loading blockstate definition: 'dndecor:blockstates/steel_cross_bolt.json' missing model for variant: 'dndecor:steel_cross_bolt#facing=west,rotation=180'
[21May2026 14:41:26.613] [Worker-ResourceReload-3/WARN] [net.minecraft.client.resources.model.BlockStateModelLoader/]: Exception loading blockstate definition: 'dndecor:blockstates/steel_cross_bolt.json' missing model for variant: 'dndecor:steel_cross_bolt#facing=down,rotation=180'
[21May2026 14:41:26.613] [Worker-ResourceReload-3/WARN] [net.minecraft.client.resources.model.BlockStateModelLoader/]: Exception loading blockstate definition: 'dndecor:blockstates/steel_cross_bolt.json' missing model for variant: 'dndecor:steel_cross_bolt#facing=south,rotation=135'
[21May2026 14:41:26.613] [Worker-ResourceReload-3/WARN] [net.minecraft.client.resources.model.BlockStateModelLoader/]: Exception loading blockstate definition: 'dndecor:blockstates/steel_cross_bolt.json' missing model for variant: 'dndecor:steel_cross_bolt#facing=east,rotation=270'
[21May2026 14:41:26.613] [Worker-ResourceReload-3/WARN] [net.minecraft.client.resources.model.BlockStateModelLoader/]: Exception loading blockstate definition: 'dndecor:blockstates/steel_cross_bolt.json' missing model for variant: 'dndecor:steel_cross_bolt#facing=north,rotation=0'
[21May2026 14:41:26.614] [Worker-ResourceReload-3/WARN] [net.minecraft.client.resources.model.BlockStateModelLoader/]: Exception loading blockstate definition: 'dndecor:blockstates/steel_cross_bolt.json' missing model for variant: 'dndecor:steel_cross_bolt#facing=south,rotation=315'
[21May2026 14:41:26.614] [Worker-ResourceReload-3/WARN] [net.minecraft.client.resources.model.BlockStateModelLoader/]: Exception loading blockstate definition: 'dndecor:blockstates/steel_cross_bolt.json' missing model for variant: 'dndecor:steel_cross_bolt#facing=down,rotation=45'
[21May2026 14:41:26.614] [Worker-ResourceReload-3/WARN] [net.minecraft.client.resources.model.BlockStateModelLoader/]: Exception loading blockstate definition: 'dndecor:blockstates/steel_cross_bolt.json' missing model for variant: 'dndecor:steel_cross_bolt#facing=up,rotation=180'
[21May2026 14:41:26.614] [Worker-ResourceReload-3/WARN] [net.minecraft.client.resources.model.BlockStateModelLoader/]: Exception loading blockstate definition: 'dndecor:blockstates/steel_cross_bolt.json' missing model for variant: 'dndecor:steel_cross_bolt#facing=west,rotation=90'
[21May2026 14:41:26.614] [Worker-ResourceReload-3/WARN] [net.minecraft.client.resources.model.BlockStateModelLoader/]: Exception loading blockstate definition: 'dndecor:blockstates/steel_cross_bolt.json' missing model for variant: 'dndecor:steel_cross_bolt#facing=down,rotation=315'
[21May2026 14:41:26.614] [Worker-ResourceReload-3/WARN] [net.minecraft.client.resources.model.BlockStateModelLoader/]: Exception loading blockstate definition: 'dndecor:blockstates/steel_cross_bolt.json' missing model for variant: 'dndecor:steel_cross_bolt#facing=east,rotation=90'
[21May2026 14:41:26.614] [Worker-ResourceReload-3/WARN] [net.minecraft.client.resources.model.BlockStateModelLoader/]: Exception loading blockstate definition: 'dndecor:blockstates/steel_cross_bolt.json' missing model for variant: 'dndecor:steel_cross_bolt#facing=south,rotation=270'
[21May2026 14:41:26.614] [Worker-ResourceReload-3/WARN] [net.minecraft.client.resources.model.BlockStateModelLoader/]: Exception loading blockstate definition: 'dndecor:blockstates/steel_cross_bolt.json' missing model for variant: 'dndecor:steel_cross_bolt#facing=up,rotation=90'
[21May2026 14:41:26.614] [Worker-ResourceReload-3/WARN] [net.minecraft.client.resources.model.BlockStateModelLoader/]: Exception loading blockstate definition: 'dndecor:blockstates/steel_cross_bolt.json' missing model for variant: 'dndecor:steel_cross_bolt#facing=west,rotation=225'
[21May2026 14:41:26.614] [Worker-ResourceReload-3/WARN] [net.minecraft.client.resources.model.BlockStateModelLoader/]: Exception loading blockstate definition: 'dndecor:blockstates/steel_cross_bolt.json' missing model for variant: 'dndecor:steel_cross_bolt#facing=up,rotation=0'
[21May2026 14:41:26.614] [Worker-ResourceReload-3/WARN] [net.minecraft.client.resources.model.BlockStateModelLoader/]: Exception loading blockstate definition: 'dndecor:blockstates/steel_cross_bolt.json' missing model for variant: 'dndecor:steel_cross_bolt#facing=north,rotation=90'
[21May2026 14:41:26.614] [Worker-ResourceReload-3/WARN] [net.minecraft.client.resources.model.BlockStateModelLoader/]: Exception loading blockstate definition: 'dndecor:blockstates/steel_cross_bolt.json' missing model for variant: 'dndecor:steel_cross_bolt#facing=north,rotation=225'
[21May2026 14:41:26.614] [Worker-ResourceReload-3/WARN] [net.minecraft.client.resources.model.BlockStateModelLoader/]: Exception loading blockstate definition: 'dndecor:blockstates/steel_cross_bolt.json' missing model for variant: 'dndecor:steel_cross_bolt#facing=east,rotation=45'
[21May2026 14:41:26.614] [Worker-ResourceReload-3/WARN] [net.minecraft.client.resources.model.BlockStateModelLoader/]: Exception loading blockstate definition: 'dndecor:blockstates/steel_cross_bolt.json' missing model for variant: 'dndecor:steel_cross_bolt#facing=south,rotation=90'
[21May2026 14:41:26.614] [Worker-ResourceReload-3/WARN] [net.minecraft.client.resources.model.BlockStateModelLoader/]: Exception loading blockstate definition: 'dndecor:blockstates/steel_cross_bolt.json' missing model for variant: 'dndecor:steel_cross_bolt#facing=west,rotation=270'
[21May2026 14:41:26.614] [Worker-ResourceReload-3/WARN] [net.minecraft.client.resources.model.BlockStateModelLoader/]: Exception loading blockstate definition: 'dndecor:blockstates/steel_cross_bolt.json' missing model for variant: 'dndecor:steel_cross_bolt#facing=west,rotation=0'
[21May2026 14:41:26.614] [Worker-ResourceReload-3/WARN] [net.minecraft.client.resources.model.BlockStateModelLoader/]: Exception loading blockstate definition: 'dndecor:blockstates/steel_cross_bolt.json' missing model for variant: 'dndecor:steel_cross_bolt#facing=south,rotation=180'
[21May2026 14:41:26.614] [Worker-ResourceReload-3/WARN] [net.minecraft.client.resources.model.BlockStateModelLoader/]: Exception loading blockstate definition: 'dndecor:blockstates/steel_cross_bolt.json' missing model for variant: 'dndecor:steel_cross_bolt#facing=up,rotation=45'
[21May2026 14:41:26.614] [Worker-ResourceReload-3/WARN] [net.minecraft.client.resources.model.BlockStateModelLoader/]: Exception loading blockstate definition: 'dndecor:blockstates/steel_cross_bolt.json' missing model for variant: 'dndecor:steel_cross_bolt#facing=down,rotation=135'
[21May2026 14:41:26.614] [Worker-ResourceReload-3/WARN] [net.minecraft.client.resources.model.BlockStateModelLoader/]: Exception loading blockstate definition: 'dndecor:blockstates/steel_cross_bolt.json' missing model for variant: 'dndecor:steel_cross_bolt#facing=east,rotation=315'
[21May2026 14:41:26.614] [Worker-ResourceReload-3/WARN] [net.minecraft.client.resources.model.BlockStateModelLoader/]: Exception loading blockstate definition: 'dndecor:blockstates/steel_cross_bolt.json' missing model for variant: 'dndecor:steel_cross_bolt#facing=north,rotation=45'
[21May2026 14:41:26.614] [Worker-ResourceReload-3/WARN] [net.minecraft.client.resources.model.BlockStateModelLoader/]: Exception loading blockstate definition: 'dndecor:blockstates/steel_cross_bolt.json' missing model for variant: 'dndecor:steel_cross_bolt#facing=north,rotation=180'
[21May2026 14:41:26.614] [Worker-ResourceReload-3/WARN] [net.minecraft.client.resources.model.BlockStateModelLoader/]: Exception loading blockstate definition: 'dndecor:blockstates/steel_cross_bolt.json' missing model for variant: 'dndecor:steel_cross_bolt#facing=up,rotation=225'
[21May2026 14:41:26.614] [Worker-ResourceReload-3/WARN] [net.minecraft.client.resources.model.BlockStateModelLoader/]: Exception loading blockstate definition: 'dndecor:blockstates/steel_cross_bolt.json' missing model for variant: 'dndecor:steel_cross_bolt#facing=down,rotation=0'
[21May2026 14:41:26.614] [Worker-ResourceReload-3/WARN] [net.minecraft.client.resources.model.BlockStateModelLoader/]: Exception loading blockstate definition: 'dndecor:blockstates/steel_cross_bolt.json' missing model for variant: 'dndecor:steel_cross_bolt#facing=east,rotation=135'
[21May2026 14:41:26.614] [Worker-ResourceReload-3/WARN] [net.minecraft.client.resources.model.BlockStateModelLoader/]: Exception loading blockstate definition: 'dndecor:blockstates/steel_cross_bolt.json' missing model for variant: 'dndecor:steel_cross_bolt#facing=down,rotation=270'
[21May2026 14:41:26.615] [Worker-ResourceReload-3/WARN] [net.minecraft.client.resources.model.BlockStateModelLoader/]: Exception loading blockstate definition: 'dndecor:blockstates/steel_dash_bolt.json' missing model for variant: 'dndecor:steel_dash_bolt#facing=north,rotation=315'
[21May2026 14:41:26.615] [Worker-ResourceReload-3/WARN] [net.minecraft.client.resources.model.BlockStateModelLoader/]: Exception loading blockstate definition: 'dndecor:blockstates/steel_dash_bolt.json' missing model for variant: 'dndecor:steel_dash_bolt#facing=west,rotation=135'
[21May2026 14:41:26.615] [Worker-ResourceReload-3/WARN] [net.minecraft.client.resources.model.BlockStateModelLoader/]: Exception loading blockstate definition: 'dndecor:blockstates/steel_dash_bolt.json' missing model for variant: 'dndecor:steel_dash_bolt#facing=east,rotation=180'
[21May2026 14:41:26.615] [Worker-ResourceReload-3/WARN] [net.minecraft.client.resources.model.BlockStateModelLoader/]: Exception loading blockstate definition: 'dndecor:blockstates/steel_dash_bolt.json' missing model for variant: 'dndecor:steel_dash_bolt#facing=south,rotation=180'
[21May2026 14:41:26.615] [Worker-ResourceReload-3/WARN] [net.minecraft.client.resources.model.BlockStateModelLoader/]: Exception loading blockstate definition: 'dndecor:blockstates/steel_dash_bolt.json' missing model for variant: 'dndecor:steel_dash_bolt#facing=north,rotation=135'
[21May2026 14:41:26.615] [Worker-ResourceReload-3/WARN] [net.minecraft.client.resources.model.BlockStateModelLoader/]: Exception loading blockstate definition: 'dndecor:blockstates/steel_dash_bolt.json' missing model for variant: 'dndecor:steel_dash_bolt#facing=west,rotation=315'
[21May2026 14:41:26.615] [Worker-ResourceReload-3/WARN] [net.minecraft.client.resources.model.BlockStateModelLoader/]: Exception loading blockstate definition: 'dndecor:blockstates/steel_dash_bolt.json' missing model for variant: 'dndecor:steel_dash_bolt#facing=west,rotation=0'
[21May2026 14:41:26.615] [Worker-ResourceReload-3/WARN] [net.minecraft.client.resources.model.BlockStateModelLoader/]: Exception loading blockstate definition: 'dndecor:blockstates/steel_dash_bolt.json' missing model for variant: 'dndecor:steel_dash_bolt#facing=down,rotation=225'
[21May2026 14:41:26.615] [Worker-ResourceReload-3/WARN] [net.minecraft.client.resources.model.BlockStateModelLoader/]: Exception loading blockstate definition: 'dndecor:blockstates/steel_dash_bolt.json' missing model for variant: 'dndecor:steel_dash_bolt#facing=down,rotation=90'
[21May2026 14:41:26.615] [Worker-ResourceReload-3/WARN] [net.minecraft.client.resources.model.BlockStateModelLoader/]: Exception loading blockstate definition: 'dndecor:blockstates/steel_dash_bolt.json' missing model for variant: 'dndecor:steel_dash_bolt#facing=west,rotation=270'
[21May2026 14:41:26.615] [Worker-ResourceReload-3/WARN] [net.minecraft.client.resources.model.BlockStateModelLoader/]: Exception loading blockstate definition: 'dndecor:blockstates/steel_dash_bolt.json' missing model for variant: 'dndecor:steel_dash_bolt#facing=south,rotation=45'
[21May2026 14:41:26.615] [Worker-ResourceReload-3/WARN] [net.minecraft.client.resources.model.BlockStateModelLoader/]: Exception loading blockstate definition: 'dndecor:blockstates/steel_dash_bolt.json' missing model for variant: 'dndecor:steel_dash_bolt#facing=up,rotation=225'
[21May2026 14:41:26.615] [Worker-ResourceReload-3/WARN] [net.minecraft.client.resources.model.BlockStateModelLoader/]: Exception loading blockstate definition: 'dndecor:blockstates/steel_dash_bolt.json' missing model for variant: 'dndecor:steel_dash_bolt#facing=north,rotation=270'
[21May2026 14:41:26.615] [Worker-ResourceReload-3/WARN] [net.minecraft.client.resources.model.BlockStateModelLoader/]: Exception loading blockstate definition: 'dndecor:blockstates/steel_dash_bolt.json' missing model for variant: 'dndecor:steel_dash_bolt#facing=east,rotation=225'
[21May2026 14:41:26.615] [Worker-ResourceReload-3/WARN] [net.minecraft.client.resources.model.BlockStateModelLoader/]: Exception loading blockstate definition: 'dndecor:blockstates/steel_dash_bolt.json' missing model for variant: 'dndecor:steel_dash_bolt#facing=south,rotation=0'
[21May2026 14:41:26.615] [Worker-ResourceReload-3/WARN] [net.minecraft.client.resources.model.BlockStateModelLoader/]: Exception loading blockstate definition: 'dndecor:blockstates/steel_dash_bolt.json' missing model for variant: 'dndecor:steel_dash_bolt#facing=north,rotation=0'
[21May2026 14:41:26.615] [Worker-ResourceReload-3/WARN] [net.minecraft.client.resources.model.BlockStateModelLoader/]: Exception loading blockstate definition: 'dndecor:blockstates/steel_dash_bolt.json' missing model for variant: 'dndecor:steel_dash_bolt#facing=up,rotation=180'
[21May2026 14:41:26.615] [Worker-ResourceReload-3/WARN] [net.minecraft.client.resources.model.BlockStateModelLoader/]: Exception loading blockstate definition: 'dndecor:blockstates/steel_dash_bolt.json' missing model for variant: 'dndecor:steel_dash_bolt#facing=south,rotation=315'
[21May2026 14:41:26.615] [Worker-ResourceReload-3/WARN] [net.minecraft.client.resources.model.BlockStateModelLoader/]: Exception loading blockstate definition: 'dndecor:blockstates/steel_dash_bolt.json' missing model for variant: 'dndecor:steel_dash_bolt#facing=up,rotation=45'
[21May2026 14:41:26.615] [Worker-ResourceReload-3/WARN] [net.minecraft.client.resources.model.BlockStateModelLoader/]: Exception loading blockstate definition: 'dndecor:blockstates/steel_dash_bolt.json' missing model for variant: 'dndecor:steel_dash_bolt#facing=down,rotation=45'
[21May2026 14:41:26.615] [Worker-ResourceReload-3/WARN] [net.minecraft.client.resources.model.BlockStateModelLoader/]: Exception loading blockstate definition: 'dndecor:blockstates/steel_dash_bolt.json' missing model for variant: 'dndecor:steel_dash_bolt#facing=south,rotation=135'
[21May2026 14:41:26.615] [Worker-ResourceReload-3/WARN] [net.minecraft.client.resources.model.BlockStateModelLoader/]: Exception loading blockstate definition: 'dndecor:blockstates/steel_dash_bolt.json' missing model for variant: 'dndecor:steel_dash_bolt#facing=west,rotation=90'
[21May2026 14:41:26.615] [Worker-ResourceReload-3/WARN] [net.minecraft.client.resources.model.BlockStateModelLoader/]: Exception loading blockstate definition: 'dndecor:blockstates/steel_dash_bolt.json' missing model for variant: 'dndecor:steel_dash_bolt#facing=north,rotation=45'
[21May2026 14:41:26.615] [Worker-ResourceReload-3/WARN] [net.minecraft.client.resources.model.BlockStateModelLoader/]: Exception loading blockstate definition: 'dndecor:blockstates/steel_dash_bolt.json' missing model for variant: 'dndecor:steel_dash_bolt#facing=down,rotation=315'
[21May2026 14:41:26.615] [Worker-ResourceReload-3/WARN] [net.minecraft.client.resources.model.BlockStateModelLoader/]: Exception loading blockstate definition: 'dndecor:blockstates/steel_dash_bolt.json' missing model for variant: 'dndecor:steel_dash_bolt#facing=north,rotation=225'
[21May2026 14:41:26.615] [Worker-ResourceReload-3/WARN] [net.minecraft.client.resources.model.BlockStateModelLoader/]: Exception loading blockstate definition: 'dndecor:blockstates/steel_dash_bolt.json' missing model for variant: 'dndecor:steel_dash_bolt#facing=up,rotation=0'
[21May2026 14:41:26.615] [Worker-ResourceReload-3/WARN] [net.minecraft.client.resources.model.BlockStateModelLoader/]: Exception loading blockstate definition: 'dndecor:blockstates/steel_dash_bolt.json' missing model for variant: 'dndecor:steel_dash_bolt#facing=east,rotation=270'
[21May2026 14:41:26.616] [Worker-ResourceReload-3/WARN] [net.minecraft.client.resources.model.BlockStateModelLoader/]: Exception loading blockstate definition: 'dndecor:blockstates/steel_dash_bolt.json' missing model for variant: 'dndecor:steel_dash_bolt#facing=west,rotation=45'
[21May2026 14:41:26.616] [Worker-ResourceReload-3/WARN] [net.minecraft.client.resources.model.BlockStateModelLoader/]: Exception loading blockstate definition: 'dndecor:blockstates/steel_dash_bolt.json' missing model for variant: 'dndecor:steel_dash_bolt#facing=down,rotation=135'
[21May2026 14:41:26.616] [Worker-ResourceReload-3/WARN] [net.minecraft.client.resources.model.BlockStateModelLoader/]: Exception loading blockstate definition: 'dndecor:blockstates/steel_dash_bolt.json' missing model for variant: 'dndecor:steel_dash_bolt#facing=south,rotation=90'
[21May2026 14:41:26.616] [Worker-ResourceReload-3/WARN] [net.minecraft.client.resources.model.BlockStateModelLoader/]: Exception loading blockstate definition: 'dndecor:blockstates/steel_dash_bolt.json' missing model for variant: 'dndecor:steel_dash_bolt#facing=south,rotation=270'
[21May2026 14:41:26.616] [Worker-ResourceReload-3/WARN] [net.minecraft.client.resources.model.BlockStateModelLoader/]: Exception loading blockstate definition: 'dndecor:blockstates/steel_dash_bolt.json' missing model for variant: 'dndecor:steel_dash_bolt#facing=west,rotation=225'
[21May2026 14:41:26.616] [Worker-ResourceReload-3/WARN] [net.minecraft.client.resources.model.BlockStateModelLoader/]: Exception loading blockstate definition: 'dndecor:blockstates/steel_dash_bolt.json' missing model for variant: 'dndecor:steel_dash_bolt#facing=down,rotation=0'
[21May2026 14:41:26.616] [Worker-ResourceReload-3/WARN] [net.minecraft.client.resources.model.BlockStateModelLoader/]: Exception loading blockstate definition: 'dndecor:blockstates/steel_dash_bolt.json' missing model for variant: 'dndecor:steel_dash_bolt#facing=east,rotation=45'
[21May2026 14:41:26.616] [Worker-ResourceReload-3/WARN] [net.minecraft.client.resources.model.BlockStateModelLoader/]: Exception loading blockstate definition: 'dndecor:blockstates/steel_dash_bolt.json' missing model for variant: 'dndecor:steel_dash_bolt#facing=west,rotation=180'
[21May2026 14:41:26.616] [Worker-ResourceReload-3/WARN] [net.minecraft.client.resources.model.BlockStateModelLoader/]: Exception loading blockstate definition: 'dndecor:blockstates/steel_dash_bolt.json' missing model for variant: 'dndecor:steel_dash_bolt#facing=east,rotation=135'
[21May2026 14:41:26.616] [Worker-ResourceReload-3/WARN] [net.minecraft.client.resources.model.BlockStateModelLoader/]: Exception loading blockstate definition: 'dndecor:blockstates/steel_dash_bolt.json' missing model for variant: 'dndecor:steel_dash_bolt#facing=down,rotation=270'
[21May2026 14:41:26.616] [Worker-ResourceReload-3/WARN] [net.minecraft.client.resources.model.BlockStateModelLoader/]: Exception loading blockstate definition: 'dndecor:blockstates/steel_dash_bolt.json' missing model for variant: 'dndecor:steel_dash_bolt#facing=up,rotation=315'
[21May2026 14:41:26.616] [Worker-ResourceReload-3/WARN] [net.minecraft.client.resources.model.BlockStateModelLoader/]: Exception loading blockstate definition: 'dndecor:blockstates/steel_dash_bolt.json' missing model for variant: 'dndecor:steel_dash_bolt#facing=north,rotation=180'
[21May2026 14:41:26.616] [Worker-ResourceReload-3/WARN] [net.minecraft.client.resources.model.BlockStateModelLoader/]: Exception loading blockstate definition: 'dndecor:blockstates/steel_dash_bolt.json' missing model for variant: 'dndecor:steel_dash_bolt#facing=east,rotation=0'
[21May2026 14:41:26.616] [Worker-ResourceReload-3/WARN] [net.minecraft.client.resources.model.BlockStateModelLoader/]: Exception loading blockstate definition: 'dndecor:blockstates/steel_dash_bolt.json' missing model for variant: 'dndecor:steel_dash_bolt#facing=east,rotation=315'
[21May2026 14:41:26.616] [Worker-ResourceReload-3/WARN] [net.minecraft.client.resources.model.BlockStateModelLoader/]: Exception loading blockstate definition: 'dndecor:blockstates/steel_dash_bolt.json' missing model for variant: 'dndecor:steel_dash_bolt#facing=up,rotation=135'
[21May2026 14:41:26.616] [Worker-ResourceReload-3/WARN] [net.minecraft.client.resources.model.BlockStateModelLoader/]: Exception loading blockstate definition: 'dndecor:blockstates/steel_dash_bolt.json' missing model for variant: 'dndecor:steel_dash_bolt#facing=down,rotation=180'
[21May2026 14:41:26.616] [Worker-ResourceReload-3/WARN] [net.minecraft.client.resources.model.BlockStateModelLoader/]: Exception loading blockstate definition: 'dndecor:blockstates/steel_dash_bolt.json' missing model for variant: 'dndecor:steel_dash_bolt#facing=up,rotation=90'
[21May2026 14:41:26.616] [Worker-ResourceReload-3/WARN] [net.minecraft.client.resources.model.BlockStateModelLoader/]: Exception loading blockstate definition: 'dndecor:blockstates/steel_dash_bolt.json' missing model for variant: 'dndecor:steel_dash_bolt#facing=south,rotation=225'
[21May2026 14:41:26.616] [Worker-ResourceReload-3/WARN] [net.minecraft.client.resources.model.BlockStateModelLoader/]: Exception loading blockstate definition: 'dndecor:blockstates/steel_dash_bolt.json' missing model for variant: 'dndecor:steel_dash_bolt#facing=north,rotation=90'
[21May2026 14:41:26.616] [Worker-ResourceReload-3/WARN] [net.minecraft.client.resources.model.BlockStateModelLoader/]: Exception loading blockstate definition: 'dndecor:blockstates/steel_dash_bolt.json' missing model for variant: 'dndecor:steel_dash_bolt#facing=up,rotation=270'
[21May2026 14:41:26.616] [Worker-ResourceReload-3/WARN] [net.minecraft.client.resources.model.BlockStateModelLoader/]: Exception loading blockstate definition: 'dndecor:blockstates/steel_dash_bolt.json' missing model for variant: 'dndecor:steel_dash_bolt#facing=east,rotation=90'
[21May2026 14:41:26.616] [Worker-ResourceReload-3/WARN] [net.minecraft.client.resources.model.BlockStateModelLoader/]: Exception loading blockstate definition: 'dndecor:blockstates/steel_dot_bolt.json' missing model for variant: 'dndecor:steel_dot_bolt#facing=up,rotation=225'
[21May2026 14:41:26.617] [Worker-ResourceReload-3/WARN] [net.minecraft.client.resources.model.BlockStateModelLoader/]: Exception loading blockstate definition: 'dndecor:blockstates/steel_dot_bolt.json' missing model for variant: 'dndecor:steel_dot_bolt#facing=up,rotation=90'
[21May2026 14:41:26.617] [Worker-ResourceReload-3/WARN] [net.minecraft.client.resources.model.BlockStateModelLoader/]: Exception loading blockstate definition: 'dndecor:blockstates/steel_dot_bolt.json' missing model for variant: 'dndecor:steel_dot_bolt#facing=north,rotation=270'
[21May2026 14:41:26.617] [Worker-ResourceReload-3/WARN] [net.minecraft.client.resources.model.BlockStateModelLoader/]: Exception loading blockstate definition: 'dndecor:blockstates/steel_dot_bolt.json' missing model for variant: 'dndecor:steel_dot_bolt#facing=west,rotation=90'
[21May2026 14:41:26.617] [Worker-ResourceReload-3/WARN] [net.minecraft.client.resources.model.BlockStateModelLoader/]: Exception loading blockstate definition: 'dndecor:blockstates/steel_dot_bolt.json' missing model for variant: 'dndecor:steel_dot_bolt#facing=east,rotation=315'
[21May2026 14:41:26.617] [Worker-ResourceReload-3/WARN] [net.minecraft.client.resources.model.BlockStateModelLoader/]: Exception loading blockstate definition: 'dndecor:blockstates/steel_dot_bolt.json' missing model for variant: 'dndecor:steel_dot_bolt#facing=down,rotation=180'
[21May2026 14:41:26.617] [Worker-ResourceReload-3/WARN] [net.minecraft.client.resources.model.BlockStateModelLoader/]: Exception loading blockstate definition: 'dndecor:blockstates/steel_dot_bolt.json' missing model for variant: 'dndecor:steel_dot_bolt#facing=west,rotation=0'
[21May2026 14:41:26.617] [Worker-ResourceReload-3/WARN] [net.minecraft.client.resources.model.BlockStateModelLoader/]: Exception loading blockstate definition: 'dndecor:blockstates/steel_dot_bolt.json' missing model for variant: 'dndecor:steel_dot_bolt#facing=north,rotation=0'
[21May2026 14:41:26.617] [Worker-ResourceReload-3/WARN] [net.minecraft.client.resources.model.BlockStateModelLoader/]: Exception loading blockstate definition: 'dndecor:blockstates/steel_dot_bolt.json' missing model for variant: 'dndecor:steel_dot_bolt#facing=down,rotation=45'
[21May2026 14:41:26.617] [Worker-ResourceReload-3/WARN] [net.minecraft.client.resources.model.BlockStateModelLoader/]: Exception loading blockstate definition: 'dndecor:blockstates/steel_dot_bolt.json' missing model for variant: 'dndecor:steel_dot_bolt#facing=south,rotation=315'
[21May2026 14:41:26.617] [Worker-ResourceReload-3/WARN] [net.minecraft.client.resources.model.BlockStateModelLoader/]: Exception loading blockstate definition: 'dndecor:blockstates/steel_dot_bolt.json' missing model for variant: 'dndecor:steel_dot_bolt#facing=north,rotation=135'
[21May2026 14:41:26.617] [Worker-ResourceReload-3/WARN] [net.minecraft.client.resources.model.BlockStateModelLoader/]: Exception loading blockstate definition: 'dndecor:blockstates/steel_dot_bolt.json' missing model for variant: 'dndecor:steel_dot_bolt#facing=east,rotation=90'
[21May2026 14:41:26.617] [Worker-ResourceReload-3/WARN] [net.minecraft.client.resources.model.BlockStateModelLoader/]: Exception loading blockstate definition: 'dndecor:blockstates/steel_dot_bolt.json' missing model for variant: 'dndecor:steel_dot_bolt#facing=south,rotation=135'
[21May2026 14:41:26.617] [Worker-ResourceReload-3/WARN] [net.minecraft.client.resources.model.BlockStateModelLoader/]: Exception loading blockstate definition: 'dndecor:blockstates/steel_dot_bolt.json' missing model for variant: 'dndecor:steel_dot_bolt#facing=north,rotation=90'
[21May2026 14:41:26.617] [Worker-ResourceReload-3/WARN] [net.minecraft.client.resources.model.BlockStateModelLoader/]: Exception loading blockstate definition: 'dndecor:blockstates/steel_dot_bolt.json' missing model for variant: 'dndecor:steel_dot_bolt#facing=north,rotation=315'
[21May2026 14:41:26.617] [Worker-ResourceReload-3/WARN] [net.minecraft.client.resources.model.BlockStateModelLoader/]: Exception loading blockstate definition: 'dndecor:blockstates/steel_dot_bolt.json' missing model for variant: 'dndecor:steel_dot_bolt#facing=west,rotation=225'
[21May2026 14:41:26.617] [Worker-ResourceReload-3/WARN] [net.minecraft.client.resources.model.BlockStateModelLoader/]: Exception loading blockstate definition: 'dndecor:blockstates/steel_dot_bolt.json' missing model for variant: 'dndecor:steel_dot_bolt#facing=east,rotation=180'
[21May2026 14:41:26.617] [Worker-ResourceReload-3/WARN] [net.minecraft.client.resources.model.BlockStateModelLoader/]: Exception loading blockstate definition: 'dndecor:blockstates/steel_dot_bolt.json' missing model for variant: 'dndecor:steel_dot_bolt#facing=south,rotation=45'
[21May2026 14:41:26.617] [Worker-ResourceReload-3/WARN] [net.minecraft.client.resources.model.BlockStateModelLoader/]: Exception loading blockstate definition: 'dndecor:blockstates/steel_dot_bolt.json' missing model for variant: 'dndecor:steel_dot_bolt#facing=south,rotation=270'
[21May2026 14:41:26.617] [Worker-ResourceReload-3/WARN] [net.minecraft.client.resources.model.BlockStateModelLoader/]: Exception loading blockstate definition: 'dndecor:blockstates/steel_dot_bolt.json' missing model for variant: 'dndecor:steel_dot_bolt#facing=up,rotation=270'
[21May2026 14:41:26.617] [Worker-ResourceReload-3/WARN] [net.minecraft.client.resources.model.BlockStateModelLoader/]: Exception loading blockstate definition: 'dndecor:blockstates/steel_dot_bolt.json' missing model for variant: 'dndecor:steel_dot_bolt#facing=down,rotation=225'
[21May2026 14:41:26.617] [Worker-ResourceReload-3/WARN] [net.minecraft.client.resources.model.BlockStateModelLoader/]: Exception loading blockstate definition: 'dndecor:blockstates/steel_dot_bolt.json' missing model for variant: 'dndecor:steel_dot_bolt#facing=west,rotation=45'
[21May2026 14:41:26.618] [Worker-ResourceReload-3/WARN] [net.minecraft.client.resources.model.BlockStateModelLoader/]: Exception loading blockstate definition: 'dndecor:blockstates/steel_dot_bolt.json' missing model for variant: 'dndecor:steel_dot_bolt#facing=west,rotation=180'
[21May2026 14:41:26.618] [Worker-ResourceReload-3/WARN] [net.minecraft.client.resources.model.BlockStateModelLoader/]: Exception loading blockstate definition: 'dndecor:blockstates/steel_dot_bolt.json' missing model for variant: 'dndecor:steel_dot_bolt#facing=east,rotation=225'
[21May2026 14:41:26.618] [Worker-ResourceReload-3/WARN] [net.minecraft.client.resources.model.BlockStateModelLoader/]: Exception loading blockstate definition: 'dndecor:blockstates/steel_dot_bolt.json' missing model for variant: 'dndecor:steel_dot_bolt#facing=south,rotation=0'
[21May2026 14:41:26.618] [Worker-ResourceReload-3/WARN] [net.minecraft.client.resources.model.BlockStateModelLoader/]: Exception loading blockstate definition: 'dndecor:blockstates/steel_dot_bolt.json' missing model for variant: 'dndecor:steel_dot_bolt#facing=up,rotation=135'
[21May2026 14:41:26.618] [Worker-ResourceReload-3/WARN] [net.minecraft.client.resources.model.BlockStateModelLoader/]: Exception loading blockstate definition: 'dndecor:blockstates/steel_dot_bolt.json' missing model for variant: 'dndecor:steel_dot_bolt#facing=north,rotation=180'
[21May2026 14:41:26.618] [Worker-ResourceReload-3/WARN] [net.minecraft.client.resources.model.BlockStateModelLoader/]: Exception loading blockstate definition: 'dndecor:blockstates/steel_dot_bolt.json' missing model for variant: 'dndecor:steel_dot_bolt#facing=down,rotation=270'
[21May2026 14:41:26.618] [Worker-ResourceReload-3/WARN] [net.minecraft.client.resources.model.BlockStateModelLoader/]: Exception loading blockstate definition: 'dndecor:blockstates/steel_dot_bolt.json' missing model for variant: 'dndecor:steel_dot_bolt#facing=up,rotation=315'
[21May2026 14:41:26.618] [Worker-ResourceReload-3/WARN] [net.minecraft.client.resources.model.BlockStateModelLoader/]: Exception loading blockstate definition: 'dndecor:blockstates/steel_dot_bolt.json' missing model for variant: 'dndecor:steel_dot_bolt#facing=east,rotation=0'
[21May2026 14:41:26.618] [Worker-ResourceReload-3/WARN] [net.minecraft.client.resources.model.BlockStateModelLoader/]: Exception loading blockstate definition: 'dndecor:blockstates/steel_dot_bolt.json' missing model for variant: 'dndecor:steel_dot_bolt#facing=up,rotation=0'
[21May2026 14:41:26.618] [Worker-ResourceReload-3/WARN] [net.minecraft.client.resources.model.BlockStateModelLoader/]: Exception loading blockstate definition: 'dndecor:blockstates/steel_dot_bolt.json' missing model for variant: 'dndecor:steel_dot_bolt#facing=south,rotation=225'
[21May2026 14:41:26.618] [Worker-ResourceReload-3/WARN] [net.minecraft.client.resources.model.BlockStateModelLoader/]: Exception loading blockstate definition: 'dndecor:blockstates/steel_dot_bolt.json' missing model for variant: 'dndecor:steel_dot_bolt#facing=up,rotation=45'
[21May2026 14:41:26.618] [Worker-ResourceReload-3/WARN] [net.minecraft.client.resources.model.BlockStateModelLoader/]: Exception loading blockstate definition: 'dndecor:blockstates/steel_dot_bolt.json' missing model for variant: 'dndecor:steel_dot_bolt#facing=north,rotation=225'
[21May2026 14:41:26.618] [Worker-ResourceReload-3/WARN] [net.minecraft.client.resources.model.BlockStateModelLoader/]: Exception loading blockstate definition: 'dndecor:blockstates/steel_dot_bolt.json' missing model for variant: 'dndecor:steel_dot_bolt#facing=down,rotation=0'
[21May2026 14:41:26.618] [Worker-ResourceReload-3/WARN] [net.minecraft.client.resources.model.BlockStateModelLoader/]: Exception loading blockstate definition: 'dndecor:blockstates/steel_dot_bolt.json' missing model for variant: 'dndecor:steel_dot_bolt#facing=west,rotation=315'
[21May2026 14:41:26.618] [Worker-ResourceReload-3/WARN] [net.minecraft.client.resources.model.BlockStateModelLoader/]: Exception loading blockstate definition: 'dndecor:blockstates/steel_dot_bolt.json' missing model for variant: 'dndecor:steel_dot_bolt#facing=north,rotation=45'
[21May2026 14:41:26.618] [Worker-ResourceReload-3/WARN] [net.minecraft.client.resources.model.BlockStateModelLoader/]: Exception loading blockstate definition: 'dndecor:blockstates/steel_dot_bolt.json' missing model for variant: 'dndecor:steel_dot_bolt#facing=up,rotation=180'
[21May2026 14:41:26.618] [Worker-ResourceReload-3/WARN] [net.minecraft.client.resources.model.BlockStateModelLoader/]: Exception loading blockstate definition: 'dndecor:blockstates/steel_dot_bolt.json' missing model for variant: 'dndecor:steel_dot_bolt#facing=down,rotation=315'
[21May2026 14:41:26.618] [Worker-ResourceReload-3/WARN] [net.minecraft.client.resources.model.BlockStateModelLoader/]: Exception loading blockstate definition: 'dndecor:blockstates/steel_dot_bolt.json' missing model for variant: 'dndecor:steel_dot_bolt#facing=west,rotation=135'
[21May2026 14:41:26.618] [Worker-ResourceReload-3/WARN] [net.minecraft.client.resources.model.BlockStateModelLoader/]: Exception loading blockstate definition: 'dndecor:blockstates/steel_dot_bolt.json' missing model for variant: 'dndecor:steel_dot_bolt#facing=down,rotation=90'
[21May2026 14:41:26.618] [Worker-ResourceReload-3/WARN] [net.minecraft.client.resources.model.BlockStateModelLoader/]: Exception loading blockstate definition: 'dndecor:blockstates/steel_dot_bolt.json' missing model for variant: 'dndecor:steel_dot_bolt#facing=east,rotation=270'
[21May2026 14:41:26.618] [Worker-ResourceReload-3/WARN] [net.minecraft.client.resources.model.BlockStateModelLoader/]: Exception loading blockstate definition: 'dndecor:blockstates/steel_dot_bolt.json' missing model for variant: 'dndecor:steel_dot_bolt#facing=south,rotation=180'
[21May2026 14:41:26.618] [Worker-ResourceReload-3/WARN] [net.minecraft.client.resources.model.BlockStateModelLoader/]: Exception loading blockstate definition: 'dndecor:blockstates/steel_dot_bolt.json' missing model for variant: 'dndecor:steel_dot_bolt#facing=south,rotation=90'
[21May2026 14:41:26.618] [Worker-ResourceReload-3/WARN] [net.minecraft.client.resources.model.BlockStateModelLoader/]: Exception loading blockstate definition: 'dndecor:blockstates/steel_dot_bolt.json' missing model for variant: 'dndecor:steel_dot_bolt#facing=down,rotation=135'
[21May2026 14:41:26.618] [Worker-ResourceReload-3/WARN] [net.minecraft.client.resources.model.BlockStateModelLoader/]: Exception loading blockstate definition: 'dndecor:blockstates/steel_dot_bolt.json' missing model for variant: 'dndecor:steel_dot_bolt#facing=east,rotation=45'
[21May2026 14:41:26.618] [Worker-ResourceReload-3/WARN] [net.minecraft.client.resources.model.BlockStateModelLoader/]: Exception loading blockstate definition: 'dndecor:blockstates/steel_dot_bolt.json' missing model for variant: 'dndecor:steel_dot_bolt#facing=west,rotation=270'
[21May2026 14:41:26.619] [Worker-ResourceReload-3/WARN] [net.minecraft.client.resources.model.BlockStateModelLoader/]: Exception loading blockstate definition: 'dndecor:blockstates/steel_dot_bolt.json' missing model for variant: 'dndecor:steel_dot_bolt#facing=east,rotation=135'
[21May2026 14:41:26.619] [Worker-ResourceReload-3/WARN] [net.minecraft.client.resources.model.BlockStateModelLoader/]: Exception loading blockstate definition: 'dndecor:blockstates/steel_flat_bolt.json' missing model for variant: 'dndecor:steel_flat_bolt#facing=up,rotation=135'
[21May2026 14:41:26.619] [Worker-ResourceReload-3/WARN] [net.minecraft.client.resources.model.BlockStateModelLoader/]: Exception loading blockstate definition: 'dndecor:blockstates/steel_flat_bolt.json' missing model for variant: 'dndecor:steel_flat_bolt#facing=east,rotation=0'
[21May2026 14:41:26.619] [Worker-ResourceReload-3/WARN] [net.minecraft.client.resources.model.BlockStateModelLoader/]: Exception loading blockstate definition: 'dndecor:blockstates/steel_flat_bolt.json' missing model for variant: 'dndecor:steel_flat_bolt#facing=down,rotation=270'
[21May2026 14:41:26.619] [Worker-ResourceReload-3/WARN] [net.minecraft.client.resources.model.BlockStateModelLoader/]: Exception loading blockstate definition: 'dndecor:blockstates/steel_flat_bolt.json' missing model for variant: 'dndecor:steel_flat_bolt#facing=south,rotation=90'
[21May2026 14:41:26.619] [Worker-ResourceReload-3/WARN] [net.minecraft.client.resources.model.BlockStateModelLoader/]: Exception loading blockstate definition: 'dndecor:blockstates/steel_flat_bolt.json' missing model for variant: 'dndecor:steel_flat_bolt#facing=east,rotation=45'
[21May2026 14:41:26.619] [Worker-ResourceReload-3/WARN] [net.minecraft.client.resources.model.BlockStateModelLoader/]: Exception loading blockstate definition: 'dndecor:blockstates/steel_flat_bolt.json' missing model for variant: 'dndecor:steel_flat_bolt#facing=down,rotation=135'
[21May2026 14:41:26.619] [Worker-ResourceReload-3/WARN] [net.minecraft.client.resources.model.BlockStateModelLoader/]: Exception loading blockstate definition: 'dndecor:blockstates/steel_flat_bolt.json' missing model for variant: 'dndecor:steel_flat_bolt#facing=west,rotation=45'
[21May2026 14:41:26.619] [Worker-ResourceReload-3/WARN] [net.minecraft.client.resources.model.BlockStateModelLoader/]: Exception loading blockstate definition: 'dndecor:blockstates/steel_flat_bolt.json' missing model for variant: 'dndecor:steel_flat_bolt#facing=west,rotation=180'
[21May2026 14:41:26.619] [Worker-ResourceReload-3/WARN] [net.minecraft.client.resources.model.BlockStateModelLoader/]: Exception loading blockstate definition: 'dndecor:blockstates/steel_flat_bolt.json' missing model for variant: 'dndecor:steel_flat_bolt#facing=east,rotation=225'
[21May2026 14:41:26.619] [Worker-ResourceReload-3/WARN] [net.minecraft.client.resources.model.BlockStateModelLoader/]: Exception loading blockstate definition: 'dndecor:blockstates/steel_flat_bolt.json' missing model for variant: 'dndecor:steel_flat_bolt#facing=up,rotation=315'
[21May2026 14:41:26.619] [Worker-ResourceReload-3/WARN] [net.minecraft.client.resources.model.BlockStateModelLoader/]: Exception loading blockstate definition: 'dndecor:blockstates/steel_flat_bolt.json' missing model for variant: 'dndecor:steel_flat_bolt#facing=north,rotation=180'
[21May2026 14:41:26.619] [Worker-ResourceReload-3/WARN] [net.minecraft.client.resources.model.BlockStateModelLoader/]: Exception loading blockstate definition: 'dndecor:blockstates/steel_flat_bolt.json' missing model for variant: 'dndecor:steel_flat_bolt#facing=east,rotation=180'
[21May2026 14:41:26.619] [Worker-ResourceReload-3/WARN] [net.minecraft.client.resources.model.BlockStateModelLoader/]: Exception loading blockstate definition: 'dndecor:blockstates/steel_flat_bolt.json' missing model for variant: 'dndecor:steel_flat_bolt#facing=west,rotation=135'
[21May2026 14:41:26.619] [Worker-ResourceReload-3/WARN] [net.minecraft.client.resources.model.BlockStateModelLoader/]: Exception loading blockstate definition: 'dndecor:blockstates/steel_flat_bolt.json' missing model for variant: 'dndecor:steel_flat_bolt#facing=north,rotation=225'
[21May2026 14:41:26.619] [Worker-ResourceReload-3/WARN] [net.minecraft.client.resources.model.BlockStateModelLoader/]: Exception loading blockstate definition: 'dndecor:blockstates/steel_flat_bolt.json' missing model for variant: 'dndecor:steel_flat_bolt#facing=west,rotation=315'
[21May2026 14:41:26.619] [Worker-ResourceReload-3/WARN] [net.minecraft.client.resources.model.BlockStateModelLoader/]: Exception loading blockstate definition: 'dndecor:blockstates/steel_flat_bolt.json' missing model for variant: 'dndecor:steel_flat_bolt#facing=south,rotation=180'
[21May2026 14:41:26.619] [Worker-ResourceReload-3/WARN] [net.minecraft.client.resources.model.BlockStateModelLoader/]: Exception loading blockstate definition: 'dndecor:blockstates/steel_flat_bolt.json' missing model for variant: 'dndecor:steel_flat_bolt#facing=down,rotation=315'
[21May2026 14:41:26.620] [Worker-ResourceReload-3/WARN] [net.minecraft.client.resources.model.BlockStateModelLoader/]: Exception loading blockstate definition: 'dndecor:blockstates/steel_flat_bolt.json' missing model for variant: 'dndecor:steel_flat_bolt#facing=down,rotation=90'
[21May2026 14:41:26.620] [Worker-ResourceReload-3/WARN] [net.minecraft.client.resources.model.BlockStateModelLoader/]: Exception loading blockstate definition: 'dndecor:blockstates/steel_flat_bolt.json' missing model for variant: 'dndecor:steel_flat_bolt#facing=up,rotation=270'
[21May2026 14:41:26.620] [Worker-ResourceReload-3/WARN] [net.minecraft.client.resources.model.BlockStateModelLoader/]: Exception loading blockstate definition: 'dndecor:blockstates/steel_flat_bolt.json' missing model for variant: 'dndecor:steel_flat_bolt#facing=south,rotation=225'
[21May2026 14:41:26.620] [Worker-ResourceReload-3/WARN] [net.minecraft.client.resources.model.BlockStateModelLoader/]: Exception loading blockstate definition: 'dndecor:blockstates/steel_flat_bolt.json' missing model for variant: 'dndecor:steel_flat_bolt#facing=up,rotation=0'
[21May2026 14:41:26.620] [Worker-ResourceReload-3/WARN] [net.minecraft.client.resources.model.BlockStateModelLoader/]: Exception loading blockstate definition: 'dndecor:blockstates/steel_flat_bolt.json' missing model for variant: 'dndecor:steel_flat_bolt#facing=north,rotation=90'
[21May2026 14:41:26.620] [Worker-ResourceReload-3/WARN] [net.minecraft.client.resources.model.BlockStateModelLoader/]: Exception loading blockstate definition: 'dndecor:blockstates/steel_flat_bolt.json' missing model for variant: 'dndecor:steel_flat_bolt#facing=east,rotation=90'
[21May2026 14:41:26.620] [Worker-ResourceReload-3/WARN] [net.minecraft.client.resources.model.BlockStateModelLoader/]: Exception loading blockstate definition: 'dndecor:blockstates/steel_flat_bolt.json' missing model for variant: 'dndecor:steel_flat_bolt#facing=up,rotation=90'
[21May2026 14:41:26.620] [Worker-ResourceReload-3/WARN] [net.minecraft.client.resources.model.BlockStateModelLoader/]: Exception loading blockstate definition: 'dndecor:blockstates/steel_flat_bolt.json' missing model for variant: 'dndecor:steel_flat_bolt#facing=down,rotation=180'
[21May2026 14:41:26.620] [Worker-ResourceReload-3/WARN] [net.minecraft.client.resources.model.BlockStateModelLoader/]: Exception loading blockstate definition: 'dndecor:blockstates/steel_flat_bolt.json' missing model for variant: 'dndecor:steel_flat_bolt#facing=west,rotation=90'
[21May2026 14:41:26.620] [Worker-ResourceReload-3/WARN] [net.minecraft.client.resources.model.BlockStateModelLoader/]: Exception loading blockstate definition: 'dndecor:blockstates/steel_flat_bolt.json' missing model for variant: 'dndecor:steel_flat_bolt#facing=east,rotation=315'
[21May2026 14:41:26.620] [Worker-ResourceReload-3/WARN] [net.minecraft.client.resources.model.BlockStateModelLoader/]: Exception loading blockstate definition: 'dndecor:blockstates/steel_flat_bolt.json' missing model for variant: 'dndecor:steel_flat_bolt#facing=west,rotation=0'
[21May2026 14:41:26.620] [Worker-ResourceReload-3/WARN] [net.minecraft.client.resources.model.BlockStateModelLoader/]: Exception loading blockstate definition: 'dndecor:blockstates/steel_flat_bolt.json' missing model for variant: 'dndecor:steel_flat_bolt#facing=west,rotation=270'
[21May2026 14:41:26.620] [Worker-ResourceReload-3/WARN] [net.minecraft.client.resources.model.BlockStateModelLoader/]: Exception loading blockstate definition: 'dndecor:blockstates/steel_flat_bolt.json' missing model for variant: 'dndecor:steel_flat_bolt#facing=north,rotation=270'
[21May2026 14:41:26.620] [Worker-ResourceReload-3/WARN] [net.minecraft.client.resources.model.BlockStateModelLoader/]: Exception loading blockstate definition: 'dndecor:blockstates/steel_flat_bolt.json' missing model for variant: 'dndecor:steel_flat_bolt#facing=east,rotation=135'
[21May2026 14:41:26.620] [Worker-ResourceReload-3/WARN] [net.minecraft.client.resources.model.BlockStateModelLoader/]: Exception loading blockstate definition: 'dndecor:blockstates/steel_flat_bolt.json' missing model for variant: 'dndecor:steel_flat_bolt#facing=south,rotation=0'
[21May2026 14:41:26.620] [Worker-ResourceReload-3/WARN] [net.minecraft.client.resources.model.BlockStateModelLoader/]: Exception loading blockstate definition: 'dndecor:blockstates/steel_flat_bolt.json' missing model for variant: 'dndecor:steel_flat_bolt#facing=up,rotation=225'
[21May2026 14:41:26.620] [Worker-ResourceReload-3/WARN] [net.minecraft.client.resources.model.BlockStateModelLoader/]: Exception loading blockstate definition: 'dndecor:blockstates/steel_flat_bolt.json' missing model for variant: 'dndecor:steel_flat_bolt#facing=north,rotation=315'
[21May2026 14:41:26.620] [Worker-ResourceReload-3/WARN] [net.minecraft.client.resources.model.BlockStateModelLoader/]: Exception loading blockstate definition: 'dndecor:blockstates/steel_flat_bolt.json' missing model for variant: 'dndecor:steel_flat_bolt#facing=south,rotation=45'
[21May2026 14:41:26.620] [Worker-ResourceReload-3/WARN] [net.minecraft.client.resources.model.BlockStateModelLoader/]: Exception loading blockstate definition: 'dndecor:blockstates/steel_flat_bolt.json' missing model for variant: 'dndecor:steel_flat_bolt#facing=south,rotation=270'
[21May2026 14:41:26.620] [Worker-ResourceReload-3/WARN] [net.minecraft.client.resources.model.BlockStateModelLoader/]: Exception loading blockstate definition: 'dndecor:blockstates/steel_flat_bolt.json' missing model for variant: 'dndecor:steel_flat_bolt#facing=down,rotation=225'
[21May2026 14:41:26.620] [Worker-ResourceReload-3/WARN] [net.minecraft.client.resources.model.BlockStateModelLoader/]: Exception loading blockstate definition: 'dndecor:blockstates/steel_flat_bolt.json' missing model for variant: 'dndecor:steel_flat_bolt#facing=north,rotation=135'
[21May2026 14:41:26.620] [Worker-ResourceReload-3/WARN] [net.minecraft.client.resources.model.BlockStateModelLoader/]: Exception loading blockstate definition: 'dndecor:blockstates/steel_flat_bolt.json' missing model for variant: 'dndecor:steel_flat_bolt#facing=east,rotation=270'
[21May2026 14:41:26.620] [Worker-ResourceReload-3/WARN] [net.minecraft.client.resources.model.BlockStateModelLoader/]: Exception loading blockstate definition: 'dndecor:blockstates/steel_flat_bolt.json' missing model for variant: 'dndecor:steel_flat_bolt#facing=north,rotation=45'
[21May2026 14:41:26.620] [Worker-ResourceReload-3/WARN] [net.minecraft.client.resources.model.BlockStateModelLoader/]: Exception loading blockstate definition: 'dndecor:blockstates/steel_flat_bolt.json' missing model for variant: 'dndecor:steel_flat_bolt#facing=west,rotation=225'
[21May2026 14:41:26.621] [Worker-ResourceReload-3/WARN] [net.minecraft.client.resources.model.BlockStateModelLoader/]: Exception loading blockstate definition: 'dndecor:blockstates/steel_flat_bolt.json' missing model for variant: 'dndecor:steel_flat_bolt#facing=down,rotation=0'
[21May2026 14:41:26.621] [Worker-ResourceReload-3/WARN] [net.minecraft.client.resources.model.BlockStateModelLoader/]: Exception loading blockstate definition: 'dndecor:blockstates/steel_flat_bolt.json' missing model for variant: 'dndecor:steel_flat_bolt#facing=south,rotation=315'
[21May2026 14:41:26.621] [Worker-ResourceReload-3/WARN] [net.minecraft.client.resources.model.BlockStateModelLoader/]: Exception loading blockstate definition: 'dndecor:blockstates/steel_flat_bolt.json' missing model for variant: 'dndecor:steel_flat_bolt#facing=north,rotation=0'
[21May2026 14:41:26.621] [Worker-ResourceReload-3/WARN] [net.minecraft.client.resources.model.BlockStateModelLoader/]: Exception loading blockstate definition: 'dndecor:blockstates/steel_flat_bolt.json' missing model for variant: 'dndecor:steel_flat_bolt#facing=down,rotation=45'
[21May2026 14:41:26.621] [Worker-ResourceReload-3/WARN] [net.minecraft.client.resources.model.BlockStateModelLoader/]: Exception loading blockstate definition: 'dndecor:blockstates/steel_flat_bolt.json' missing model for variant: 'dndecor:steel_flat_bolt#facing=up,rotation=45'
[21May2026 14:41:26.621] [Worker-ResourceReload-3/WARN] [net.minecraft.client.resources.model.BlockStateModelLoader/]: Exception loading blockstate definition: 'dndecor:blockstates/steel_flat_bolt.json' missing model for variant: 'dndecor:steel_flat_bolt#facing=up,rotation=180'
[21May2026 14:41:26.621] [Worker-ResourceReload-3/WARN] [net.minecraft.client.resources.model.BlockStateModelLoader/]: Exception loading blockstate definition: 'dndecor:blockstates/steel_flat_bolt.json' missing model for variant: 'dndecor:steel_flat_bolt#facing=south,rotation=135'
[21May2026 14:41:26.621] [Worker-ResourceReload-3/WARN] [net.minecraft.client.resources.model.BlockStateModelLoader/]: Exception loading blockstate definition: 'dndecor:blockstates/cast_iron_cross_bolt.json' missing model for variant: 'dndecor:cast_iron_cross_bolt#facing=up,rotation=225'
[21May2026 14:41:26.621] [Worker-ResourceReload-3/WARN] [net.minecraft.client.resources.model.BlockStateModelLoader/]: Exception loading blockstate definition: 'dndecor:blockstates/cast_iron_cross_bolt.json' missing model for variant: 'dndecor:cast_iron_cross_bolt#facing=up,rotation=90'
[21May2026 14:41:26.621] [Worker-ResourceReload-3/WARN] [net.minecraft.client.resources.model.BlockStateModelLoader/]: Exception loading blockstate definition: 'dndecor:blockstates/cast_iron_cross_bolt.json' missing model for variant: 'dndecor:cast_iron_cross_bolt#facing=north,rotation=270'
[21May2026 14:41:26.621] [Worker-ResourceReload-3/WARN] [net.minecraft.client.resources.model.BlockStateModelLoader/]: Exception loading blockstate definition: 'dndecor:blockstates/cast_iron_cross_bolt.json' missing model for variant: 'dndecor:cast_iron_cross_bolt#facing=west,rotation=90'
[21May2026 14:41:26.621] [Worker-ResourceReload-3/WARN] [net.minecraft.client.resources.model.BlockStateModelLoader/]: Exception loading blockstate definition: 'dndecor:blockstates/cast_iron_cross_bolt.json' missing model for variant: 'dndecor:cast_iron_cross_bolt#facing=down,rotation=180'
[21May2026 14:41:26.621] [Worker-ResourceReload-3/WARN] [net.minecraft.client.resources.model.BlockStateModelLoader/]: Exception loading blockstate definition: 'dndecor:blockstates/cast_iron_cross_bolt.json' missing model for variant: 'dndecor:cast_iron_cross_bolt#facing=east,rotation=315'
[21May2026 14:41:26.622] [Worker-ResourceReload-3/WARN] [net.minecraft.client.resources.model.BlockStateModelLoader/]: Exception loading blockstate definition: 'dndecor:blockstates/cast_iron_cross_bolt.json' missing model for variant: 'dndecor:cast_iron_cross_bolt#facing=east,rotation=90'
[21May2026 14:41:26.622] [Worker-ResourceReload-3/WARN] [net.minecraft.client.resources.model.BlockStateModelLoader/]: Exception loading blockstate definition: 'dndecor:blockstates/cast_iron_cross_bolt.json' missing model for variant: 'dndecor:cast_iron_cross_bolt#facing=south,rotation=0'
[21May2026 14:41:26.622] [Worker-ResourceReload-3/WARN] [net.minecraft.client.resources.model.BlockStateModelLoader/]: Exception loading blockstate definition: 'dndecor:blockstates/cast_iron_cross_bolt.json' missing model for variant: 'dndecor:cast_iron_cross_bolt#facing=north,rotation=90'
[21May2026 14:41:26.622] [Worker-ResourceReload-3/WARN] [net.minecraft.client.resources.model.BlockStateModelLoader/]: Exception loading blockstate definition: 'dndecor:blockstates/cast_iron_cross_bolt.json' missing model for variant: 'dndecor:cast_iron_cross_bolt#facing=west,rotation=270'
[21May2026 14:41:26.622] [Worker-ResourceReload-3/WARN] [net.minecraft.client.resources.model.BlockStateModelLoader/]: Exception loading blockstate definition: 'dndecor:blockstates/cast_iron_cross_bolt.json' missing model for variant: 'dndecor:cast_iron_cross_bolt#facing=east,rotation=135'
[21May2026 14:41:26.622] [Worker-ResourceReload-3/WARN] [net.minecraft.client.resources.model.BlockStateModelLoader/]: Exception loading blockstate definition: 'dndecor:blockstates/cast_iron_cross_bolt.json' missing model for variant: 'dndecor:cast_iron_cross_bolt#facing=north,rotation=135'
[21May2026 14:41:26.622] [Worker-ResourceReload-3/WARN] [net.minecraft.client.resources.model.BlockStateModelLoader/]: Exception loading blockstate definition: 'dndecor:blockstates/cast_iron_cross_bolt.json' missing model for variant: 'dndecor:cast_iron_cross_bolt#facing=down,rotation=90'
[21May2026 14:41:26.622] [Worker-ResourceReload-3/WARN] [net.minecraft.client.resources.model.BlockStateModelLoader/]: Exception loading blockstate definition: 'dndecor:blockstates/cast_iron_cross_bolt.json' missing model for variant: 'dndecor:cast_iron_cross_bolt#facing=west,rotation=0'
[21May2026 14:41:26.622] [Worker-ResourceReload-3/WARN] [net.minecraft.client.resources.model.BlockStateModelLoader/]: Exception loading blockstate definition: 'dndecor:blockstates/cast_iron_cross_bolt.json' missing model for variant: 'dndecor:cast_iron_cross_bolt#facing=west,rotation=135'
[21May2026 14:41:26.622] [Worker-ResourceReload-3/WARN] [net.minecraft.client.resources.model.BlockStateModelLoader/]: Exception loading blockstate definition: 'dndecor:blockstates/cast_iron_cross_bolt.json' missing model for variant: 'dndecor:cast_iron_cross_bolt#facing=down,rotation=225'
[21May2026 14:41:26.622] [Worker-ResourceReload-3/WARN] [net.minecraft.client.resources.model.BlockStateModelLoader/]: Exception loading blockstate definition: 'dndecor:blockstates/cast_iron_cross_bolt.json' missing model for variant: 'dndecor:cast_iron_cross_bolt#facing=south,rotation=180'
[21May2026 14:41:26.622] [Worker-ResourceReload-3/WARN] [net.minecraft.client.resources.model.BlockStateModelLoader/]: Exception loading blockstate definition: 'dndecor:blockstates/cast_iron_cross_bolt.json' missing model for variant: 'dndecor:cast_iron_cross_bolt#facing=west,rotation=225'
[21May2026 14:41:26.622] [Worker-ResourceReload-3/WARN] [net.minecraft.client.resources.model.BlockStateModelLoader/]: Exception loading blockstate definition: 'dndecor:blockstates/cast_iron_cross_bolt.json' missing model for variant: 'dndecor:cast_iron_cross_bolt#facing=down,rotation=0'
[21May2026 14:41:26.622] [Worker-ResourceReload-3/WARN] [net.minecraft.client.resources.model.BlockStateModelLoader/]: Exception loading blockstate definition: 'dndecor:blockstates/cast_iron_cross_bolt.json' missing model for variant: 'dndecor:cast_iron_cross_bolt#facing=south,rotation=135'
[21May2026 14:41:26.622] [Worker-ResourceReload-3/WARN] [net.minecraft.client.resources.model.BlockStateModelLoader/]: Exception loading blockstate definition: 'dndecor:blockstates/cast_iron_cross_bolt.json' missing model for variant: 'dndecor:cast_iron_cross_bolt#facing=north,rotation=315'
[21May2026 14:41:26.622] [Worker-ResourceReload-3/WARN] [net.minecraft.client.resources.model.BlockStateModelLoader/]: Exception loading blockstate definition: 'dndecor:blockstates/cast_iron_cross_bolt.json' missing model for variant: 'dndecor:cast_iron_cross_bolt#facing=north,rotation=0'
[21May2026 14:41:26.622] [Worker-ResourceReload-3/WARN] [net.minecraft.client.resources.model.BlockStateModelLoader/]: Exception loading blockstate definition: 'dndecor:blockstates/cast_iron_cross_bolt.json' missing model for variant: 'dndecor:cast_iron_cross_bolt#facing=south,rotation=315'
[21May2026 14:41:26.622] [Worker-ResourceReload-3/WARN] [net.minecraft.client.resources.model.BlockStateModelLoader/]: Exception loading blockstate definition: 'dndecor:blockstates/cast_iron_cross_bolt.json' missing model for variant: 'dndecor:cast_iron_cross_bolt#facing=south,rotation=90'
[21May2026 14:41:26.622] [Worker-ResourceReload-3/WARN] [net.minecraft.client.resources.model.BlockStateModelLoader/]: Exception loading blockstate definition: 'dndecor:blockstates/cast_iron_cross_bolt.json' missing model for variant: 'dndecor:cast_iron_cross_bolt#facing=east,rotation=45'
[21May2026 14:41:26.622] [Worker-ResourceReload-3/WARN] [net.minecraft.client.resources.model.BlockStateModelLoader/]: Exception loading blockstate definition: 'dndecor:blockstates/cast_iron_cross_bolt.json' missing model for variant: 'dndecor:cast_iron_cross_bolt#facing=up,rotation=45'
[21May2026 14:41:26.622] [Worker-ResourceReload-3/WARN] [net.minecraft.client.resources.model.BlockStateModelLoader/]: Exception loading blockstate definition: 'dndecor:blockstates/cast_iron_cross_bolt.json' missing model for variant: 'dndecor:cast_iron_cross_bolt#facing=down,rotation=45'
[21May2026 14:41:26.622] [Worker-ResourceReload-3/WARN] [net.minecraft.client.resources.model.BlockStateModelLoader/]: Exception loading blockstate definition: 'dndecor:blockstates/cast_iron_cross_bolt.json' missing model for variant: 'dndecor:cast_iron_cross_bolt#facing=north,rotation=45'
[21May2026 14:41:26.622] [Worker-ResourceReload-3/WARN] [net.minecraft.client.resources.model.BlockStateModelLoader/]: Exception loading blockstate definition: 'dndecor:blockstates/cast_iron_cross_bolt.json' missing model for variant: 'dndecor:cast_iron_cross_bolt#facing=up,rotation=180'
[21May2026 14:41:26.622] [Worker-ResourceReload-3/WARN] [net.minecraft.client.resources.model.BlockStateModelLoader/]: Exception loading blockstate definition: 'dndecor:blockstates/cast_iron_cross_bolt.json' missing model for variant: 'dndecor:cast_iron_cross_bolt#facing=east,rotation=270'
[21May2026 14:41:26.622] [Worker-ResourceReload-3/WARN] [net.minecraft.client.resources.model.BlockStateModelLoader/]: Exception loading blockstate definition: 'dndecor:blockstates/cast_iron_cross_bolt.json' missing model for variant: 'dndecor:cast_iron_cross_bolt#facing=north,rotation=180'
[21May2026 14:41:26.623] [Worker-ResourceReload-3/WARN] [net.minecraft.client.resources.model.BlockStateModelLoader/]: Exception loading blockstate definition: 'dndecor:blockstates/cast_iron_cross_bolt.json' missing model for variant: 'dndecor:cast_iron_cross_bolt#facing=down,rotation=270'
[21May2026 14:41:26.623] [Worker-ResourceReload-3/WARN] [net.minecraft.client.resources.model.BlockStateModelLoader/]: Exception loading blockstate definition: 'dndecor:blockstates/cast_iron_cross_bolt.json' missing model for variant: 'dndecor:cast_iron_cross_bolt#facing=up,rotation=315'
[21May2026 14:41:26.623] [Worker-ResourceReload-3/WARN] [net.minecraft.client.resources.model.BlockStateModelLoader/]: Exception loading blockstate definition: 'dndecor:blockstates/cast_iron_cross_bolt.json' missing model for variant: 'dndecor:cast_iron_cross_bolt#facing=west,rotation=180'
[21May2026 14:41:26.623] [Worker-ResourceReload-3/WARN] [net.minecraft.client.resources.model.BlockStateModelLoader/]: Exception loading blockstate definition: 'dndecor:blockstates/cast_iron_cross_bolt.json' missing model for variant: 'dndecor:cast_iron_cross_bolt#facing=east,rotation=225'
[21May2026 14:41:26.623] [Worker-ResourceReload-3/WARN] [net.minecraft.client.resources.model.BlockStateModelLoader/]: Exception loading blockstate definition: 'dndecor:blockstates/cast_iron_cross_bolt.json' missing model for variant: 'dndecor:cast_iron_cross_bolt#facing=up,rotation=135'
[21May2026 14:41:26.623] [Worker-ResourceReload-3/WARN] [net.minecraft.client.resources.model.BlockStateModelLoader/]: Exception loading blockstate definition: 'dndecor:blockstates/cast_iron_cross_bolt.json' missing model for variant: 'dndecor:cast_iron_cross_bolt#facing=down,rotation=135'
[21May2026 14:41:26.623] [Worker-ResourceReload-3/WARN] [net.minecraft.client.resources.model.BlockStateModelLoader/]: Exception loading blockstate definition: 'dndecor:blockstates/cast_iron_cross_bolt.json' missing model for variant: 'dndecor:cast_iron_cross_bolt#facing=up,rotation=0'
[21May2026 14:41:26.623] [Worker-ResourceReload-3/WARN] [net.minecraft.client.resources.model.BlockStateModelLoader/]: Exception loading blockstate definition: 'dndecor:blockstates/cast_iron_cross_bolt.json' missing model for variant: 'dndecor:cast_iron_cross_bolt#facing=down,rotation=315'
[21May2026 14:41:26.623] [Worker-ResourceReload-3/WARN] [net.minecraft.client.resources.model.BlockStateModelLoader/]: Exception loading blockstate definition: 'dndecor:blockstates/cast_iron_cross_bolt.json' missing model for variant: 'dndecor:cast_iron_cross_bolt#facing=south,rotation=270'
[21May2026 14:41:26.623] [Worker-ResourceReload-3/WARN] [net.minecraft.client.resources.model.BlockStateModelLoader/]: Exception loading blockstate definition: 'dndecor:blockstates/cast_iron_cross_bolt.json' missing model for variant: 'dndecor:cast_iron_cross_bolt#facing=south,rotation=45'
[21May2026 14:41:26.623] [Worker-ResourceReload-3/WARN] [net.minecraft.client.resources.model.BlockStateModelLoader/]: Exception loading blockstate definition: 'dndecor:blockstates/cast_iron_cross_bolt.json' missing model for variant: 'dndecor:cast_iron_cross_bolt#facing=east,rotation=180'
[21May2026 14:41:26.623] [Worker-ResourceReload-3/WARN] [net.minecraft.client.resources.model.BlockStateModelLoader/]: Exception loading blockstate definition: 'dndecor:blockstates/cast_iron_cross_bolt.json' missing model for variant: 'dndecor:cast_iron_cross_bolt#facing=west,rotation=315'
[21May2026 14:41:26.623] [Worker-ResourceReload-3/WARN] [net.minecraft.client.resources.model.BlockStateModelLoader/]: Exception loading blockstate definition: 'dndecor:blockstates/cast_iron_cross_bolt.json' missing model for variant: 'dndecor:cast_iron_cross_bolt#facing=north,rotation=225'
[21May2026 14:41:26.623] [Worker-ResourceReload-3/WARN] [net.minecraft.client.resources.model.BlockStateModelLoader/]: Exception loading blockstate definition: 'dndecor:blockstates/cast_iron_cross_bolt.json' missing model for variant: 'dndecor:cast_iron_cross_bolt#facing=west,rotation=45'
[21May2026 14:41:26.623] [Worker-ResourceReload-3/WARN] [net.minecraft.client.resources.model.BlockStateModelLoader/]: Exception loading blockstate definition: 'dndecor:blockstates/cast_iron_cross_bolt.json' missing model for variant: 'dndecor:cast_iron_cross_bolt#facing=south,rotation=225'
[21May2026 14:41:26.623] [Worker-ResourceReload-3/WARN] [net.minecraft.client.resources.model.BlockStateModelLoader/]: Exception loading blockstate definition: 'dndecor:blockstates/cast_iron_cross_bolt.json' missing model for variant: 'dndecor:cast_iron_cross_bolt#facing=east,rotation=0'
[21May2026 14:41:26.623] [Worker-ResourceReload-3/WARN] [net.minecraft.client.resources.model.BlockStateModelLoader/]: Exception loading blockstate definition: 'dndecor:blockstates/cast_iron_cross_bolt.json' missing model for variant: 'dndecor:cast_iron_cross_bolt#facing=up,rotation=270'
[21May2026 14:41:26.623] [Worker-ResourceReload-3/WARN] [net.minecraft.client.resources.model.BlockStateModelLoader/]: Exception loading blockstate definition: 'dndecor:blockstates/cast_iron_dash_bolt.json' missing model for variant: 'dndecor:cast_iron_dash_bolt#facing=north,rotation=270'
[21May2026 14:41:26.624] [Worker-ResourceReload-3/WARN] [net.minecraft.client.resources.model.BlockStateModelLoader/]: Exception loading blockstate definition: 'dndecor:blockstates/cast_iron_dash_bolt.json' missing model for variant: 'dndecor:cast_iron_dash_bolt#facing=up,rotation=225'
[21May2026 14:41:26.624] [Worker-ResourceReload-3/WARN] [net.minecraft.client.resources.model.BlockStateModelLoader/]: Exception loading blockstate definition: 'dndecor:blockstates/cast_iron_dash_bolt.json' missing model for variant: 'dndecor:cast_iron_dash_bolt#facing=west,rotation=90'
[21May2026 14:41:26.624] [Worker-ResourceReload-3/WARN] [net.minecraft.client.resources.model.BlockStateModelLoader/]: Exception loading blockstate definition: 'dndecor:blockstates/cast_iron_dash_bolt.json' missing model for variant: 'dndecor:cast_iron_dash_bolt#facing=up,rotation=90'
[21May2026 14:41:26.624] [Worker-ResourceReload-3/WARN] [net.minecraft.client.resources.model.BlockStateModelLoader/]: Exception loading blockstate definition: 'dndecor:blockstates/cast_iron_dash_bolt.json' missing model for variant: 'dndecor:cast_iron_dash_bolt#facing=south,rotation=0'
[21May2026 14:41:26.624] [Worker-ResourceReload-3/WARN] [net.minecraft.client.resources.model.BlockStateModelLoader/]: Exception loading blockstate definition: 'dndecor:blockstates/cast_iron_dash_bolt.json' missing model for variant: 'dndecor:cast_iron_dash_bolt#facing=west,rotation=270'
[21May2026 14:41:26.624] [Worker-ResourceReload-3/WARN] [net.minecraft.client.resources.model.BlockStateModelLoader/]: Exception loading blockstate definition: 'dndecor:blockstates/cast_iron_dash_bolt.json' missing model for variant: 'dndecor:cast_iron_dash_bolt#facing=down,rotation=180'
[21May2026 14:41:26.624] [Worker-ResourceReload-3/WARN] [net.minecraft.client.resources.model.BlockStateModelLoader/]: Exception loading blockstate definition: 'dndecor:blockstates/cast_iron_dash_bolt.json' missing model for variant: 'dndecor:cast_iron_dash_bolt#facing=north,rotation=90'
[21May2026 14:41:26.624] [Worker-ResourceReload-3/WARN] [net.minecraft.client.resources.model.BlockStateModelLoader/]: Exception loading blockstate definition: 'dndecor:blockstates/cast_iron_dash_bolt.json' missing model for variant: 'dndecor:cast_iron_dash_bolt#facing=north,rotation=135'
[21May2026 14:41:26.624] [Worker-ResourceReload-3/WARN] [net.minecraft.client.resources.model.BlockStateModelLoader/]: Exception loading blockstate definition: 'dndecor:blockstates/cast_iron_dash_bolt.json' missing model for variant: 'dndecor:cast_iron_dash_bolt#facing=east,rotation=135'
[21May2026 14:41:26.624] [Worker-ResourceReload-3/WARN] [net.minecraft.client.resources.model.BlockStateModelLoader/]: Exception loading blockstate definition: 'dndecor:blockstates/cast_iron_dash_bolt.json' missing model for variant: 'dndecor:cast_iron_dash_bolt#facing=south,rotation=180'
[21May2026 14:41:26.624] [Worker-ResourceReload-3/WARN] [net.minecraft.client.resources.model.BlockStateModelLoader/]: Exception loading blockstate definition: 'dndecor:blockstates/cast_iron_dash_bolt.json' missing model for variant: 'dndecor:cast_iron_dash_bolt#facing=down,rotation=225'
[21May2026 14:41:26.624] [Worker-ResourceReload-3/WARN] [net.minecraft.client.resources.model.BlockStateModelLoader/]: Exception loading blockstate definition: 'dndecor:blockstates/cast_iron_dash_bolt.json' missing model for variant: 'dndecor:cast_iron_dash_bolt#facing=west,rotation=135'
[21May2026 14:41:26.624] [Worker-ResourceReload-3/WARN] [net.minecraft.client.resources.model.BlockStateModelLoader/]: Exception loading blockstate definition: 'dndecor:blockstates/cast_iron_dash_bolt.json' missing model for variant: 'dndecor:cast_iron_dash_bolt#facing=down,rotation=90'
[21May2026 14:41:26.624] [Worker-ResourceReload-3/WARN] [net.minecraft.client.resources.model.BlockStateModelLoader/]: Exception loading blockstate definition: 'dndecor:blockstates/cast_iron_dash_bolt.json' missing model for variant: 'dndecor:cast_iron_dash_bolt#facing=east,rotation=315'
[21May2026 14:41:26.624] [Worker-ResourceReload-3/WARN] [net.minecraft.client.resources.model.BlockStateModelLoader/]: Exception loading blockstate definition: 'dndecor:blockstates/cast_iron_dash_bolt.json' missing model for variant: 'dndecor:cast_iron_dash_bolt#facing=west,rotation=0'
[21May2026 14:41:26.624] [Worker-ResourceReload-3/WARN] [net.minecraft.client.resources.model.BlockStateModelLoader/]: Exception loading blockstate definition: 'dndecor:blockstates/cast_iron_dash_bolt.json' missing model for variant: 'dndecor:cast_iron_dash_bolt#facing=east,rotation=270'
[21May2026 14:41:26.624] [Worker-ResourceReload-3/WARN] [net.minecraft.client.resources.model.BlockStateModelLoader/]: Exception loading blockstate definition: 'dndecor:blockstates/cast_iron_dash_bolt.json' missing model for variant: 'dndecor:cast_iron_dash_bolt#facing=west,rotation=225'
[21May2026 14:41:26.624] [Worker-ResourceReload-3/WARN] [net.minecraft.client.resources.model.BlockStateModelLoader/]: Exception loading blockstate definition: 'dndecor:blockstates/cast_iron_dash_bolt.json' missing model for variant: 'dndecor:cast_iron_dash_bolt#facing=down,rotation=0'
[21May2026 14:41:26.624] [Worker-ResourceReload-3/WARN] [net.minecraft.client.resources.model.BlockStateModelLoader/]: Exception loading blockstate definition: 'dndecor:blockstates/cast_iron_dash_bolt.json' missing model for variant: 'dndecor:cast_iron_dash_bolt#facing=south,rotation=135'
[21May2026 14:41:26.624] [Worker-ResourceReload-3/WARN] [net.minecraft.client.resources.model.BlockStateModelLoader/]: Exception loading blockstate definition: 'dndecor:blockstates/cast_iron_dash_bolt.json' missing model for variant: 'dndecor:cast_iron_dash_bolt#facing=north,rotation=315'
[21May2026 14:41:26.624] [Worker-ResourceReload-3/WARN] [net.minecraft.client.resources.model.BlockStateModelLoader/]: Exception loading blockstate definition: 'dndecor:blockstates/cast_iron_dash_bolt.json' missing model for variant: 'dndecor:cast_iron_dash_bolt#facing=up,rotation=45'
[21May2026 14:41:26.624] [Worker-ResourceReload-3/WARN] [net.minecraft.client.resources.model.BlockStateModelLoader/]: Exception loading blockstate definition: 'dndecor:blockstates/cast_iron_dash_bolt.json' missing model for variant: 'dndecor:cast_iron_dash_bolt#facing=down,rotation=45'
[21May2026 14:41:26.624] [Worker-ResourceReload-3/WARN] [net.minecraft.client.resources.model.BlockStateModelLoader/]: Exception loading blockstate definition: 'dndecor:blockstates/cast_iron_dash_bolt.json' missing model for variant: 'dndecor:cast_iron_dash_bolt#facing=south,rotation=90'
[21May2026 14:41:26.624] [Worker-ResourceReload-3/WARN] [net.minecraft.client.resources.model.BlockStateModelLoader/]: Exception loading blockstate definition: 'dndecor:blockstates/cast_iron_dash_bolt.json' missing model for variant: 'dndecor:cast_iron_dash_bolt#facing=north,rotation=45'
[21May2026 14:41:26.625] [Worker-ResourceReload-3/WARN] [net.minecraft.client.resources.model.BlockStateModelLoader/]: Exception loading blockstate definition: 'dndecor:blockstates/cast_iron_dash_bolt.json' missing model for variant: 'dndecor:cast_iron_dash_bolt#facing=up,rotation=180'
[21May2026 14:41:26.625] [Worker-ResourceReload-3/WARN] [net.minecraft.client.resources.model.BlockStateModelLoader/]: Exception loading blockstate definition: 'dndecor:blockstates/cast_iron_dash_bolt.json' missing model for variant: 'dndecor:cast_iron_dash_bolt#facing=north,rotation=0'
[21May2026 14:41:26.625] [Worker-ResourceReload-3/WARN] [net.minecraft.client.resources.model.BlockStateModelLoader/]: Exception loading blockstate definition: 'dndecor:blockstates/cast_iron_dash_bolt.json' missing model for variant: 'dndecor:cast_iron_dash_bolt#facing=south,rotation=315'
[21May2026 14:41:26.625] [Worker-ResourceReload-3/WARN] [net.minecraft.client.resources.model.BlockStateModelLoader/]: Exception loading blockstate definition: 'dndecor:blockstates/cast_iron_dash_bolt.json' missing model for variant: 'dndecor:cast_iron_dash_bolt#facing=north,rotation=180'
[21May2026 14:41:26.625] [Worker-ResourceReload-3/WARN] [net.minecraft.client.resources.model.BlockStateModelLoader/]: Exception loading blockstate definition: 'dndecor:blockstates/cast_iron_dash_bolt.json' missing model for variant: 'dndecor:cast_iron_dash_bolt#facing=up,rotation=315'
[21May2026 14:41:26.625] [Worker-ResourceReload-3/WARN] [net.minecraft.client.resources.model.BlockStateModelLoader/]: Exception loading blockstate definition: 'dndecor:blockstates/cast_iron_dash_bolt.json' missing model for variant: 'dndecor:cast_iron_dash_bolt#facing=east,rotation=45'
[21May2026 14:41:26.625] [Worker-ResourceReload-3/WARN] [net.minecraft.client.resources.model.BlockStateModelLoader/]: Exception loading blockstate definition: 'dndecor:blockstates/cast_iron_dash_bolt.json' missing model for variant: 'dndecor:cast_iron_dash_bolt#facing=west,rotation=180'
[21May2026 14:41:26.625] [Worker-ResourceReload-3/WARN] [net.minecraft.client.resources.model.BlockStateModelLoader/]: Exception loading blockstate definition: 'dndecor:blockstates/cast_iron_dash_bolt.json' missing model for variant: 'dndecor:cast_iron_dash_bolt#facing=up,rotation=135'
[21May2026 14:41:26.625] [Worker-ResourceReload-3/WARN] [net.minecraft.client.resources.model.BlockStateModelLoader/]: Exception loading blockstate definition: 'dndecor:blockstates/cast_iron_dash_bolt.json' missing model for variant: 'dndecor:cast_iron_dash_bolt#facing=down,rotation=270'
[21May2026 14:41:26.625] [Worker-ResourceReload-3/WARN] [net.minecraft.client.resources.model.BlockStateModelLoader/]: Exception loading blockstate definition: 'dndecor:blockstates/cast_iron_dash_bolt.json' missing model for variant: 'dndecor:cast_iron_dash_bolt#facing=up,rotation=0'
[21May2026 14:41:26.625] [Worker-ResourceReload-3/WARN] [net.minecraft.client.resources.model.BlockStateModelLoader/]: Exception loading blockstate definition: 'dndecor:blockstates/cast_iron_dash_bolt.json' missing model for variant: 'dndecor:cast_iron_dash_bolt#facing=east,rotation=225'
[21May2026 14:41:26.625] [Worker-ResourceReload-3/WARN] [net.minecraft.client.resources.model.BlockStateModelLoader/]: Exception loading blockstate definition: 'dndecor:blockstates/cast_iron_dash_bolt.json' missing model for variant: 'dndecor:cast_iron_dash_bolt#facing=south,rotation=270'
[21May2026 14:41:26.625] [Worker-ResourceReload-3/WARN] [net.minecraft.client.resources.model.BlockStateModelLoader/]: Exception loading blockstate definition: 'dndecor:blockstates/cast_iron_dash_bolt.json' missing model for variant: 'dndecor:cast_iron_dash_bolt#facing=down,rotation=315'
[21May2026 14:41:26.625] [Worker-ResourceReload-3/WARN] [net.minecraft.client.resources.model.BlockStateModelLoader/]: Exception loading blockstate definition: 'dndecor:blockstates/cast_iron_dash_bolt.json' missing model for variant: 'dndecor:cast_iron_dash_bolt#facing=down,rotation=135'
[21May2026 14:41:26.626] [Worker-ResourceReload-3/WARN] [net.minecraft.client.resources.model.BlockStateModelLoader/]: Exception loading blockstate definition: 'dndecor:blockstates/cast_iron_dash_bolt.json' missing model for variant: 'dndecor:cast_iron_dash_bolt#facing=west,rotation=315'
[21May2026 14:41:26.626] [Worker-ResourceReload-3/WARN] [net.minecraft.client.resources.model.BlockStateModelLoader/]: Exception loading blockstate definition: 'dndecor:blockstates/cast_iron_dash_bolt.json' missing model for variant: 'dndecor:cast_iron_dash_bolt#facing=south,rotation=45'
[21May2026 14:41:26.626] [Worker-ResourceReload-3/WARN] [net.minecraft.client.resources.model.BlockStateModelLoader/]: Exception loading blockstate definition: 'dndecor:blockstates/cast_iron_dash_bolt.json' missing model for variant: 'dndecor:cast_iron_dash_bolt#facing=north,rotation=225'
[21May2026 14:41:26.626] [Worker-ResourceReload-3/WARN] [net.minecraft.client.resources.model.BlockStateModelLoader/]: Exception loading blockstate definition: 'dndecor:blockstates/cast_iron_dash_bolt.json' missing model for variant: 'dndecor:cast_iron_dash_bolt#facing=west,rotation=45'
[21May2026 14:41:26.626] [Worker-ResourceReload-3/WARN] [net.minecraft.client.resources.model.BlockStateModelLoader/]: Exception loading blockstate definition: 'dndecor:blockstates/cast_iron_dash_bolt.json' missing model for variant: 'dndecor:cast_iron_dash_bolt#facing=east,rotation=90'
[21May2026 14:41:26.626] [Worker-ResourceReload-3/WARN] [net.minecraft.client.resources.model.BlockStateModelLoader/]: Exception loading blockstate definition: 'dndecor:blockstates/cast_iron_dash_bolt.json' missing model for variant: 'dndecor:cast_iron_dash_bolt#facing=south,rotation=225'
[21May2026 14:41:26.626] [Worker-ResourceReload-3/WARN] [net.minecraft.client.resources.model.BlockStateModelLoader/]: Exception loading blockstate definition: 'dndecor:blockstates/cast_iron_dash_bolt.json' missing model for variant: 'dndecor:cast_iron_dash_bolt#facing=east,rotation=0'
[21May2026 14:41:26.626] [Worker-ResourceReload-3/WARN] [net.minecraft.client.resources.model.BlockStateModelLoader/]: Exception loading blockstate definition: 'dndecor:blockstates/cast_iron_dash_bolt.json' missing model for variant: 'dndecor:cast_iron_dash_bolt#facing=east,rotation=180'
[21May2026 14:41:26.626] [Worker-ResourceReload-3/WARN] [net.minecraft.client.resources.model.BlockStateModelLoader/]: Exception loading blockstate definition: 'dndecor:blockstates/cast_iron_dash_bolt.json' missing model for variant: 'dndecor:cast_iron_dash_bolt#facing=up,rotation=270'
[21May2026 14:41:26.626] [Worker-ResourceReload-3/WARN] [net.minecraft.client.resources.model.BlockStateModelLoader/]: Exception loading blockstate definition: 'dndecor:blockstates/cast_iron_dot_bolt.json' missing model for variant: 'dndecor:cast_iron_dot_bolt#facing=north,rotation=135'
[21May2026 14:41:26.626] [Worker-ResourceReload-3/WARN] [net.minecraft.client.resources.model.BlockStateModelLoader/]: Exception loading blockstate definition: 'dndecor:blockstates/cast_iron_dot_bolt.json' missing model for variant: 'dndecor:cast_iron_dot_bolt#facing=south,rotation=180'
[21May2026 14:41:26.626] [Worker-ResourceReload-3/WARN] [net.minecraft.client.resources.model.BlockStateModelLoader/]: Exception loading blockstate definition: 'dndecor:blockstates/cast_iron_dot_bolt.json' missing model for variant: 'dndecor:cast_iron_dot_bolt#facing=down,rotation=225'
[21May2026 14:41:26.626] [Worker-ResourceReload-3/WARN] [net.minecraft.client.resources.model.BlockStateModelLoader/]: Exception loading blockstate definition: 'dndecor:blockstates/cast_iron_dot_bolt.json' missing model for variant: 'dndecor:cast_iron_dot_bolt#facing=west,rotation=135'
[21May2026 14:41:26.626] [Worker-ResourceReload-3/WARN] [net.minecraft.client.resources.model.BlockStateModelLoader/]: Exception loading blockstate definition: 'dndecor:blockstates/cast_iron_dot_bolt.json' missing model for variant: 'dndecor:cast_iron_dot_bolt#facing=east,rotation=180'
[21May2026 14:41:26.626] [Worker-ResourceReload-3/WARN] [net.minecraft.client.resources.model.BlockStateModelLoader/]: Exception loading blockstate definition: 'dndecor:blockstates/cast_iron_dot_bolt.json' missing model for variant: 'dndecor:cast_iron_dot_bolt#facing=south,rotation=45'
[21May2026 14:41:26.626] [Worker-ResourceReload-3/WARN] [net.minecraft.client.resources.model.BlockStateModelLoader/]: Exception loading blockstate definition: 'dndecor:blockstates/cast_iron_dot_bolt.json' missing model for variant: 'dndecor:cast_iron_dot_bolt#facing=north,rotation=90'
[21May2026 14:41:26.626] [Worker-ResourceReload-3/WARN] [net.minecraft.client.resources.model.BlockStateModelLoader/]: Exception loading blockstate definition: 'dndecor:blockstates/cast_iron_dot_bolt.json' missing model for variant: 'dndecor:cast_iron_dot_bolt#facing=west,rotation=315'
[21May2026 14:41:26.626] [Worker-ResourceReload-3/WARN] [net.minecraft.client.resources.model.BlockStateModelLoader/]: Exception loading blockstate definition: 'dndecor:blockstates/cast_iron_dot_bolt.json' missing model for variant: 'dndecor:cast_iron_dot_bolt#facing=north,rotation=315'
[21May2026 14:41:26.626] [Worker-ResourceReload-3/WARN] [net.minecraft.client.resources.model.BlockStateModelLoader/]: Exception loading blockstate definition: 'dndecor:blockstates/cast_iron_dot_bolt.json' missing model for variant: 'dndecor:cast_iron_dot_bolt#facing=west,rotation=0'
[21May2026 14:41:26.626] [Worker-ResourceReload-3/WARN] [net.minecraft.client.resources.model.BlockStateModelLoader/]: Exception loading blockstate definition: 'dndecor:blockstates/cast_iron_dot_bolt.json' missing model for variant: 'dndecor:cast_iron_dot_bolt#facing=down,rotation=90'
[21May2026 14:41:26.626] [Worker-ResourceReload-3/WARN] [net.minecraft.client.resources.model.BlockStateModelLoader/]: Exception loading blockstate definition: 'dndecor:blockstates/cast_iron_dot_bolt.json' missing model for variant: 'dndecor:cast_iron_dot_bolt#facing=up,rotation=90'
[21May2026 14:41:26.627] [Worker-ResourceReload-3/WARN] [net.minecraft.client.resources.model.BlockStateModelLoader/]: Exception loading blockstate definition: 'dndecor:blockstates/cast_iron_dot_bolt.json' missing model for variant: 'dndecor:cast_iron_dot_bolt#facing=east,rotation=225'
[21May2026 14:41:26.627] [Worker-ResourceReload-3/WARN] [net.minecraft.client.resources.model.BlockStateModelLoader/]: Exception loading blockstate definition: 'dndecor:blockstates/cast_iron_dot_bolt.json' missing model for variant: 'dndecor:cast_iron_dot_bolt#facing=east,rotation=90'
[21May2026 14:41:26.627] [Worker-ResourceReload-3/WARN] [net.minecraft.client.resources.model.BlockStateModelLoader/]: Exception loading blockstate definition: 'dndecor:blockstates/cast_iron_dot_bolt.json' missing model for variant: 'dndecor:cast_iron_dot_bolt#facing=up,rotation=270'
[21May2026 14:41:26.627] [Worker-ResourceReload-3/WARN] [net.minecraft.client.resources.model.BlockStateModelLoader/]: Exception loading blockstate definition: 'dndecor:blockstates/cast_iron_dot_bolt.json' missing model for variant: 'dndecor:cast_iron_dot_bolt#facing=east,rotation=0'
[21May2026 14:41:26.627] [Worker-ResourceReload-3/WARN] [net.minecraft.client.resources.model.BlockStateModelLoader/]: Exception loading blockstate definition: 'dndecor:blockstates/cast_iron_dot_bolt.json' missing model for variant: 'dndecor:cast_iron_dot_bolt#facing=south,rotation=0'
[21May2026 14:41:26.627] [Worker-ResourceReload-3/WARN] [net.minecraft.client.resources.model.BlockStateModelLoader/]: Exception loading blockstate definition: 'dndecor:blockstates/cast_iron_dot_bolt.json' missing model for variant: 'dndecor:cast_iron_dot_bolt#facing=south,rotation=225'
[21May2026 14:41:26.627] [Worker-ResourceReload-3/WARN] [net.minecraft.client.resources.model.BlockStateModelLoader/]: Exception loading blockstate definition: 'dndecor:blockstates/cast_iron_dot_bolt.json' missing model for variant: 'dndecor:cast_iron_dot_bolt#facing=north,rotation=270'
[21May2026 14:41:26.627] [Worker-ResourceReload-3/WARN] [net.minecraft.client.resources.model.BlockStateModelLoader/]: Exception loading blockstate definition: 'dndecor:blockstates/cast_iron_dot_bolt.json' missing model for variant: 'dndecor:cast_iron_dot_bolt#facing=up,rotation=315'
[21May2026 14:41:26.627] [Worker-ResourceReload-3/WARN] [net.minecraft.client.resources.model.BlockStateModelLoader/]: Exception loading blockstate definition: 'dndecor:blockstates/cast_iron_dot_bolt.json' missing model for variant: 'dndecor:cast_iron_dot_bolt#facing=up,rotation=135'
[21May2026 14:41:26.627] [Worker-ResourceReload-3/WARN] [net.minecraft.client.resources.model.BlockStateModelLoader/]: Exception loading blockstate definition: 'dndecor:blockstates/cast_iron_dot_bolt.json' missing model for variant: 'dndecor:cast_iron_dot_bolt#facing=west,rotation=45'
[21May2026 14:41:26.627] [Worker-ResourceReload-3/WARN] [net.minecraft.client.resources.model.BlockStateModelLoader/]: Exception loading blockstate definition: 'dndecor:blockstates/cast_iron_dot_bolt.json' missing model for variant: 'dndecor:cast_iron_dot_bolt#facing=west,rotation=180'
[21May2026 14:41:26.627] [Worker-ResourceReload-3/WARN] [net.minecraft.client.resources.model.BlockStateModelLoader/]: Exception loading blockstate definition: 'dndecor:blockstates/cast_iron_dot_bolt.json' missing model for variant: 'dndecor:cast_iron_dot_bolt#facing=down,rotation=180'
[21May2026 14:41:26.627] [Worker-ResourceReload-3/WARN] [net.minecraft.client.resources.model.BlockStateModelLoader/]: Exception loading blockstate definition: 'dndecor:blockstates/cast_iron_dot_bolt.json' missing model for variant: 'dndecor:cast_iron_dot_bolt#facing=south,rotation=270'
[21May2026 14:41:26.627] [Worker-ResourceReload-3/WARN] [net.minecraft.client.resources.model.BlockStateModelLoader/]: Exception loading blockstate definition: 'dndecor:blockstates/cast_iron_dot_bolt.json' missing model for variant: 'dndecor:cast_iron_dot_bolt#facing=up,rotation=0'
[21May2026 14:41:26.627] [Worker-ResourceReload-3/WARN] [net.minecraft.client.resources.model.BlockStateModelLoader/]: Exception loading blockstate definition: 'dndecor:blockstates/cast_iron_dot_bolt.json' missing model for variant: 'dndecor:cast_iron_dot_bolt#facing=down,rotation=135'
[21May2026 14:41:26.627] [Worker-ResourceReload-3/WARN] [net.minecraft.client.resources.model.BlockStateModelLoader/]: Exception loading blockstate definition: 'dndecor:blockstates/cast_iron_dot_bolt.json' missing model for variant: 'dndecor:cast_iron_dot_bolt#facing=north,rotation=45'
[21May2026 14:41:26.627] [Worker-ResourceReload-3/WARN] [net.minecraft.client.resources.model.BlockStateModelLoader/]: Exception loading blockstate definition: 'dndecor:blockstates/cast_iron_dot_bolt.json' missing model for variant: 'dndecor:cast_iron_dot_bolt#facing=up,rotation=45'
[21May2026 14:41:26.627] [Worker-ResourceReload-3/WARN] [net.minecraft.client.resources.model.BlockStateModelLoader/]: Exception loading blockstate definition: 'dndecor:blockstates/cast_iron_dot_bolt.json' missing model for variant: 'dndecor:cast_iron_dot_bolt#facing=south,rotation=135'
[21May2026 14:41:26.627] [Worker-ResourceReload-3/WARN] [net.minecraft.client.resources.model.BlockStateModelLoader/]: Exception loading blockstate definition: 'dndecor:blockstates/cast_iron_dot_bolt.json' missing model for variant: 'dndecor:cast_iron_dot_bolt#facing=west,rotation=225'
[21May2026 14:41:26.627] [Worker-ResourceReload-3/WARN] [net.minecraft.client.resources.model.BlockStateModelLoader/]: Exception loading blockstate definition: 'dndecor:blockstates/cast_iron_dot_bolt.json' missing model for variant: 'dndecor:cast_iron_dot_bolt#facing=down,rotation=315'
[21May2026 14:41:26.627] [Worker-ResourceReload-3/WARN] [net.minecraft.client.resources.model.BlockStateModelLoader/]: Exception loading blockstate definition: 'dndecor:blockstates/cast_iron_dot_bolt.json' missing model for variant: 'dndecor:cast_iron_dot_bolt#facing=north,rotation=225'
[21May2026 14:41:26.627] [Worker-ResourceReload-3/WARN] [net.minecraft.client.resources.model.BlockStateModelLoader/]: Exception loading blockstate definition: 'dndecor:blockstates/cast_iron_dot_bolt.json' missing model for variant: 'dndecor:cast_iron_dot_bolt#facing=north,rotation=0'
[21May2026 14:41:26.627] [Worker-ResourceReload-3/WARN] [net.minecraft.client.resources.model.BlockStateModelLoader/]: Exception loading blockstate definition: 'dndecor:blockstates/cast_iron_dot_bolt.json' missing model for variant: 'dndecor:cast_iron_dot_bolt#facing=east,rotation=135'
[21May2026 14:41:26.627] [Worker-ResourceReload-3/WARN] [net.minecraft.client.resources.model.BlockStateModelLoader/]: Exception loading blockstate definition: 'dndecor:blockstates/cast_iron_dot_bolt.json' missing model for variant: 'dndecor:cast_iron_dot_bolt#facing=west,rotation=90'
[21May2026 14:41:26.627] [Worker-ResourceReload-3/WARN] [net.minecraft.client.resources.model.BlockStateModelLoader/]: Exception loading blockstate definition: 'dndecor:blockstates/cast_iron_dot_bolt.json' missing model for variant: 'dndecor:cast_iron_dot_bolt#facing=south,rotation=315'
[21May2026 14:41:26.627] [Worker-ResourceReload-3/WARN] [net.minecraft.client.resources.model.BlockStateModelLoader/]: Exception loading blockstate definition: 'dndecor:blockstates/cast_iron_dot_bolt.json' missing model for variant: 'dndecor:cast_iron_dot_bolt#facing=up,rotation=180'
[21May2026 14:41:26.628] [Worker-ResourceReload-3/WARN] [net.minecraft.client.resources.model.BlockStateModelLoader/]: Exception loading blockstate definition: 'dndecor:blockstates/cast_iron_dot_bolt.json' missing model for variant: 'dndecor:cast_iron_dot_bolt#facing=down,rotation=45'
[21May2026 14:41:26.628] [Worker-ResourceReload-3/WARN] [net.minecraft.client.resources.model.BlockStateModelLoader/]: Exception loading blockstate definition: 'dndecor:blockstates/cast_iron_dot_bolt.json' missing model for variant: 'dndecor:cast_iron_dot_bolt#facing=east,rotation=315'
[21May2026 14:41:26.628] [Worker-ResourceReload-3/WARN] [net.minecraft.client.resources.model.BlockStateModelLoader/]: Exception loading blockstate definition: 'dndecor:blockstates/cast_iron_dot_bolt.json' missing model for variant: 'dndecor:cast_iron_dot_bolt#facing=down,rotation=270'
[21May2026 14:41:26.628] [Worker-ResourceReload-3/WARN] [net.minecraft.client.resources.model.BlockStateModelLoader/]: Exception loading blockstate definition: 'dndecor:blockstates/cast_iron_dot_bolt.json' missing model for variant: 'dndecor:cast_iron_dot_bolt#facing=north,rotation=180'
[21May2026 14:41:26.628] [Worker-ResourceReload-3/WARN] [net.minecraft.client.resources.model.BlockStateModelLoader/]: Exception loading blockstate definition: 'dndecor:blockstates/cast_iron_dot_bolt.json' missing model for variant: 'dndecor:cast_iron_dot_bolt#facing=up,rotation=225'
[21May2026 14:41:26.628] [Worker-ResourceReload-3/WARN] [net.minecraft.client.resources.model.BlockStateModelLoader/]: Exception loading blockstate definition: 'dndecor:blockstates/cast_iron_dot_bolt.json' missing model for variant: 'dndecor:cast_iron_dot_bolt#facing=down,rotation=0'
[21May2026 14:41:26.628] [Worker-ResourceReload-3/WARN] [net.minecraft.client.resources.model.BlockStateModelLoader/]: Exception loading blockstate definition: 'dndecor:blockstates/cast_iron_dot_bolt.json' missing model for variant: 'dndecor:cast_iron_dot_bolt#facing=east,rotation=270'
[21May2026 14:41:26.628] [Worker-ResourceReload-3/WARN] [net.minecraft.client.resources.model.BlockStateModelLoader/]: Exception loading blockstate definition: 'dndecor:blockstates/cast_iron_dot_bolt.json' missing model for variant: 'dndecor:cast_iron_dot_bolt#facing=east,rotation=45'
[21May2026 14:41:26.628] [Worker-ResourceReload-3/WARN] [net.minecraft.client.resources.model.BlockStateModelLoader/]: Exception loading blockstate definition: 'dndecor:blockstates/cast_iron_dot_bolt.json' missing model for variant: 'dndecor:cast_iron_dot_bolt#facing=west,rotation=270'
[21May2026 14:41:26.628] [Worker-ResourceReload-3/WARN] [net.minecraft.client.resources.model.BlockStateModelLoader/]: Exception loading blockstate definition: 'dndecor:blockstates/cast_iron_dot_bolt.json' missing model for variant: 'dndecor:cast_iron_dot_bolt#facing=south,rotation=90'
[21May2026 14:41:26.628] [Worker-ResourceReload-3/WARN] [net.minecraft.client.resources.model.BlockStateModelLoader/]: Exception loading blockstate definition: 'dndecor:blockstates/cast_iron_flat_bolt.json' missing model for variant: 'dndecor:cast_iron_flat_bolt#facing=south,rotation=225'
[21May2026 14:41:26.628] [Worker-ResourceReload-3/WARN] [net.minecraft.client.resources.model.BlockStateModelLoader/]: Exception loading blockstate definition: 'dndecor:blockstates/cast_iron_flat_bolt.json' missing model for variant: 'dndecor:cast_iron_flat_bolt#facing=west,rotation=315'
[21May2026 14:41:26.628] [Worker-ResourceReload-3/WARN] [net.minecraft.client.resources.model.BlockStateModelLoader/]: Exception loading blockstate definition: 'dndecor:blockstates/cast_iron_flat_bolt.json' missing model for variant: 'dndecor:cast_iron_flat_bolt#facing=north,rotation=315'
[21May2026 14:41:26.628] [Worker-ResourceReload-3/WARN] [net.minecraft.client.resources.model.BlockStateModelLoader/]: Exception loading blockstate definition: 'dndecor:blockstates/cast_iron_flat_bolt.json' missing model for variant: 'dndecor:cast_iron_flat_bolt#facing=down,rotation=225'
[21May2026 14:41:26.628] [Worker-ResourceReload-3/WARN] [net.minecraft.client.resources.model.BlockStateModelLoader/]: Exception loading blockstate definition: 'dndecor:blockstates/cast_iron_flat_bolt.json' missing model for variant: 'dndecor:cast_iron_flat_bolt#facing=north,rotation=135'
[21May2026 14:41:26.628] [Worker-ResourceReload-3/WARN] [net.minecraft.client.resources.model.BlockStateModelLoader/]: Exception loading blockstate definition: 'dndecor:blockstates/cast_iron_flat_bolt.json' missing model for variant: 'dndecor:cast_iron_flat_bolt#facing=down,rotation=90'
[21May2026 14:41:26.628] [Worker-ResourceReload-3/WARN] [net.minecraft.client.resources.model.BlockStateModelLoader/]: Exception loading blockstate definition: 'dndecor:blockstates/cast_iron_flat_bolt.json' missing model for variant: 'dndecor:cast_iron_flat_bolt#facing=east,rotation=225'
[21May2026 14:41:26.628] [Worker-ResourceReload-3/WARN] [net.minecraft.client.resources.model.BlockStateModelLoader/]: Exception loading blockstate definition: 'dndecor:blockstates/cast_iron_flat_bolt.json' missing model for variant: 'dndecor:cast_iron_flat_bolt#facing=south,rotation=45'
[21May2026 14:41:26.628] [Worker-ResourceReload-3/WARN] [net.minecraft.client.resources.model.BlockStateModelLoader/]: Exception loading blockstate definition: 'dndecor:blockstates/cast_iron_flat_bolt.json' missing model for variant: 'dndecor:cast_iron_flat_bolt#facing=south,rotation=180'
[21May2026 14:41:26.628] [Worker-ResourceReload-3/WARN] [net.minecraft.client.resources.model.BlockStateModelLoader/]: Exception loading blockstate definition: 'dndecor:blockstates/cast_iron_flat_bolt.json' missing model for variant: 'dndecor:cast_iron_flat_bolt#facing=west,rotation=135'
[21May2026 14:41:26.628] [Worker-ResourceReload-3/WARN] [net.minecraft.client.resources.model.BlockStateModelLoader/]: Exception loading blockstate definition: 'dndecor:blockstates/cast_iron_flat_bolt.json' missing model for variant: 'dndecor:cast_iron_flat_bolt#facing=west,rotation=180'
[21May2026 14:41:26.628] [Worker-ResourceReload-3/WARN] [net.minecraft.client.resources.model.BlockStateModelLoader/]: Exception loading blockstate definition: 'dndecor:blockstates/cast_iron_flat_bolt.json' missing model for variant: 'dndecor:cast_iron_flat_bolt#facing=north,rotation=270'
[21May2026 14:41:26.628] [Worker-ResourceReload-3/WARN] [net.minecraft.client.resources.model.BlockStateModelLoader/]: Exception loading blockstate definition: 'dndecor:blockstates/cast_iron_flat_bolt.json' missing model for variant: 'dndecor:cast_iron_flat_bolt#facing=west,rotation=0'
[21May2026 14:41:26.628] [Worker-ResourceReload-3/WARN] [net.minecraft.client.resources.model.BlockStateModelLoader/]: Exception loading blockstate definition: 'dndecor:blockstates/cast_iron_flat_bolt.json' missing model for variant: 'dndecor:cast_iron_flat_bolt#facing=up,rotation=315'
[21May2026 14:41:26.628] [Worker-ResourceReload-3/WARN] [net.minecraft.client.resources.model.BlockStateModelLoader/]: Exception loading blockstate definition: 'dndecor:blockstates/cast_iron_flat_bolt.json' missing model for variant: 'dndecor:cast_iron_flat_bolt#facing=west,rotation=45'
[21May2026 14:41:26.628] [Worker-ResourceReload-3/WARN] [net.minecraft.client.resources.model.BlockStateModelLoader/]: Exception loading blockstate definition: 'dndecor:blockstates/cast_iron_flat_bolt.json' missing model for variant: 'dndecor:cast_iron_flat_bolt#facing=down,rotation=180'
[21May2026 14:41:26.629] [Worker-ResourceReload-3/WARN] [net.minecraft.client.resources.model.BlockStateModelLoader/]: Exception loading blockstate definition: 'dndecor:blockstates/cast_iron_flat_bolt.json' missing model for variant: 'dndecor:cast_iron_flat_bolt#facing=north,rotation=90'
[21May2026 14:41:26.629] [Worker-ResourceReload-3/WARN] [net.minecraft.client.resources.model.BlockStateModelLoader/]: Exception loading blockstate definition: 'dndecor:blockstates/cast_iron_flat_bolt.json' missing model for variant: 'dndecor:cast_iron_flat_bolt#facing=up,rotation=0'
[21May2026 14:41:26.629] [Worker-ResourceReload-3/WARN] [net.minecraft.client.resources.model.BlockStateModelLoader/]: Exception loading blockstate definition: 'dndecor:blockstates/cast_iron_flat_bolt.json' missing model for variant: 'dndecor:cast_iron_flat_bolt#facing=up,rotation=135'
[21May2026 14:41:26.629] [Worker-ResourceReload-3/WARN] [net.minecraft.client.resources.model.BlockStateModelLoader/]: Exception loading blockstate definition: 'dndecor:blockstates/cast_iron_flat_bolt.json' missing model for variant: 'dndecor:cast_iron_flat_bolt#facing=east,rotation=90'
[21May2026 14:41:26.629] [Worker-ResourceReload-3/WARN] [net.minecraft.client.resources.model.BlockStateModelLoader/]: Exception loading blockstate definition: 'dndecor:blockstates/cast_iron_flat_bolt.json' missing model for variant: 'dndecor:cast_iron_flat_bolt#facing=east,rotation=0'
[21May2026 14:41:26.629] [Worker-ResourceReload-3/WARN] [net.minecraft.client.resources.model.BlockStateModelLoader/]: Exception loading blockstate definition: 'dndecor:blockstates/cast_iron_flat_bolt.json' missing model for variant: 'dndecor:cast_iron_flat_bolt#facing=east,rotation=180'
[21May2026 14:41:26.629] [Worker-ResourceReload-3/WARN] [net.minecraft.client.resources.model.BlockStateModelLoader/]: Exception loading blockstate definition: 'dndecor:blockstates/cast_iron_flat_bolt.json' missing model for variant: 'dndecor:cast_iron_flat_bolt#facing=up,rotation=270'
[21May2026 14:41:26.629] [Worker-ResourceReload-3/WARN] [net.minecraft.client.resources.model.BlockStateModelLoader/]: Exception loading blockstate definition: 'dndecor:blockstates/cast_iron_flat_bolt.json' missing model for variant: 'dndecor:cast_iron_flat_bolt#facing=up,rotation=180'
[21May2026 14:41:26.629] [Worker-ResourceReload-3/WARN] [net.minecraft.client.resources.model.BlockStateModelLoader/]: Exception loading blockstate definition: 'dndecor:blockstates/cast_iron_flat_bolt.json' missing model for variant: 'dndecor:cast_iron_flat_bolt#facing=south,rotation=135'
[21May2026 14:41:26.629] [Worker-ResourceReload-3/WARN] [net.minecraft.client.resources.model.BlockStateModelLoader/]: Exception loading blockstate definition: 'dndecor:blockstates/cast_iron_flat_bolt.json' missing model for variant: 'dndecor:cast_iron_flat_bolt#facing=east,rotation=135'
[21May2026 14:41:26.629] [Worker-ResourceReload-3/WARN] [net.minecraft.client.resources.model.BlockStateModelLoader/]: Exception loading blockstate definition: 'dndecor:blockstates/cast_iron_flat_bolt.json' missing model for variant: 'dndecor:cast_iron_flat_bolt#facing=north,rotation=225'
[21May2026 14:41:26.629] [Worker-ResourceReload-3/WARN] [net.minecraft.client.resources.model.BlockStateModelLoader/]: Exception loading blockstate definition: 'dndecor:blockstates/cast_iron_flat_bolt.json' missing model for variant: 'dndecor:cast_iron_flat_bolt#facing=east,rotation=315'
[21May2026 14:41:26.629] [Worker-ResourceReload-3/WARN] [net.minecraft.client.resources.model.BlockStateModelLoader/]: Exception loading blockstate definition: 'dndecor:blockstates/cast_iron_flat_bolt.json' missing model for variant: 'dndecor:cast_iron_flat_bolt#facing=south,rotation=0'
[21May2026 14:41:26.629] [Worker-ResourceReload-3/WARN] [net.minecraft.client.resources.model.BlockStateModelLoader/]: Exception loading blockstate definition: 'dndecor:blockstates/cast_iron_flat_bolt.json' missing model for variant: 'dndecor:cast_iron_flat_bolt#facing=south,rotation=270'
[21May2026 14:41:26.629] [Worker-ResourceReload-3/WARN] [net.minecraft.client.resources.model.BlockStateModelLoader/]: Exception loading blockstate definition: 'dndecor:blockstates/cast_iron_flat_bolt.json' missing model for variant: 'dndecor:cast_iron_flat_bolt#facing=up,rotation=90'
[21May2026 14:41:26.629] [Worker-ResourceReload-3/WARN] [net.minecraft.client.resources.model.BlockStateModelLoader/]: Exception loading blockstate definition: 'dndecor:blockstates/cast_iron_flat_bolt.json' missing model for variant: 'dndecor:cast_iron_flat_bolt#facing=down,rotation=315'
[21May2026 14:41:26.629] [Worker-ResourceReload-3/WARN] [net.minecraft.client.resources.model.BlockStateModelLoader/]: Exception loading blockstate definition: 'dndecor:blockstates/cast_iron_flat_bolt.json' missing model for variant: 'dndecor:cast_iron_flat_bolt#facing=west,rotation=225'
[21May2026 14:41:26.629] [Worker-ResourceReload-3/WARN] [net.minecraft.client.resources.model.BlockStateModelLoader/]: Exception loading blockstate definition: 'dndecor:blockstates/cast_iron_flat_bolt.json' missing model for variant: 'dndecor:cast_iron_flat_bolt#facing=down,rotation=135'
[21May2026 14:41:26.629] [Worker-ResourceReload-3/WARN] [net.minecraft.client.resources.model.BlockStateModelLoader/]: Exception loading blockstate definition: 'dndecor:blockstates/cast_iron_flat_bolt.json' missing model for variant: 'dndecor:cast_iron_flat_bolt#facing=east,rotation=45'
[21May2026 14:41:26.629] [Worker-ResourceReload-3/WARN] [net.minecraft.client.resources.model.BlockStateModelLoader/]: Exception loading blockstate definition: 'dndecor:blockstates/cast_iron_flat_bolt.json' missing model for variant: 'dndecor:cast_iron_flat_bolt#facing=south,rotation=90'
[21May2026 14:41:26.629] [Worker-ResourceReload-3/WARN] [net.minecraft.client.resources.model.BlockStateModelLoader/]: Exception loading blockstate definition: 'dndecor:blockstates/cast_iron_flat_bolt.json' missing model for variant: 'dndecor:cast_iron_flat_bolt#facing=north,rotation=180'
[21May2026 14:41:26.629] [Worker-ResourceReload-3/WARN] [net.minecraft.client.resources.model.BlockStateModelLoader/]: Exception loading blockstate definition: 'dndecor:blockstates/cast_iron_flat_bolt.json' missing model for variant: 'dndecor:cast_iron_flat_bolt#facing=up,rotation=225'
[21May2026 14:41:26.629] [Worker-ResourceReload-3/WARN] [net.minecraft.client.resources.model.BlockStateModelLoader/]: Exception loading blockstate definition: 'dndecor:blockstates/cast_iron_flat_bolt.json' missing model for variant: 'dndecor:cast_iron_flat_bolt#facing=west,rotation=270'
[21May2026 14:41:26.630] [Worker-ResourceReload-3/WARN] [net.minecraft.client.resources.model.BlockStateModelLoader/]: Exception loading blockstate definition: 'dndecor:blockstates/cast_iron_flat_bolt.json' missing model for variant: 'dndecor:cast_iron_flat_bolt#facing=down,rotation=270'
[21May2026 14:41:26.630] [Worker-ResourceReload-3/WARN] [net.minecraft.client.resources.model.BlockStateModelLoader/]: Exception loading blockstate definition: 'dndecor:blockstates/cast_iron_flat_bolt.json' missing model for variant: 'dndecor:cast_iron_flat_bolt#facing=north,rotation=45'
[21May2026 14:41:26.630] [Worker-ResourceReload-3/WARN] [net.minecraft.client.resources.model.BlockStateModelLoader/]: Exception loading blockstate definition: 'dndecor:blockstates/cast_iron_flat_bolt.json' missing model for variant: 'dndecor:cast_iron_flat_bolt#facing=west,rotation=90'
[21May2026 14:41:26.630] [Worker-ResourceReload-3/WARN] [net.minecraft.client.resources.model.BlockStateModelLoader/]: Exception loading blockstate definition: 'dndecor:blockstates/cast_iron_flat_bolt.json' missing model for variant: 'dndecor:cast_iron_flat_bolt#facing=north,rotation=0'
[21May2026 14:41:26.630] [Worker-ResourceReload-3/WARN] [net.minecraft.client.resources.model.BlockStateModelLoader/]: Exception loading blockstate definition: 'dndecor:blockstates/cast_iron_flat_bolt.json' missing model for variant: 'dndecor:cast_iron_flat_bolt#facing=down,rotation=0'
[21May2026 14:41:26.630] [Worker-ResourceReload-3/WARN] [net.minecraft.client.resources.model.BlockStateModelLoader/]: Exception loading blockstate definition: 'dndecor:blockstates/cast_iron_flat_bolt.json' missing model for variant: 'dndecor:cast_iron_flat_bolt#facing=down,rotation=45'
[21May2026 14:41:26.630] [Worker-ResourceReload-3/WARN] [net.minecraft.client.resources.model.BlockStateModelLoader/]: Exception loading blockstate definition: 'dndecor:blockstates/cast_iron_flat_bolt.json' missing model for variant: 'dndecor:cast_iron_flat_bolt#facing=east,rotation=270'
[21May2026 14:41:26.630] [Worker-ResourceReload-3/WARN] [net.minecraft.client.resources.model.BlockStateModelLoader/]: Exception loading blockstate definition: 'dndecor:blockstates/cast_iron_flat_bolt.json' missing model for variant: 'dndecor:cast_iron_flat_bolt#facing=up,rotation=45'
[21May2026 14:41:26.630] [Worker-ResourceReload-3/WARN] [net.minecraft.client.resources.model.BlockStateModelLoader/]: Exception loading blockstate definition: 'dndecor:blockstates/cast_iron_flat_bolt.json' missing model for variant: 'dndecor:cast_iron_flat_bolt#facing=south,rotation=315'
[21May2026 14:41:26.630] [Worker-ResourceReload-3/WARN] [net.minecraft.client.resources.model.BlockStateModelLoader/]: Exception loading blockstate definition: 'dndesires:blockstates/cog_crank.json' missing model for variant: 'dndesires:cog_crank#axis=x,waterlogged=false'
[21May2026 14:41:26.630] [Worker-ResourceReload-3/WARN] [net.minecraft.client.resources.model.BlockStateModelLoader/]: Exception loading blockstate definition: 'dndesires:blockstates/cog_crank.json' missing model for variant: 'dndesires:cog_crank#axis=z,waterlogged=true'
[21May2026 14:41:26.630] [Worker-ResourceReload-3/WARN] [net.minecraft.client.resources.model.BlockStateModelLoader/]: Exception loading blockstate definition: 'dndesires:blockstates/cog_crank.json' missing model for variant: 'dndesires:cog_crank#axis=y,waterlogged=false'
[21May2026 14:41:26.631] [Worker-ResourceReload-3/WARN] [net.minecraft.client.resources.model.BlockStateModelLoader/]: Exception loading blockstate definition: 'dndesires:blockstates/cog_crank.json' missing model for variant: 'dndesires:cog_crank#axis=z,waterlogged=false'
[21May2026 14:41:26.631] [Worker-ResourceReload-3/WARN] [net.minecraft.client.resources.model.BlockStateModelLoader/]: Exception loading blockstate definition: 'dndesires:blockstates/cog_crank.json' missing model for variant: 'dndesires:cog_crank#axis=y,waterlogged=true'
[21May2026 14:41:26.631] [Worker-ResourceReload-3/WARN] [net.minecraft.client.resources.model.BlockStateModelLoader/]: Exception loading blockstate definition: 'dndesires:blockstates/cog_crank.json' missing model for variant: 'dndesires:cog_crank#axis=x,waterlogged=true'
[21May2026 14:41:26.631] [Worker-ResourceReload-3/WARN] [net.minecraft.client.resources.model.BlockStateModelLoader/]: Exception loading blockstate definition: 'dndesires:blockstates/large_cog_crank.json' missing model for variant: 'dndesires:large_cog_crank#axis=z,waterlogged=false'
[21May2026 14:41:26.631] [Worker-ResourceReload-3/WARN] [net.minecraft.client.resources.model.BlockStateModelLoader/]: Exception loading blockstate definition: 'dndesires:blockstates/large_cog_crank.json' missing model for variant: 'dndesires:large_cog_crank#axis=y,waterlogged=true'
[21May2026 14:41:26.631] [Worker-ResourceReload-3/WARN] [net.minecraft.client.resources.model.BlockStateModelLoader/]: Exception loading blockstate definition: 'dndesires:blockstates/large_cog_crank.json' missing model for variant: 'dndesires:large_cog_crank#axis=x,waterlogged=true'
[21May2026 14:41:26.631] [Worker-ResourceReload-3/WARN] [net.minecraft.client.resources.model.BlockStateModelLoader/]: Exception loading blockstate definition: 'dndesires:blockstates/large_cog_crank.json' missing model for variant: 'dndesires:large_cog_crank#axis=x,waterlogged=false'
[21May2026 14:41:26.631] [Worker-ResourceReload-3/WARN] [net.minecraft.client.resources.model.BlockStateModelLoader/]: Exception loading blockstate definition: 'dndesires:blockstates/large_cog_crank.json' missing model for variant: 'dndesires:large_cog_crank#axis=z,waterlogged=true'
[21May2026 14:41:26.631] [Worker-ResourceReload-3/WARN] [net.minecraft.client.resources.model.BlockStateModelLoader/]: Exception loading blockstate definition: 'dndesires:blockstates/large_cog_crank.json' missing model for variant: 'dndesires:large_cog_crank#axis=y,waterlogged=false'
[21May2026 14:41:26.631] [Worker-ResourceReload-3/WARN] [net.minecraft.client.resources.model.BlockStateModelLoader/]: Exception loading blockstate definition: 'dndesires:blockstates/creative_gear_motor.json' missing model for variant: 'dndesires:creative_gear_motor#facing=down,waterlogged=true'
[21May2026 14:41:26.631] [Worker-ResourceReload-3/WARN] [net.minecraft.client.resources.model.BlockStateModelLoader/]: Exception loading blockstate definition: 'dndesires:blockstates/creative_gear_motor.json' missing model for variant: 'dndesires:creative_gear_motor#facing=north,waterlogged=true'
[21May2026 14:41:26.631] [Worker-ResourceReload-3/WARN] [net.minecraft.client.resources.model.BlockStateModelLoader/]: Exception loading blockstate definition: 'dndesires:blockstates/creative_gear_motor.json' missing model for variant: 'dndesires:creative_gear_motor#facing=east,waterlogged=false'
[21May2026 14:41:26.631] [Worker-ResourceReload-3/WARN] [net.minecraft.client.resources.model.BlockStateModelLoader/]: Exception loading blockstate definition: 'dndesires:blockstates/creative_gear_motor.json' missing model for variant: 'dndesires:creative_gear_motor#facing=down,waterlogged=false'
[21May2026 14:41:26.631] [Worker-ResourceReload-3/WARN] [net.minecraft.client.resources.model.BlockStateModelLoader/]: Exception loading blockstate definition: 'dndesires:blockstates/creative_gear_motor.json' missing model for variant: 'dndesires:creative_gear_motor#facing=west,waterlogged=false'
[21May2026 14:41:26.631] [Worker-ResourceReload-3/WARN] [net.minecraft.client.resources.model.BlockStateModelLoader/]: Exception loading blockstate definition: 'dndesires:blockstates/creative_gear_motor.json' missing model for variant: 'dndesires:creative_gear_motor#facing=south,waterlogged=true'
[21May2026 14:41:26.631] [Worker-ResourceReload-3/WARN] [net.minecraft.client.resources.model.BlockStateModelLoader/]: Exception loading blockstate definition: 'dndesires:blockstates/creative_gear_motor.json' missing model for variant: 'dndesires:creative_gear_motor#facing=north,waterlogged=false'
[21May2026 14:41:26.632] [Worker-ResourceReload-3/WARN] [net.minecraft.client.resources.model.BlockStateModelLoader/]: Exception loading blockstate definition: 'dndesires:blockstates/creative_gear_motor.json' missing model for variant: 'dndesires:creative_gear_motor#facing=west,waterlogged=true'
[21May2026 14:41:26.632] [Worker-ResourceReload-3/WARN] [net.minecraft.client.resources.model.BlockStateModelLoader/]: Exception loading blockstate definition: 'dndesires:blockstates/creative_gear_motor.json' missing model for variant: 'dndesires:creative_gear_motor#facing=up,waterlogged=false'
[21May2026 14:41:26.632] [Worker-ResourceReload-3/WARN] [net.minecraft.client.resources.model.BlockStateModelLoader/]: Exception loading blockstate definition: 'dndesires:blockstates/creative_gear_motor.json' missing model for variant: 'dndesires:creative_gear_motor#facing=east,waterlogged=true'
[21May2026 14:41:26.632] [Worker-ResourceReload-3/WARN] [net.minecraft.client.resources.model.BlockStateModelLoader/]: Exception loading blockstate definition: 'dndesires:blockstates/creative_gear_motor.json' missing model for variant: 'dndesires:creative_gear_motor#facing=south,waterlogged=false'
[21May2026 14:41:26.632] [Worker-ResourceReload-3/WARN] [net.minecraft.client.resources.model.BlockStateModelLoader/]: Exception loading blockstate definition: 'dndesires:blockstates/creative_gear_motor.json' missing model for variant: 'dndesires:creative_gear_motor#facing=up,waterlogged=true'
[21May2026 14:41:26.891] [Worker-ResourceReload-3/WARN] [net.minecraft.client.resources.model.BlockStateModelLoader/]: Exception loading blockstate definition: 'createpropulsion:blockstates/tilt_adapter.json' missing model for variant: 'createpropulsion:tilt_adapter#aligned_x=true,axis=x,axis_along_first=true,facing=up,positive=true'
[21May2026 14:41:26.891] [Worker-ResourceReload-3/WARN] [net.minecraft.client.resources.model.BlockStateModelLoader/]: Exception loading blockstate definition: 'createpropulsion:blockstates/tilt_adapter.json' missing model for variant: 'createpropulsion:tilt_adapter#aligned_x=true,axis=z,axis_along_first=true,facing=west,positive=false'
[21May2026 14:41:26.891] [Worker-ResourceReload-3/WARN] [net.minecraft.client.resources.model.BlockStateModelLoader/]: Exception loading blockstate definition: 'createpropulsion:blockstates/tilt_adapter.json' missing model for variant: 'createpropulsion:tilt_adapter#aligned_x=false,axis=x,axis_along_first=true,facing=north,positive=true'
[21May2026 14:41:26.891] [Worker-ResourceReload-3/WARN] [net.minecraft.client.resources.model.BlockStateModelLoader/]: Exception loading blockstate definition: 'createpropulsion:blockstates/tilt_adapter.json' missing model for variant: 'createpropulsion:tilt_adapter#aligned_x=false,axis=x,axis_along_first=false,facing=down,positive=true'
[21May2026 14:41:26.891] [Worker-ResourceReload-3/WARN] [net.minecraft.client.resources.model.BlockStateModelLoader/]: Exception loading blockstate definition: 'createpropulsion:blockstates/tilt_adapter.json' missing model for variant: 'createpropulsion:tilt_adapter#aligned_x=true,axis=x,axis_along_first=false,facing=south,positive=true'
[21May2026 14:41:26.891] [Worker-ResourceReload-3/WARN] [net.minecraft.client.resources.model.BlockStateModelLoader/]: Exception loading blockstate definition: 'createpropulsion:blockstates/tilt_adapter.json' missing model for variant: 'createpropulsion:tilt_adapter#aligned_x=false,axis=x,axis_along_first=true,facing=up,positive=true'
[21May2026 14:41:26.891] [Worker-ResourceReload-3/WARN] [net.minecraft.client.resources.model.BlockStateModelLoader/]: Exception loading blockstate definition: 'createpropulsion:blockstates/tilt_adapter.json' missing model for variant: 'createpropulsion:tilt_adapter#aligned_x=true,axis=x,axis_along_first=true,facing=up,positive=false'
[21May2026 14:41:26.891] [Worker-ResourceReload-3/WARN] [net.minecraft.client.resources.model.BlockStateModelLoader/]: Exception loading blockstate definition: 'createpropulsion:blockstates/tilt_adapter.json' missing model for variant: 'createpropulsion:tilt_adapter#aligned_x=false,axis=z,axis_along_first=false,facing=east,positive=false'
[21May2026 14:41:26.891] [Worker-ResourceReload-3/WARN] [net.minecraft.client.resources.model.BlockStateModelLoader/]: Exception loading blockstate definition: 'createpropulsion:blockstates/tilt_adapter.json' missing model for variant: 'createpropulsion:tilt_adapter#aligned_x=true,axis=z,axis_along_first=false,facing=up,positive=false'
[21May2026 14:41:26.891] [Worker-ResourceReload-3/WARN] [net.minecraft.client.resources.model.BlockStateModelLoader/]: Exception loading blockstate definition: 'createpropulsion:blockstates/tilt_adapter.json' missing model for variant: 'createpropulsion:tilt_adapter#aligned_x=false,axis=y,axis_along_first=true,facing=north,positive=false'
[21May2026 14:41:26.892] [Worker-ResourceReload-3/WARN] [net.minecraft.client.resources.model.BlockStateModelLoader/]: Exception loading blockstate definition: 'createpropulsion:blockstates/tilt_adapter.json' missing model for variant: 'createpropulsion:tilt_adapter#aligned_x=true,axis=z,axis_along_first=false,facing=west,positive=true'
[21May2026 14:41:26.892] [Worker-ResourceReload-3/WARN] [net.minecraft.client.resources.model.BlockStateModelLoader/]: Exception loading blockstate definition: 'createpropulsion:blockstates/tilt_adapter.json' missing model for variant: 'createpropulsion:tilt_adapter#aligned_x=false,axis=y,axis_along_first=true,facing=east,positive=false'
[21May2026 14:41:26.892] [Worker-ResourceReload-3/WARN] [net.minecraft.client.resources.model.BlockStateModelLoader/]: Exception loading blockstate definition: 'createpropulsion:blockstates/tilt_adapter.json' missing model for variant: 'createpropulsion:tilt_adapter#aligned_x=false,axis=y,axis_along_first=true,facing=south,positive=true'
[21May2026 14:41:26.892] [Worker-ResourceReload-3/WARN] [net.minecraft.client.resources.model.BlockStateModelLoader/]: Exception loading blockstate definition: 'createpropulsion:blockstates/tilt_adapter.json' missing model for variant: 'createpropulsion:tilt_adapter#aligned_x=true,axis=x,axis_along_first=false,facing=north,positive=false'
[21May2026 14:41:26.892] [Worker-ResourceReload-3/WARN] [net.minecraft.client.resources.model.BlockStateModelLoader/]: Exception loading blockstate definition: 'createpropulsion:blockstates/tilt_adapter.json' missing model for variant: 'createpropulsion:tilt_adapter#aligned_x=true,axis=z,axis_along_first=true,facing=up,positive=false'
[21May2026 14:41:26.892] [Worker-ResourceReload-3/WARN] [net.minecraft.client.resources.model.BlockStateModelLoader/]: Exception loading blockstate definition: 'createpropulsion:blockstates/tilt_adapter.json' missing model for variant: 'createpropulsion:tilt_adapter#aligned_x=false,axis=z,axis_along_first=false,facing=east,positive=true'
[21May2026 14:41:26.892] [Worker-ResourceReload-3/WARN] [net.minecraft.client.resources.model.BlockStateModelLoader/]: Exception loading blockstate definition: 'createpropulsion:blockstates/tilt_adapter.json' missing model for variant: 'createpropulsion:tilt_adapter#aligned_x=false,axis=z,axis_along_first=true,facing=west,positive=false'
[21May2026 14:41:26.892] [Worker-ResourceReload-3/WARN] [net.minecraft.client.resources.model.BlockStateModelLoader/]: Exception loading blockstate definition: 'createpropulsion:blockstates/tilt_adapter.json' missing model for variant: 'createpropulsion:tilt_adapter#aligned_x=true,axis=x,axis_along_first=true,facing=north,positive=true'
[21May2026 14:41:26.892] [Worker-ResourceReload-3/WARN] [net.minecraft.client.resources.model.BlockStateModelLoader/]: Exception loading blockstate definition: 'createpropulsion:blockstates/tilt_adapter.json' missing model for variant: 'createpropulsion:tilt_adapter#aligned_x=false,axis=z,axis_along_first=false,facing=west,positive=false'
[21May2026 14:41:26.892] [Worker-ResourceReload-3/WARN] [net.minecraft.client.resources.model.BlockStateModelLoader/]: Exception loading blockstate definition: 'createpropulsion:blockstates/tilt_adapter.json' missing model for variant: 'createpropulsion:tilt_adapter#aligned_x=true,axis=y,axis_along_first=false,facing=east,positive=false'
[21May2026 14:41:26.892] [Worker-ResourceReload-3/WARN] [net.minecraft.client.resources.model.BlockStateModelLoader/]: Exception loading blockstate definition: 'createpropulsion:blockstates/tilt_adapter.json' missing model for variant: 'createpropulsion:tilt_adapter#aligned_x=true,axis=z,axis_along_first=false,facing=west,positive=false'
[21May2026 14:41:26.892] [Worker-ResourceReload-3/WARN] [net.minecraft.client.resources.model.BlockStateModelLoader/]: Exception loading blockstate definition: 'createpropulsion:blockstates/tilt_adapter.json' missing model for variant: 'createpropulsion:tilt_adapter#aligned_x=true,axis=x,axis_along_first=false,facing=down,positive=false'
[21May2026 14:41:26.892] [Worker-ResourceReload-3/WARN] [net.minecraft.client.resources.model.BlockStateModelLoader/]: Exception loading blockstate definition: 'createpropulsion:blockstates/tilt_adapter.json' missing model for variant: 'createpropulsion:tilt_adapter#aligned_x=false,axis=x,axis_along_first=true,facing=north,positive=false'
[21May2026 14:41:26.892] [Worker-ResourceReload-3/WARN] [net.minecraft.client.resources.model.BlockStateModelLoader/]: Exception loading blockstate definition: 'createpropulsion:blockstates/tilt_adapter.json' missing model for variant: 'createpropulsion:tilt_adapter#aligned_x=false,axis=y,axis_along_first=false,facing=south,positive=false'
[21May2026 14:41:26.892] [Worker-ResourceReload-3/WARN] [net.minecraft.client.resources.model.BlockStateModelLoader/]: Exception loading blockstate definition: 'createpropulsion:blockstates/tilt_adapter.json' missing model for variant: 'createpropulsion:tilt_adapter#aligned_x=true,axis=y,axis_along_first=false,facing=south,positive=true'
[21May2026 14:41:26.892] [Worker-ResourceReload-3/WARN] [net.minecraft.client.resources.model.BlockStateModelLoader/]: Exception loading blockstate definition: 'createpropulsion:blockstates/tilt_adapter.json' missing model for variant: 'createpropulsion:tilt_adapter#aligned_x=false,axis=z,axis_along_first=true,facing=east,positive=true'
[21May2026 14:41:26.892] [Worker-ResourceReload-3/WARN] [net.minecraft.client.resources.model.BlockStateModelLoader/]: Exception loading blockstate definition: 'createpropulsion:blockstates/tilt_adapter.json' missing model for variant: 'createpropulsion:tilt_adapter#aligned_x=true,axis=z,axis_along_first=false,facing=up,positive=true'
[21May2026 14:41:26.892] [Worker-ResourceReload-3/WARN] [net.minecraft.client.resources.model.BlockStateModelLoader/]: Exception loading blockstate definition: 'createpropulsion:blockstates/tilt_adapter.json' missing model for variant: 'createpropulsion:tilt_adapter#aligned_x=true,axis=y,axis_along_first=false,facing=east,positive=true'
[21May2026 14:41:26.892] [Worker-ResourceReload-3/WARN] [net.minecraft.client.resources.model.BlockStateModelLoader/]: Exception loading blockstate definition: 'createpropulsion:blockstates/tilt_adapter.json' missing model for variant: 'createpropulsion:tilt_adapter#aligned_x=true,axis=x,axis_along_first=false,facing=south,positive=false'
[21May2026 14:41:26.892] [Worker-ResourceReload-3/WARN] [net.minecraft.client.resources.model.BlockStateModelLoader/]: Exception loading blockstate definition: 'createpropulsion:blockstates/tilt_adapter.json' missing model for variant: 'createpropulsion:tilt_adapter#aligned_x=true,axis=x,axis_along_first=false,facing=up,positive=true'
[21May2026 14:41:26.892] [Worker-ResourceReload-3/WARN] [net.minecraft.client.resources.model.BlockStateModelLoader/]: Exception loading blockstate definition: 'createpropulsion:blockstates/tilt_adapter.json' missing model for variant: 'createpropulsion:tilt_adapter#aligned_x=true,axis=x,axis_along_first=true,facing=south,positive=true'
[21May2026 14:41:26.892] [Worker-ResourceReload-3/WARN] [net.minecraft.client.resources.model.BlockStateModelLoader/]: Exception loading blockstate definition: 'createpropulsion:blockstates/tilt_adapter.json' missing model for variant: 'createpropulsion:tilt_adapter#aligned_x=true,axis=z,axis_along_first=true,facing=west,positive=true'
[21May2026 14:41:26.892] [Worker-ResourceReload-3/WARN] [net.minecraft.client.resources.model.BlockStateModelLoader/]: Exception loading blockstate definition: 'createpropulsion:blockstates/tilt_adapter.json' missing model for variant: 'createpropulsion:tilt_adapter#aligned_x=false,axis=x,axis_along_first=false,facing=down,positive=false'
[21May2026 14:41:26.892] [Worker-ResourceReload-3/WARN] [net.minecraft.client.resources.model.BlockStateModelLoader/]: Exception loading blockstate definition: 'createpropulsion:blockstates/tilt_adapter.json' missing model for variant: 'createpropulsion:tilt_adapter#aligned_x=false,axis=z,axis_along_first=true,facing=up,positive=false'
[21May2026 14:41:26.892] [Worker-ResourceReload-3/WARN] [net.minecraft.client.resources.model.BlockStateModelLoader/]: Exception loading blockstate definition: 'createpropulsion:blockstates/tilt_adapter.json' missing model for variant: 'createpropulsion:tilt_adapter#aligned_x=false,axis=y,axis_along_first=false,facing=west,positive=true'
[21May2026 14:41:26.892] [Worker-ResourceReload-3/WARN] [net.minecraft.client.resources.model.BlockStateModelLoader/]: Exception loading blockstate definition: 'createpropulsion:blockstates/tilt_adapter.json' missing model for variant: 'createpropulsion:tilt_adapter#aligned_x=false,axis=y,axis_along_first=false,facing=east,positive=false'
[21May2026 14:41:26.892] [Worker-ResourceReload-3/WARN] [net.minecraft.client.resources.model.BlockStateModelLoader/]: Exception loading blockstate definition: 'createpropulsion:blockstates/tilt_adapter.json' missing model for variant: 'createpropulsion:tilt_adapter#aligned_x=false,axis=z,axis_along_first=false,facing=west,positive=true'
[21May2026 14:41:26.893] [Worker-ResourceReload-3/WARN] [net.minecraft.client.resources.model.BlockStateModelLoader/]: Exception loading blockstate definition: 'createpropulsion:blockstates/tilt_adapter.json' missing model for variant: 'createpropulsion:tilt_adapter#aligned_x=false,axis=y,axis_along_first=false,facing=south,positive=true'
[21May2026 14:41:26.893] [Worker-ResourceReload-3/WARN] [net.minecraft.client.resources.model.BlockStateModelLoader/]: Exception loading blockstate definition: 'createpropulsion:blockstates/tilt_adapter.json' missing model for variant: 'createpropulsion:tilt_adapter#aligned_x=false,axis=z,axis_along_first=true,facing=down,positive=true'
[21May2026 14:41:26.893] [Worker-ResourceReload-3/WARN] [net.minecraft.client.resources.model.BlockStateModelLoader/]: Exception loading blockstate definition: 'createpropulsion:blockstates/tilt_adapter.json' missing model for variant: 'createpropulsion:tilt_adapter#aligned_x=true,axis=x,axis_along_first=true,facing=north,positive=false'
[21May2026 14:41:26.893] [Worker-ResourceReload-3/WARN] [net.minecraft.client.resources.model.BlockStateModelLoader/]: Exception loading blockstate definition: 'createpropulsion:blockstates/tilt_adapter.json' missing model for variant: 'createpropulsion:tilt_adapter#aligned_x=false,axis=x,axis_along_first=false,facing=up,positive=true'
[21May2026 14:41:26.893] [Worker-ResourceReload-3/WARN] [net.minecraft.client.resources.model.BlockStateModelLoader/]: Exception loading blockstate definition: 'createpropulsion:blockstates/tilt_adapter.json' missing model for variant: 'createpropulsion:tilt_adapter#aligned_x=true,axis=x,axis_along_first=false,facing=down,positive=true'
[21May2026 14:41:26.893] [Worker-ResourceReload-3/WARN] [net.minecraft.client.resources.model.BlockStateModelLoader/]: Exception loading blockstate definition: 'createpropulsion:blockstates/tilt_adapter.json' missing model for variant: 'createpropulsion:tilt_adapter#aligned_x=false,axis=y,axis_along_first=true,facing=west,positive=false'
[21May2026 14:41:26.893] [Worker-ResourceReload-3/WARN] [net.minecraft.client.resources.model.BlockStateModelLoader/]: Exception loading blockstate definition: 'createpropulsion:blockstates/tilt_adapter.json' missing model for variant: 'createpropulsion:tilt_adapter#aligned_x=false,axis=x,axis_along_first=true,facing=down,positive=true'
[21May2026 14:41:26.893] [Worker-ResourceReload-3/WARN] [net.minecraft.client.resources.model.BlockStateModelLoader/]: Exception loading blockstate definition: 'createpropulsion:blockstates/tilt_adapter.json' missing model for variant: 'createpropulsion:tilt_adapter#aligned_x=false,axis=y,axis_along_first=false,facing=east,positive=true'
[21May2026 14:41:26.893] [Worker-ResourceReload-3/WARN] [net.minecraft.client.resources.model.BlockStateModelLoader/]: Exception loading blockstate definition: 'createpropulsion:blockstates/tilt_adapter.json' missing model for variant: 'createpropulsion:tilt_adapter#aligned_x=true,axis=y,axis_along_first=false,facing=west,positive=false'
[21May2026 14:41:26.893] [Worker-ResourceReload-3/WARN] [net.minecraft.client.resources.model.BlockStateModelLoader/]: Exception loading blockstate definition: 'createpropulsion:blockstates/tilt_adapter.json' missing model for variant: 'createpropulsion:tilt_adapter#aligned_x=true,axis=z,axis_along_first=true,facing=east,positive=true'
[21May2026 14:41:26.893] [Worker-ResourceReload-3/WARN] [net.minecraft.client.resources.model.BlockStateModelLoader/]: Exception loading blockstate definition: 'createpropulsion:blockstates/tilt_adapter.json' missing model for variant: 'createpropulsion:tilt_adapter#aligned_x=true,axis=x,axis_along_first=false,facing=up,positive=false'
[21May2026 14:41:26.893] [Worker-ResourceReload-3/WARN] [net.minecraft.client.resources.model.BlockStateModelLoader/]: Exception loading blockstate definition: 'createpropulsion:blockstates/tilt_adapter.json' missing model for variant: 'createpropulsion:tilt_adapter#aligned_x=false,axis=y,axis_along_first=false,facing=north,positive=true'
[21May2026 14:41:26.893] [Worker-ResourceReload-3/WARN] [net.minecraft.client.resources.model.BlockStateModelLoader/]: Exception loading blockstate definition: 'createpropulsion:blockstates/tilt_adapter.json' missing model for variant: 'createpropulsion:tilt_adapter#aligned_x=true,axis=x,axis_along_first=true,facing=south,positive=false'
[21May2026 14:41:26.893] [Worker-ResourceReload-3/WARN] [net.minecraft.client.resources.model.BlockStateModelLoader/]: Exception loading blockstate definition: 'createpropulsion:blockstates/tilt_adapter.json' missing model for variant: 'createpropulsion:tilt_adapter#aligned_x=true,axis=z,axis_along_first=false,facing=east,positive=false'
[21May2026 14:41:26.893] [Worker-ResourceReload-3/WARN] [net.minecraft.client.resources.model.BlockStateModelLoader/]: Exception loading blockstate definition: 'createpropulsion:blockstates/tilt_adapter.json' missing model for variant: 'createpropulsion:tilt_adapter#aligned_x=false,axis=z,axis_along_first=false,facing=up,positive=true'
[21May2026 14:41:26.893] [Worker-ResourceReload-3/WARN] [net.minecraft.client.resources.model.BlockStateModelLoader/]: Exception loading blockstate definition: 'createpropulsion:blockstates/tilt_adapter.json' missing model for variant: 'createpropulsion:tilt_adapter#aligned_x=false,axis=x,axis_along_first=true,facing=south,positive=true'
[21May2026 14:41:26.893] [Worker-ResourceReload-3/WARN] [net.minecraft.client.resources.model.BlockStateModelLoader/]: Exception loading blockstate definition: 'createpropulsion:blockstates/tilt_adapter.json' missing model for variant: 'createpropulsion:tilt_adapter#aligned_x=false,axis=z,axis_along_first=true,facing=down,positive=false'
[21May2026 14:41:26.893] [Worker-ResourceReload-3/WARN] [net.minecraft.client.resources.model.BlockStateModelLoader/]: Exception loading blockstate definition: 'createpropulsion:blockstates/tilt_adapter.json' missing model for variant: 'createpropulsion:tilt_adapter#aligned_x=true,axis=y,axis_along_first=true,facing=west,positive=false'
[21May2026 14:41:26.893] [Worker-ResourceReload-3/WARN] [net.minecraft.client.resources.model.BlockStateModelLoader/]: Exception loading blockstate definition: 'createpropulsion:blockstates/tilt_adapter.json' missing model for variant: 'createpropulsion:tilt_adapter#aligned_x=true,axis=x,axis_along_first=false,facing=north,positive=true'
[21May2026 14:41:26.893] [Worker-ResourceReload-3/WARN] [net.minecraft.client.resources.model.BlockStateModelLoader/]: Exception loading blockstate definition: 'createpropulsion:blockstates/tilt_adapter.json' missing model for variant: 'createpropulsion:tilt_adapter#aligned_x=true,axis=y,axis_along_first=false,facing=west,positive=true'
[21May2026 14:41:26.893] [Worker-ResourceReload-3/WARN] [net.minecraft.client.resources.model.BlockStateModelLoader/]: Exception loading blockstate definition: 'createpropulsion:blockstates/tilt_adapter.json' missing model for variant: 'createpropulsion:tilt_adapter#aligned_x=true,axis=x,axis_along_first=true,facing=down,positive=false'
[21May2026 14:41:26.893] [Worker-ResourceReload-3/WARN] [net.minecraft.client.resources.model.BlockStateModelLoader/]: Exception loading blockstate definition: 'createpropulsion:blockstates/tilt_adapter.json' missing model for variant: 'createpropulsion:tilt_adapter#aligned_x=false,axis=x,axis_along_first=false,facing=south,positive=false'
[21May2026 14:41:26.893] [Worker-ResourceReload-3/WARN] [net.minecraft.client.resources.model.BlockStateModelLoader/]: Exception loading blockstate definition: 'createpropulsion:blockstates/tilt_adapter.json' missing model for variant: 'createpropulsion:tilt_adapter#aligned_x=true,axis=y,axis_along_first=false,facing=north,positive=false'
[21May2026 14:41:26.893] [Worker-ResourceReload-3/WARN] [net.minecraft.client.resources.model.BlockStateModelLoader/]: Exception loading blockstate definition: 'createpropulsion:blockstates/tilt_adapter.json' missing model for variant: 'createpropulsion:tilt_adapter#aligned_x=false,axis=x,axis_along_first=true,facing=down,positive=false'
[21May2026 14:41:26.893] [Worker-ResourceReload-3/WARN] [net.minecraft.client.resources.model.BlockStateModelLoader/]: Exception loading blockstate definition: 'createpropulsion:blockstates/tilt_adapter.json' missing model for variant: 'createpropulsion:tilt_adapter#aligned_x=true,axis=z,axis_along_first=true,facing=down,positive=false'
[21May2026 14:41:26.893] [Worker-ResourceReload-3/WARN] [net.minecraft.client.resources.model.BlockStateModelLoader/]: Exception loading blockstate definition: 'createpropulsion:blockstates/tilt_adapter.json' missing model for variant: 'createpropulsion:tilt_adapter#aligned_x=false,axis=y,axis_along_first=true,facing=south,positive=false'
[21May2026 14:41:26.893] [Worker-ResourceReload-3/WARN] [net.minecraft.client.resources.model.BlockStateModelLoader/]: Exception loading blockstate definition: 'createpropulsion:blockstates/tilt_adapter.json' missing model for variant: 'createpropulsion:tilt_adapter#aligned_x=true,axis=x,axis_along_first=true,facing=down,positive=true'
[21May2026 14:41:26.893] [Worker-ResourceReload-3/WARN] [net.minecraft.client.resources.model.BlockStateModelLoader/]: Exception loading blockstate definition: 'createpropulsion:blockstates/tilt_adapter.json' missing model for variant: 'createpropulsion:tilt_adapter#aligned_x=false,axis=y,axis_along_first=true,facing=west,positive=true'
[21May2026 14:41:26.893] [Worker-ResourceReload-3/WARN] [net.minecraft.client.resources.model.BlockStateModelLoader/]: Exception loading blockstate definition: 'createpropulsion:blockstates/tilt_adapter.json' missing model for variant: 'createpropulsion:tilt_adapter#aligned_x=true,axis=y,axis_along_first=true,facing=north,positive=false'
[21May2026 14:41:26.893] [Worker-ResourceReload-3/WARN] [net.minecraft.client.resources.model.BlockStateModelLoader/]: Exception loading blockstate definition: 'createpropulsion:blockstates/tilt_adapter.json' missing model for variant: 'createpropulsion:tilt_adapter#aligned_x=false,axis=x,axis_along_first=false,facing=south,positive=true'
[21May2026 14:41:26.893] [Worker-ResourceReload-3/WARN] [net.minecraft.client.resources.model.BlockStateModelLoader/]: Exception loading blockstate definition: 'createpropulsion:blockstates/tilt_adapter.json' missing model for variant: 'createpropulsion:tilt_adapter#aligned_x=false,axis=x,axis_along_first=false,facing=up,positive=false'
[21May2026 14:41:26.893] [Worker-ResourceReload-3/WARN] [net.minecraft.client.resources.model.BlockStateModelLoader/]: Exception loading blockstate definition: 'createpropulsion:blockstates/tilt_adapter.json' missing model for variant: 'createpropulsion:tilt_adapter#aligned_x=true,axis=y,axis_along_first=true,facing=south,positive=false'
[21May2026 14:41:26.893] [Worker-ResourceReload-3/WARN] [net.minecraft.client.resources.model.BlockStateModelLoader/]: Exception loading blockstate definition: 'createpropulsion:blockstates/tilt_adapter.json' missing model for variant: 'createpropulsion:tilt_adapter#aligned_x=true,axis=z,axis_along_first=true,facing=up,positive=true'
[21May2026 14:41:26.893] [Worker-ResourceReload-3/WARN] [net.minecraft.client.resources.model.BlockStateModelLoader/]: Exception loading blockstate definition: 'createpropulsion:blockstates/tilt_adapter.json' missing model for variant: 'createpropulsion:tilt_adapter#aligned_x=true,axis=z,axis_along_first=false,facing=down,positive=false'
[21May2026 14:41:26.894] [Worker-ResourceReload-3/WARN] [net.minecraft.client.resources.model.BlockStateModelLoader/]: Exception loading blockstate definition: 'createpropulsion:blockstates/tilt_adapter.json' missing model for variant: 'createpropulsion:tilt_adapter#aligned_x=false,axis=z,axis_along_first=true,facing=up,positive=true'
[21May2026 14:41:26.894] [Worker-ResourceReload-3/WARN] [net.minecraft.client.resources.model.BlockStateModelLoader/]: Exception loading blockstate definition: 'createpropulsion:blockstates/tilt_adapter.json' missing model for variant: 'createpropulsion:tilt_adapter#aligned_x=true,axis=z,axis_along_first=false,facing=east,positive=true'
[21May2026 14:41:26.894] [Worker-ResourceReload-3/WARN] [net.minecraft.client.resources.model.BlockStateModelLoader/]: Exception loading blockstate definition: 'createpropulsion:blockstates/tilt_adapter.json' missing model for variant: 'createpropulsion:tilt_adapter#aligned_x=false,axis=y,axis_along_first=true,facing=east,positive=true'
[21May2026 14:41:26.894] [Worker-ResourceReload-3/WARN] [net.minecraft.client.resources.model.BlockStateModelLoader/]: Exception loading blockstate definition: 'createpropulsion:blockstates/tilt_adapter.json' missing model for variant: 'createpropulsion:tilt_adapter#aligned_x=true,axis=z,axis_along_first=true,facing=down,positive=true'
[21May2026 14:41:26.894] [Worker-ResourceReload-3/WARN] [net.minecraft.client.resources.model.BlockStateModelLoader/]: Exception loading blockstate definition: 'createpropulsion:blockstates/tilt_adapter.json' missing model for variant: 'createpropulsion:tilt_adapter#aligned_x=true,axis=y,axis_along_first=true,facing=east,positive=false'
[21May2026 14:41:26.894] [Worker-ResourceReload-3/WARN] [net.minecraft.client.resources.model.BlockStateModelLoader/]: Exception loading blockstate definition: 'createpropulsion:blockstates/tilt_adapter.json' missing model for variant: 'createpropulsion:tilt_adapter#aligned_x=true,axis=y,axis_along_first=false,facing=north,positive=true'
[21May2026 14:41:26.894] [Worker-ResourceReload-3/WARN] [net.minecraft.client.resources.model.BlockStateModelLoader/]: Exception loading blockstate definition: 'createpropulsion:blockstates/tilt_adapter.json' missing model for variant: 'createpropulsion:tilt_adapter#aligned_x=false,axis=y,axis_along_first=false,facing=north,positive=false'
[21May2026 14:41:26.894] [Worker-ResourceReload-3/WARN] [net.minecraft.client.resources.model.BlockStateModelLoader/]: Exception loading blockstate definition: 'createpropulsion:blockstates/tilt_adapter.json' missing model for variant: 'createpropulsion:tilt_adapter#aligned_x=false,axis=x,axis_along_first=false,facing=north,positive=true'
[21May2026 14:41:26.894] [Worker-ResourceReload-3/WARN] [net.minecraft.client.resources.model.BlockStateModelLoader/]: Exception loading blockstate definition: 'createpropulsion:blockstates/tilt_adapter.json' missing model for variant: 'createpropulsion:tilt_adapter#aligned_x=false,axis=z,axis_along_first=false,facing=down,positive=false'
[21May2026 14:41:26.894] [Worker-ResourceReload-3/WARN] [net.minecraft.client.resources.model.BlockStateModelLoader/]: Exception loading blockstate definition: 'createpropulsion:blockstates/tilt_adapter.json' missing model for variant: 'createpropulsion:tilt_adapter#aligned_x=true,axis=y,axis_along_first=false,facing=south,positive=false'
[21May2026 14:41:26.894] [Worker-ResourceReload-3/WARN] [net.minecraft.client.resources.model.BlockStateModelLoader/]: Exception loading blockstate definition: 'createpropulsion:blockstates/tilt_adapter.json' missing model for variant: 'createpropulsion:tilt_adapter#aligned_x=true,axis=z,axis_along_first=true,facing=east,positive=false'
[21May2026 14:41:26.894] [Worker-ResourceReload-3/WARN] [net.minecraft.client.resources.model.BlockStateModelLoader/]: Exception loading blockstate definition: 'createpropulsion:blockstates/tilt_adapter.json' missing model for variant: 'createpropulsion:tilt_adapter#aligned_x=false,axis=z,axis_along_first=false,facing=up,positive=false'
[21May2026 14:41:26.894] [Worker-ResourceReload-3/WARN] [net.minecraft.client.resources.model.BlockStateModelLoader/]: Exception loading blockstate definition: 'createpropulsion:blockstates/tilt_adapter.json' missing model for variant: 'createpropulsion:tilt_adapter#aligned_x=false,axis=z,axis_along_first=true,facing=east,positive=false'
[21May2026 14:41:26.894] [Worker-ResourceReload-3/WARN] [net.minecraft.client.resources.model.BlockStateModelLoader/]: Exception loading blockstate definition: 'createpropulsion:blockstates/tilt_adapter.json' missing model for variant: 'createpropulsion:tilt_adapter#aligned_x=true,axis=y,axis_along_first=true,facing=south,positive=true'
[21May2026 14:41:26.894] [Worker-ResourceReload-3/WARN] [net.minecraft.client.resources.model.BlockStateModelLoader/]: Exception loading blockstate definition: 'createpropulsion:blockstates/tilt_adapter.json' missing model for variant: 'createpropulsion:tilt_adapter#aligned_x=false,axis=x,axis_along_first=true,facing=south,positive=false'
[21May2026 14:41:26.894] [Worker-ResourceReload-3/WARN] [net.minecraft.client.resources.model.BlockStateModelLoader/]: Exception loading blockstate definition: 'createpropulsion:blockstates/tilt_adapter.json' missing model for variant: 'createpropulsion:tilt_adapter#aligned_x=false,axis=y,axis_along_first=false,facing=west,positive=false'
[21May2026 14:41:26.894] [Worker-ResourceReload-3/WARN] [net.minecraft.client.resources.model.BlockStateModelLoader/]: Exception loading blockstate definition: 'createpropulsion:blockstates/tilt_adapter.json' missing model for variant: 'createpropulsion:tilt_adapter#aligned_x=false,axis=z,axis_along_first=true,facing=west,positive=true'
[21May2026 14:41:26.894] [Worker-ResourceReload-3/WARN] [net.minecraft.client.resources.model.BlockStateModelLoader/]: Exception loading blockstate definition: 'createpropulsion:blockstates/tilt_adapter.json' missing model for variant: 'createpropulsion:tilt_adapter#aligned_x=true,axis=y,axis_along_first=true,facing=west,positive=true'
[21May2026 14:41:26.894] [Worker-ResourceReload-3/WARN] [net.minecraft.client.resources.model.BlockStateModelLoader/]: Exception loading blockstate definition: 'createpropulsion:blockstates/tilt_adapter.json' missing model for variant: 'createpropulsion:tilt_adapter#aligned_x=true,axis=y,axis_along_first=true,facing=north,positive=true'
[21May2026 14:41:26.894] [Worker-ResourceReload-3/WARN] [net.minecraft.client.resources.model.BlockStateModelLoader/]: Exception loading blockstate definition: 'createpropulsion:blockstates/tilt_adapter.json' missing model for variant: 'createpropulsion:tilt_adapter#aligned_x=true,axis=y,axis_along_first=true,facing=east,positive=true'
[21May2026 14:41:26.894] [Worker-ResourceReload-3/WARN] [net.minecraft.client.resources.model.BlockStateModelLoader/]: Exception loading blockstate definition: 'createpropulsion:blockstates/tilt_adapter.json' missing model for variant: 'createpropulsion:tilt_adapter#aligned_x=false,axis=z,axis_along_first=false,facing=down,positive=true'
[21May2026 14:41:26.894] [Worker-ResourceReload-3/WARN] [net.minecraft.client.resources.model.BlockStateModelLoader/]: Exception loading blockstate definition: 'createpropulsion:blockstates/tilt_adapter.json' missing model for variant: 'createpropulsion:tilt_adapter#aligned_x=false,axis=y,axis_along_first=true,facing=north,positive=true'
[21May2026 14:41:26.894] [Worker-ResourceReload-3/WARN] [net.minecraft.client.resources.model.BlockStateModelLoader/]: Exception loading blockstate definition: 'createpropulsion:blockstates/tilt_adapter.json' missing model for variant: 'createpropulsion:tilt_adapter#aligned_x=true,axis=z,axis_along_first=false,facing=down,positive=true'
[21May2026 14:41:26.894] [Worker-ResourceReload-3/WARN] [net.minecraft.client.resources.model.BlockStateModelLoader/]: Exception loading blockstate definition: 'createpropulsion:blockstates/tilt_adapter.json' missing model for variant: 'createpropulsion:tilt_adapter#aligned_x=false,axis=x,axis_along_first=true,facing=up,positive=false'
[21May2026 14:41:26.894] [Worker-ResourceReload-3/WARN] [net.minecraft.client.resources.model.BlockStateModelLoader/]: Exception loading blockstate definition: 'createpropulsion:blockstates/tilt_adapter.json' missing model for variant: 'createpropulsion:tilt_adapter#aligned_x=false,axis=x,axis_along_first=false,facing=north,positive=false'
[21May2026 14:41:26.925] [Worker-ResourceReload-3/WARN] [net.minecraft.client.resources.model.BlockStateModelLoader/]: Exception loading blockstate definition: 'createpropulsion:blockstates/coral.json' missing model for variant: 'createpropulsion:coral#level=5'
[21May2026 14:41:26.925] [Worker-ResourceReload-3/WARN] [net.minecraft.client.resources.model.BlockStateModelLoader/]: Exception loading blockstate definition: 'createpropulsion:blockstates/coral.json' missing model for variant: 'createpropulsion:coral#level=6'
[21May2026 14:41:26.925] [Worker-ResourceReload-3/WARN] [net.minecraft.client.resources.model.BlockStateModelLoader/]: Exception loading blockstate definition: 'createpropulsion:blockstates/coral.json' missing model for variant: 'createpropulsion:coral#level=3'
[21May2026 14:41:26.925] [Worker-ResourceReload-3/WARN] [net.minecraft.client.resources.model.BlockStateModelLoader/]: Exception loading blockstate definition: 'createpropulsion:blockstates/coral.json' missing model for variant: 'createpropulsion:coral#level=4'
[21May2026 14:41:26.925] [Worker-ResourceReload-3/WARN] [net.minecraft.client.resources.model.BlockStateModelLoader/]: Exception loading blockstate definition: 'createpropulsion:blockstates/coral.json' missing model for variant: 'createpropulsion:coral#level=1'
[21May2026 14:41:26.925] [Worker-ResourceReload-3/WARN] [net.minecraft.client.resources.model.BlockStateModelLoader/]: Exception loading blockstate definition: 'createpropulsion:blockstates/coral.json' missing model for variant: 'createpropulsion:coral#level=2'
[21May2026 14:41:26.925] [Worker-ResourceReload-3/WARN] [net.minecraft.client.resources.model.BlockStateModelLoader/]: Exception loading blockstate definition: 'createpropulsion:blockstates/coral.json' missing model for variant: 'createpropulsion:coral#level=0'
[21May2026 14:41:26.925] [Worker-ResourceReload-3/WARN] [net.minecraft.client.resources.model.BlockStateModelLoader/]: Exception loading blockstate definition: 'createpropulsion:blockstates/coral.json' missing model for variant: 'createpropulsion:coral#level=14'
[21May2026 14:41:26.925] [Worker-ResourceReload-3/WARN] [net.minecraft.client.resources.model.BlockStateModelLoader/]: Exception loading blockstate definition: 'createpropulsion:blockstates/coral.json' missing model for variant: 'createpropulsion:coral#level=15'
[21May2026 14:41:26.925] [Worker-ResourceReload-3/WARN] [net.minecraft.client.resources.model.BlockStateModelLoader/]: Exception loading blockstate definition: 'createpropulsion:blockstates/coral.json' missing model for variant: 'createpropulsion:coral#level=12'
[21May2026 14:41:26.925] [Worker-ResourceReload-3/WARN] [net.minecraft.client.resources.model.BlockStateModelLoader/]: Exception loading blockstate definition: 'createpropulsion:blockstates/coral.json' missing model for variant: 'createpropulsion:coral#level=13'
[21May2026 14:41:26.925] [Worker-ResourceReload-3/WARN] [net.minecraft.client.resources.model.BlockStateModelLoader/]: Exception loading blockstate definition: 'createpropulsion:blockstates/coral.json' missing model for variant: 'createpropulsion:coral#level=9'
[21May2026 14:41:26.925] [Worker-ResourceReload-3/WARN] [net.minecraft.client.resources.model.BlockStateModelLoader/]: Exception loading blockstate definition: 'createpropulsion:blockstates/coral.json' missing model for variant: 'createpropulsion:coral#level=10'
[21May2026 14:41:26.925] [Worker-ResourceReload-3/WARN] [net.minecraft.client.resources.model.BlockStateModelLoader/]: Exception loading blockstate definition: 'createpropulsion:blockstates/coral.json' missing model for variant: 'createpropulsion:coral#level=11'
[21May2026 14:41:26.926] [Worker-ResourceReload-3/WARN] [net.minecraft.client.resources.model.BlockStateModelLoader/]: Exception loading blockstate definition: 'createpropulsion:blockstates/coral.json' missing model for variant: 'createpropulsion:coral#level=7'
[21May2026 14:41:26.926] [Worker-ResourceReload-3/WARN] [net.minecraft.client.resources.model.BlockStateModelLoader/]: Exception loading blockstate definition: 'createpropulsion:blockstates/coral.json' missing model for variant: 'createpropulsion:coral#level=8'
[21May2026 14:41:26.926] [Worker-ResourceReload-3/WARN] [net.minecraft.client.resources.model.BlockStateModelLoader/]: Exception loading blockstate definition: 'createpropulsion:blockstates/oxidizer.json' missing model for variant: 'createpropulsion:oxidizer#level=1'
[21May2026 14:41:26.926] [Worker-ResourceReload-3/WARN] [net.minecraft.client.resources.model.BlockStateModelLoader/]: Exception loading blockstate definition: 'createpropulsion:blockstates/oxidizer.json' missing model for variant: 'createpropulsion:oxidizer#level=0'
[21May2026 14:41:26.926] [Worker-ResourceReload-3/WARN] [net.minecraft.client.resources.model.BlockStateModelLoader/]: Exception loading blockstate definition: 'createpropulsion:blockstates/oxidizer.json' missing model for variant: 'createpropulsion:oxidizer#level=3'
[21May2026 14:41:26.926] [Worker-ResourceReload-3/WARN] [net.minecraft.client.resources.model.BlockStateModelLoader/]: Exception loading blockstate definition: 'createpropulsion:blockstates/oxidizer.json' missing model for variant: 'createpropulsion:oxidizer#level=2'
[21May2026 14:41:26.926] [Worker-ResourceReload-3/WARN] [net.minecraft.client.resources.model.BlockStateModelLoader/]: Exception loading blockstate definition: 'createpropulsion:blockstates/oxidizer.json' missing model for variant: 'createpropulsion:oxidizer#level=5'
[21May2026 14:41:26.926] [Worker-ResourceReload-3/WARN] [net.minecraft.client.resources.model.BlockStateModelLoader/]: Exception loading blockstate definition: 'createpropulsion:blockstates/oxidizer.json' missing model for variant: 'createpropulsion:oxidizer#level=4'
[21May2026 14:41:26.926] [Worker-ResourceReload-3/WARN] [net.minecraft.client.resources.model.BlockStateModelLoader/]: Exception loading blockstate definition: 'createpropulsion:blockstates/oxidizer.json' missing model for variant: 'createpropulsion:oxidizer#level=7'
[21May2026 14:41:26.926] [Worker-ResourceReload-3/WARN] [net.minecraft.client.resources.model.BlockStateModelLoader/]: Exception loading blockstate definition: 'createpropulsion:blockstates/oxidizer.json' missing model for variant: 'createpropulsion:oxidizer#level=6'
[21May2026 14:41:26.926] [Worker-ResourceReload-3/WARN] [net.minecraft.client.resources.model.BlockStateModelLoader/]: Exception loading blockstate definition: 'createpropulsion:blockstates/oxidizer.json' missing model for variant: 'createpropulsion:oxidizer#level=9'
[21May2026 14:41:26.926] [Worker-ResourceReload-3/WARN] [net.minecraft.client.resources.model.BlockStateModelLoader/]: Exception loading blockstate definition: 'createpropulsion:blockstates/oxidizer.json' missing model for variant: 'createpropulsion:oxidizer#level=11'
[21May2026 14:41:26.926] [Worker-ResourceReload-3/WARN] [net.minecraft.client.resources.model.BlockStateModelLoader/]: Exception loading blockstate definition: 'createpropulsion:blockstates/oxidizer.json' missing model for variant: 'createpropulsion:oxidizer#level=8'
[21May2026 14:41:26.926] [Worker-ResourceReload-3/WARN] [net.minecraft.client.resources.model.BlockStateModelLoader/]: Exception loading blockstate definition: 'createpropulsion:blockstates/oxidizer.json' missing model for variant: 'createpropulsion:oxidizer#level=12'
[21May2026 14:41:26.926] [Worker-ResourceReload-3/WARN] [net.minecraft.client.resources.model.BlockStateModelLoader/]: Exception loading blockstate definition: 'createpropulsion:blockstates/oxidizer.json' missing model for variant: 'createpropulsion:oxidizer#level=10'
[21May2026 14:41:26.926] [Worker-ResourceReload-3/WARN] [net.minecraft.client.resources.model.BlockStateModelLoader/]: Exception loading blockstate definition: 'createpropulsion:blockstates/oxidizer.json' missing model for variant: 'createpropulsion:oxidizer#level=15'
[21May2026 14:41:26.926] [Worker-ResourceReload-3/WARN] [net.minecraft.client.resources.model.BlockStateModelLoader/]: Exception loading blockstate definition: 'createpropulsion:blockstates/oxidizer.json' missing model for variant: 'createpropulsion:oxidizer#level=13'
[21May2026 14:41:26.926] [Worker-ResourceReload-3/WARN] [net.minecraft.client.resources.model.BlockStateModelLoader/]: Exception loading blockstate definition: 'createpropulsion:blockstates/oxidizer.json' missing model for variant: 'createpropulsion:oxidizer#level=14'
[21May2026 14:41:27.206] [Worker-ResourceReload-3/WARN] [net.minecraft.client.resources.model.ModelBakery/]: Unable to load model: 'dndecor:item/cast_iron_cross_bolt' referenced from: dndecor:item/cast_iron_cross_bolt: java.io.FileNotFoundException: dndecor:models/item/cast_iron_cross_bolt.json
[21May2026 14:41:27.207] [Worker-ResourceReload-3/WARN] [net.minecraft.client.resources.model.ModelBakery/]: Unable to load model: 'dndecor:item/tungsten_cross_bolt' referenced from: dndecor:item/tungsten_cross_bolt: java.io.FileNotFoundException: dndecor:models/item/tungsten_cross_bolt.json
[21May2026 14:41:27.213] [Worker-ResourceReload-3/WARN] [net.minecraft.client.resources.model.ModelBakery/]: Unable to load model: 'dndecor:item/tungsten_dot_bolt' referenced from: dndecor:item/tungsten_dot_bolt: java.io.FileNotFoundException: dndecor:models/item/tungsten_dot_bolt.json
[21May2026 14:41:27.217] [Worker-ResourceReload-3/WARN] [net.minecraft.client.resources.model.ModelBakery/]: Unable to load model: 'minecraft:brass_drone' referenced from: create_sa:item/brass_drone_item: java.io.FileNotFoundException: minecraft:models/brass_drone.json
[21May2026 14:41:27.219] [Worker-ResourceReload-3/WARN] [net.minecraft.client.resources.model.ModelBakery/]: Unable to load model: 'dndecor:item/steel_flat_bolt' referenced from: dndecor:item/steel_flat_bolt: java.io.FileNotFoundException: dndecor:models/item/steel_flat_bolt.json
[21May2026 14:41:27.221] [Worker-ResourceReload-3/WARN] [net.minecraft.client.resources.model.ModelBakery/]: Unable to load model: 'dndecor:item/cast_iron_dash_bolt' referenced from: dndecor:item/cast_iron_dash_bolt: java.io.FileNotFoundException: dndecor:models/item/cast_iron_dash_bolt.json
[21May2026 14:41:27.222] [Worker-ResourceReload-3/WARN] [net.minecraft.client.resources.model.ModelBakery/]: Unable to load model: 'dndecor:item/tungsten_flat_bolt' referenced from: dndecor:item/tungsten_flat_bolt: java.io.FileNotFoundException: dndecor:models/item/tungsten_flat_bolt.json
[21May2026 14:41:27.227] [Worker-ResourceReload-3/WARN] [net.minecraft.client.resources.model.ModelBakery/]: Unable to load model: 'dndecor:item/steel_dot_bolt' referenced from: dndecor:item/steel_dot_bolt: java.io.FileNotFoundException: dndecor:models/item/steel_dot_bolt.json
[21May2026 14:41:27.230] [Worker-ResourceReload-3/WARN] [net.minecraft.client.resources.model.ModelBakery/]: Unable to load model: 'minecraft:chains' referenced from: create_sa:item/chains: java.io.FileNotFoundException: minecraft:models/chains.json
[21May2026 14:41:27.236] [Worker-ResourceReload-3/WARN] [net.minecraft.client.resources.model.ModelBakery/]: Unable to load model: 'dndecor:item/cast_iron_dot_bolt' referenced from: dndecor:item/cast_iron_dot_bolt: java.io.FileNotFoundException: dndecor:models/item/cast_iron_dot_bolt.json
[21May2026 14:41:27.247] [Worker-ResourceReload-3/WARN] [net.minecraft.client.resources.model.ModelBakery/]: Unable to load model: 'dndecor:item/steel_cross_bolt' referenced from: dndecor:item/steel_cross_bolt: java.io.FileNotFoundException: dndecor:models/item/steel_cross_bolt.json
[21May2026 14:41:27.253] [Worker-ResourceReload-3/WARN] [net.minecraft.client.resources.model.ModelBakery/]: Unable to load model: 'dndecor:item/cast_iron_flat_bolt' referenced from: dndecor:item/cast_iron_flat_bolt: java.io.FileNotFoundException: dndecor:models/item/cast_iron_flat_bolt.json
[21May2026 14:41:27.255] [Worker-ResourceReload-3/WARN] [net.minecraft.client.resources.model.ModelBakery/]: Unable to load model: 'dndecor:item/steel_dash_bolt' referenced from: dndecor:item/steel_dash_bolt: java.io.FileNotFoundException: dndecor:models/item/steel_dash_bolt.json
[21May2026 14:41:27.267] [Worker-ResourceReload-3/WARN] [net.minecraft.client.resources.model.ModelBakery/]: Unable to load model: 'minecraft:flamethrower' referenced from: create_sa:item/flamethrower: java.io.FileNotFoundException: minecraft:models/flamethrower.json
[21May2026 14:41:27.273] [Worker-ResourceReload-3/WARN] [net.minecraft.client.resources.model.ModelBakery/]: Unable to load model: 'dndecor:item/tungsten_dash_bolt' referenced from: dndecor:item/tungsten_dash_bolt: java.io.FileNotFoundException: dndecor:models/item/tungsten_dash_bolt.json
[21May2026 14:41:27.398] [Worker-ResourceReload-3/WARN] [net.minecraft.client.resources.model.ModelBakery/]: Unable to load model: 'silentgear:item/trident_icon' referenced from: silentgear:item/trident_icon: java.io.FileNotFoundException: silentgear:models/item/trident_icon.json
[21May2026 14:41:27.403] [Worker-ResourceReload-3/WARN] [net.minecraft.client.resources.model.ModelBakery/]: Unable to load model: 'dndesires:block/gray_propeller' referenced from: dndesires:block/gray_propeller: java.io.FileNotFoundException: dndesires:models/block/gray_propeller.json
[21May2026 14:41:27.403] [Worker-ResourceReload-3/WARN] [net.minecraft.client.resources.model.ModelBakery/]: Unable to load model: 'dndesires:block/light_blue_propeller' referenced from: dndesires:block/light_blue_propeller: java.io.FileNotFoundException: dndesires:models/block/light_blue_propeller.json
[21May2026 14:41:27.403] [Worker-ResourceReload-3/WARN] [net.minecraft.client.resources.model.ModelBakery/]: Unable to load model: 'minecraft:compass_11' referenced from: minecraft:compass_11: java.io.FileNotFoundException: minecraft:models/compass_11.json
[21May2026 14:41:27.403] [Worker-ResourceReload-3/WARN] [net.minecraft.client.resources.model.ModelBakery/]: Unable to load model: 'minecraft:compass_10' referenced from: minecraft:compass_10: java.io.FileNotFoundException: minecraft:models/compass_10.json
[21May2026 14:41:27.414] [Worker-ResourceReload-3/WARN] [net.minecraft.client.resources.model.ModelBakery/]: Unable to load model: 'minecraft:compass_09' referenced from: minecraft:compass_09: java.io.FileNotFoundException: minecraft:models/compass_09.json
[21May2026 14:41:27.417] [Worker-ResourceReload-3/WARN] [net.minecraft.client.resources.model.ModelBakery/]: Unable to load model: 'minecraft:compass' referenced from: minecraft:compass: java.io.FileNotFoundException: minecraft:models/compass.json
[21May2026 14:41:27.418] [Worker-ResourceReload-3/WARN] [net.minecraft.client.resources.model.ModelBakery/]: Unable to load model: 'gnkinetics:block/shaftless_large_andesite_cogwheel' referenced from: gnkinetics:block/shaftless_large_andesite_cogwheel: java.io.FileNotFoundException: gnkinetics:models/block/shaftless_large_andesite_cogwheel.json
[21May2026 14:41:27.418] [Worker-ResourceReload-3/WARN] [net.minecraft.client.resources.model.ModelBakery/]: Unable to load model: 'cbc_at:block/heavy_autocannon/bronze_recoil_spring' referenced from: cbc_at:block/heavy_autocannon/bronze_recoil_spring: java.io.FileNotFoundException: cbc_at:models/block/heavy_autocannon/bronze_recoil_spring.json
[21May2026 14:41:27.418] [Worker-ResourceReload-3/WARN] [net.minecraft.client.resources.model.ModelBakery/]: Unable to load model: 'minecraft:compass_01' referenced from: minecraft:compass_01: java.io.FileNotFoundException: minecraft:models/compass_01.json
[21May2026 14:41:27.418] [Worker-ResourceReload-3/WARN] [net.minecraft.client.resources.model.ModelBakery/]: Unable to load model: 'minecraft:compass_00' referenced from: minecraft:compass_00: java.io.FileNotFoundException: minecraft:models/compass_00.json
[21May2026 14:41:27.418] [Worker-ResourceReload-3/WARN] [net.minecraft.client.resources.model.ModelBakery/]: Unable to load model: 'minecraft:compass_03' referenced from: minecraft:compass_03: java.io.FileNotFoundException: minecraft:models/compass_03.json
[21May2026 14:41:27.418] [Worker-ResourceReload-3/WARN] [net.minecraft.client.resources.model.ModelBakery/]: Unable to load model: 'minecraft:compass_02' referenced from: minecraft:compass_02: java.io.FileNotFoundException: minecraft:models/compass_02.json
[21May2026 14:41:27.418] [Worker-ResourceReload-3/WARN] [net.minecraft.client.resources.model.ModelBakery/]: Unable to load model: 'minecraft:compass_05' referenced from: minecraft:compass_05: java.io.FileNotFoundException: minecraft:models/compass_05.json
[21May2026 14:41:27.418] [Worker-ResourceReload-3/WARN] [net.minecraft.client.resources.model.ModelBakery/]: Unable to load model: 'minecraft:compass_06' referenced from: minecraft:compass_06: java.io.FileNotFoundException: minecraft:models/compass_06.json
[21May2026 14:41:27.419] [Worker-ResourceReload-3/WARN] [net.minecraft.client.resources.model.ModelBakery/]: Unable to load model: 'minecraft:compass_04' referenced from: minecraft:compass_04: java.io.FileNotFoundException: minecraft:models/compass_04.json
[21May2026 14:41:27.419] [Worker-ResourceReload-3/WARN] [net.minecraft.client.resources.model.ModelBakery/]: Unable to load model: 'createcasing:block/shaft/andesite' referenced from: createcasing:block/shaft/andesite: java.io.FileNotFoundException: createcasing:models/block/shaft/andesite.json
[21May2026 14:41:27.419] [Worker-ResourceReload-3/WARN] [net.minecraft.client.resources.model.ModelBakery/]: Unable to load model: 'minecraft:compass_08' referenced from: minecraft:compass_08: java.io.FileNotFoundException: minecraft:models/compass_08.json
[21May2026 14:41:27.421] [Worker-ResourceReload-3/WARN] [net.minecraft.client.resources.model.ModelBakery/]: Unable to load model: 'minecraft:compass_07' referenced from: minecraft:compass_07: java.io.FileNotFoundException: minecraft:models/compass_07.json
[21May2026 14:41:27.422] [Worker-ResourceReload-3/WARN] [net.minecraft.client.resources.model.ModelBakery/]: Unable to load model: 'minecraft:compass_21' referenced from: minecraft:compass_21: java.io.FileNotFoundException: minecraft:models/compass_21.json
[21May2026 14:41:27.423] [Worker-ResourceReload-3/WARN] [net.minecraft.client.resources.model.ModelBakery/]: Unable to load model: 'minecraft:compass_20' referenced from: minecraft:compass_20: java.io.FileNotFoundException: minecraft:models/compass_20.json
[21May2026 14:41:27.423] [Worker-ResourceReload-3/WARN] [net.minecraft.client.resources.model.ModelBakery/]: Unable to load model: 'minecraft:compass_23' referenced from: minecraft:compass_23: java.io.FileNotFoundException: minecraft:models/compass_23.json
[21May2026 14:41:27.423] [Worker-ResourceReload-3/WARN] [net.minecraft.client.resources.model.ModelBakery/]: Unable to load model: 'minecraft:compass_22' referenced from: minecraft:compass_22: java.io.FileNotFoundException: minecraft:models/compass_22.json
[21May2026 14:41:27.423] [Worker-ResourceReload-3/WARN] [net.minecraft.client.resources.model.ModelBakery/]: Unable to load model: 'dndesires:block/red_propeller' referenced from: dndesires:block/red_propeller: java.io.FileNotFoundException: dndesires:models/block/red_propeller.json
[21May2026 14:41:27.424] [Worker-ResourceReload-3/WARN] [net.minecraft.client.resources.model.ModelBakery/]: Unable to load model: 'dndesires:block/cyan_propeller' referenced from: dndesires:block/cyan_propeller: java.io.FileNotFoundException: dndesires:models/block/cyan_propeller.json
[21May2026 14:41:27.424] [Worker-ResourceReload-3/WARN] [net.minecraft.client.resources.model.ModelBakery/]: Unable to load model: 'cbc_at:block/heavy_autocannon/steel_recoil_spring' referenced from: cbc_at:block/heavy_autocannon/steel_recoil_spring: java.io.FileNotFoundException: cbc_at:models/block/heavy_autocannon/steel_recoil_spring.json
[21May2026 14:41:27.425] [Worker-ResourceReload-3/WARN] [net.minecraft.client.resources.model.ModelBakery/]: Unable to load model: 'dndesires:block/light_gray_propeller' referenced from: dndesires:block/light_gray_propeller: java.io.FileNotFoundException: dndesires:models/block/light_gray_propeller.json
[21May2026 14:41:27.426] [Worker-ResourceReload-3/WARN] [net.minecraft.client.resources.model.ModelBakery/]: Unable to load model: 'minecraft:compass_13' referenced from: minecraft:compass_13: java.io.FileNotFoundException: minecraft:models/compass_13.json
[21May2026 14:41:27.426] [Worker-ResourceReload-3/WARN] [net.minecraft.client.resources.model.ModelBakery/]: Unable to load model: 'minecraft:compass_12' referenced from: minecraft:compass_12: java.io.FileNotFoundException: minecraft:models/compass_12.json
[21May2026 14:41:27.426] [Worker-ResourceReload-3/WARN] [net.minecraft.client.resources.model.ModelBakery/]: Unable to load model: 'minecraft:compass_15' referenced from: minecraft:compass_15: java.io.FileNotFoundException: minecraft:models/compass_15.json
[21May2026 14:41:27.426] [Worker-ResourceReload-3/WARN] [net.minecraft.client.resources.model.ModelBakery/]: Unable to load model: 'minecraft:compass_14' referenced from: minecraft:compass_14: java.io.FileNotFoundException: minecraft:models/compass_14.json
[21May2026 14:41:27.426] [Worker-ResourceReload-3/WARN] [net.minecraft.client.resources.model.ModelBakery/]: Unable to load model: 'minecraft:compass_18' referenced from: minecraft:compass_18: java.io.FileNotFoundException: minecraft:models/compass_18.json
[21May2026 14:41:27.426] [Worker-ResourceReload-3/WARN] [net.minecraft.client.resources.model.ModelBakery/]: Unable to load model: 'minecraft:compass_17' referenced from: minecraft:compass_17: java.io.FileNotFoundException: minecraft:models/compass_17.json
[21May2026 14:41:27.426] [Worker-ResourceReload-3/WARN] [net.minecraft.client.resources.model.ModelBakery/]: Unable to load model: 'createpropulsion:partial/lodestone_tracker_overlay' referenced from: createpropulsion:partial/lodestone_tracker_overlay: java.io.FileNotFoundException: createpropulsion:models/partial/lodestone_tracker_overlay.json
[21May2026 14:41:27.426] [Worker-ResourceReload-3/WARN] [net.minecraft.client.resources.model.ModelBakery/]: Unable to load model: 'minecraft:compass_19' referenced from: minecraft:compass_19: java.io.FileNotFoundException: minecraft:models/compass_19.json
[21May2026 14:41:27.427] [Worker-ResourceReload-3/WARN] [net.minecraft.client.resources.model.ModelBakery/]: Unable to load model: 'minecraft:compass_31' referenced from: minecraft:compass_31: java.io.FileNotFoundException: minecraft:models/compass_31.json
[21May2026 14:41:27.427] [Worker-ResourceReload-3/WARN] [net.minecraft.client.resources.model.ModelBakery/]: Unable to load model: 'dndesires:block/white_propeller' referenced from: dndesires:block/white_propeller: java.io.FileNotFoundException: dndesires:models/block/white_propeller.json
[21May2026 14:41:27.427] [Worker-ResourceReload-3/WARN] [net.minecraft.client.resources.model.ModelBakery/]: Unable to load model: 'minecraft:compass_30' referenced from: minecraft:compass_30: java.io.FileNotFoundException: minecraft:models/compass_30.json
[21May2026 14:41:27.427] [Worker-ResourceReload-3/WARN] [net.minecraft.client.resources.model.ModelBakery/]: Unable to load model: 'dndesires:block/yellow_propeller' referenced from: dndesires:block/yellow_propeller: java.io.FileNotFoundException: dndesires:models/block/yellow_propeller.json
[21May2026 14:41:27.427] [Worker-ResourceReload-3/WARN] [net.minecraft.client.resources.model.ModelBakery/]: Unable to load model: 'bits_n_bobs:block/chain_pulley/chain_rope_half_magnet' referenced from: bits_n_bobs:block/chain_pulley/chain_rope_half_magnet: java.io.FileNotFoundException: bits_n_bobs:models/block/chain_pulley/chain_rope_half_magnet.json
[21May2026 14:41:27.427] [Worker-ResourceReload-3/WARN] [net.minecraft.client.resources.model.ModelBakery/]: Unable to load model: 'dndesires:block/purple_propeller' referenced from: dndesires:block/purple_propeller: java.io.FileNotFoundException: dndesires:models/block/purple_propeller.json
[21May2026 14:41:27.427] [Worker-ResourceReload-3/WARN] [net.minecraft.client.resources.model.ModelBakery/]: Unable to load model: 'dndesires:block/orange_propeller' referenced from: dndesires:block/orange_propeller: java.io.FileNotFoundException: dndesires:models/block/orange_propeller.json
[21May2026 14:41:27.428] [Worker-ResourceReload-3/WARN] [net.minecraft.client.resources.model.ModelBakery/]: Unable to load model: 'create:block/belt' referenced from: tracks:block/track_link: java.io.FileNotFoundException: create:models/block/belt.json
[21May2026 14:41:27.428] [Worker-ResourceReload-3/WARN] [net.minecraft.client.resources.model.ModelBakery/]: Unable to load model: 'dndesires:block/lime_propeller' referenced from: dndesires:block/lime_propeller: java.io.FileNotFoundException: dndesires:models/block/lime_propeller.json
[21May2026 14:41:27.429] [Worker-ResourceReload-3/WARN] [net.minecraft.client.resources.model.ModelBakery/]: Unable to load model: 'minecraft:compass_25' referenced from: minecraft:compass_25: java.io.FileNotFoundException: minecraft:models/compass_25.json
[21May2026 14:41:27.429] [Worker-ResourceReload-3/WARN] [net.minecraft.client.resources.model.ModelBakery/]: Unable to load model: 'minecraft:compass_24' referenced from: minecraft:compass_24: java.io.FileNotFoundException: minecraft:models/compass_24.json
[21May2026 14:41:27.429] [Worker-ResourceReload-3/WARN] [net.minecraft.client.resources.model.ModelBakery/]: Unable to load model: 'minecraft:compass_27' referenced from: minecraft:compass_27: java.io.FileNotFoundException: minecraft:models/compass_27.json
[21May2026 14:41:27.429] [Worker-ResourceReload-3/WARN] [net.minecraft.client.resources.model.ModelBakery/]: Unable to load model: 'minecraft:compass_28' referenced from: minecraft:compass_28: java.io.FileNotFoundException: minecraft:models/compass_28.json
[21May2026 14:41:27.429] [Worker-ResourceReload-3/WARN] [net.minecraft.client.resources.model.ModelBakery/]: Unable to load model: 'minecraft:compass_26' referenced from: minecraft:compass_26: java.io.FileNotFoundException: minecraft:models/compass_26.json
[21May2026 14:41:27.429] [Worker-ResourceReload-3/WARN] [net.minecraft.client.resources.model.ModelBakery/]: Unable to load model: 'gnkinetics:block/shaftless_large_cogstone' referenced from: gnkinetics:block/shaftless_large_cogstone: java.io.FileNotFoundException: gnkinetics:models/block/shaftless_large_cogstone.json
[21May2026 14:41:27.429] [Worker-ResourceReload-3/WARN] [net.minecraft.client.resources.model.ModelBakery/]: Unable to load model: 'minecraft:compass_29' referenced from: minecraft:compass_29: java.io.FileNotFoundException: minecraft:models/compass_29.json
[21May2026 14:41:27.430] [Worker-ResourceReload-3/WARN] [net.minecraft.client.resources.model.ModelBakery/]: Unable to load model: 'dndesires:block/black_propeller' referenced from: dndesires:block/black_propeller: java.io.FileNotFoundException: dndesires:models/block/black_propeller.json
[21May2026 14:41:27.430] [Worker-ResourceReload-3/WARN] [net.minecraft.client.resources.model.ModelBakery/]: Unable to load model: 'cbc_at:block/heavy_autocannon/cast_iron_recoil_spring' referenced from: cbc_at:block/heavy_autocannon/cast_iron_recoil_spring: java.io.FileNotFoundException: cbc_at:models/block/heavy_autocannon/cast_iron_recoil_spring.json
[21May2026 14:41:27.430] [Worker-ResourceReload-3/WARN] [net.minecraft.client.resources.model.ModelBakery/]: Unable to load model: 'dndesires:block/brown_propeller' referenced from: dndesires:block/brown_propeller: java.io.FileNotFoundException: dndesires:models/block/brown_propeller.json
[21May2026 14:41:27.430] [Worker-ResourceReload-3/WARN] [net.minecraft.client.resources.model.ModelBakery/]: Unable to load model: 'dndesires:block/green_propeller' referenced from: dndesires:block/green_propeller: java.io.FileNotFoundException: dndesires:models/block/green_propeller.json
[21May2026 14:41:27.431] [Worker-ResourceReload-3/WARN] [net.minecraft.client.resources.model.ModelBakery/]: Unable to load model: 'dndesires:block/pink_propeller' referenced from: dndesires:block/pink_propeller: java.io.FileNotFoundException: dndesires:models/block/pink_propeller.json
[21May2026 14:41:27.431] [Worker-ResourceReload-3/WARN] [net.minecraft.client.resources.model.ModelBakery/]: Unable to load model: 'dndesires:block/blue_propeller' referenced from: dndesires:block/blue_propeller: java.io.FileNotFoundException: dndesires:models/block/blue_propeller.json
[21May2026 14:41:27.431] [Worker-ResourceReload-3/WARN] [net.minecraft.client.resources.model.ModelBakery/]: Unable to load model: 'dndesires:block/magenta_propeller' referenced from: dndesires:block/magenta_propeller: java.io.FileNotFoundException: dndesires:models/block/magenta_propeller.json
[21May2026 14:41:27.645] [Worker-ResourceReload-15/ERROR] [Veil/]: Failed to load icon for pack: mod/createfood
java.io.IOException: Could not load image: Image not of any known type, or corrupt
	at TRANSFORMER/minecraft@1.21.1/com.mojang.blaze3d.platform.NativeImage.read(NativeImage.java:147) ~[client-1.21.1-20240808.144430-srg.jar%23373!/:?]
	at TRANSFORMER/minecraft@1.21.1/com.mojang.blaze3d.platform.NativeImage.read(NativeImage.java:111) ~[client-1.21.1-20240808.144430-srg.jar%23373!/:?]
	at TRANSFORMER/minecraft@1.21.1/com.mojang.blaze3d.platform.NativeImage.read(NativeImage.java:102) ~[client-1.21.1-20240808.144430-srg.jar%23373!/:?]
	at TRANSFORMER/veil@4.0.0/foundry.veil.impl.resource.VeilResourceManagerImpl.lambda$reloadClient$5(VeilResourceManagerImpl.java:179) ~[veil-neoforge-1.21.1-4.0.0.jar%23830!/:4.0.0]
	at java.base/java.util.stream.ForEachOps$ForEachOp$OfRef.accept(ForEachOps.java:184) ~[?:?]
	at java.base/java.util.stream.Streams$StreamBuilderImpl.forEachRemaining(Streams.java:411) ~[?:?]
	at java.base/java.util.stream.ReferencePipeline$Head.forEach(ReferencePipeline.java:762) ~[?:?]
	at java.base/java.util.stream.ReferencePipeline$7$1.accept(ReferencePipeline.java:276) ~[?:?]
	at java.base/java.util.AbstractList$RandomAccessSpliterator.forEachRemaining(AbstractList.java:722) ~[?:?]
	at java.base/java.util.stream.AbstractPipeline.copyInto(AbstractPipeline.java:509) ~[?:?]
	at java.base/java.util.stream.AbstractPipeline.wrapAndCopyInto(AbstractPipeline.java:499) ~[?:?]
	at java.base/java.util.stream.ForEachOps$ForEachOp.evaluateSequential(ForEachOps.java:151) ~[?:?]
	at java.base/java.util.stream.ForEachOps$ForEachOp$OfRef.evaluateSequential(ForEachOps.java:174) ~[?:?]
	at java.base/java.util.stream.AbstractPipeline.evaluate(AbstractPipeline.java:234) ~[?:?]
	at java.base/java.util.stream.ReferencePipeline.forEach(ReferencePipeline.java:596) ~[?:?]
	at TRANSFORMER/veil@4.0.0/foundry.veil.impl.resource.VeilResourceManagerImpl.lambda$reloadClient$6(VeilResourceManagerImpl.java:170) ~[veil-neoforge-1.21.1-4.0.0.jar%23830!/:4.0.0]
	at java.base/java.util.concurrent.CompletableFuture$AsyncSupply.run(CompletableFuture.java:1768) [?:?]
	at java.base/java.util.concurrent.CompletableFuture$AsyncSupply.exec(CompletableFuture.java:1760) [?:?]
	at java.base/java.util.concurrent.ForkJoinTask.doExec(ForkJoinTask.java:387) [?:?]
	at java.base/java.util.concurrent.ForkJoinPool$WorkQueue.topLevelExec(ForkJoinPool.java:1312) [?:?]
	at java.base/java.util.concurrent.ForkJoinPool.scan(ForkJoinPool.java:1843) [?:?]
	at java.base/java.util.concurrent.ForkJoinPool.runWorker(ForkJoinPool.java:1808) [?:?]
	at java.base/java.util.concurrent.ForkJoinWorkerThread.run(ForkJoinWorkerThread.java:188) [?:?]
[21May2026 14:41:35.003] [Worker-ResourceReload-7/WARN] [net.minecraft.client.resources.model.ModelManager/]: Missing textures in model cbc_at:built_up_nethersteel_rifled_barrel#facing=up:
    minecraft:textures/atlas/blocks.png:cbc_at:block/built_up_nethersteel_barrel_side
[21May2026 14:41:35.003] [Worker-ResourceReload-7/WARN] [net.minecraft.client.resources.model.ModelManager/]: Missing textures in model cbc_at:unbored_cast_iron_rocket_pod_rail#assembled=false,facing=north,waterlogged=false:
    minecraft:textures/atlas/blocks.png:cbc_at:block/cast_iron_rocket_pod
[21May2026 14:41:35.003] [Worker-ResourceReload-7/WARN] [net.minecraft.client.resources.model.ModelManager/]: Missing textures in model cbc_at:unbored_bronze_rocket_pod_breech#facing=up,waterlogged=false:
    minecraft:textures/atlas/blocks.png:cbc_at:block/bronze_rocket_pod
[21May2026 14:41:35.003] [Worker-ResourceReload-7/WARN] [net.minecraft.client.resources.model.ModelManager/]: Missing textures in model cbc_at:block/twin_autocannon/bronze_recoil_spring#standalone:
    minecraft:textures/atlas/blocks.png:minecraft:0
[21May2026 14:41:35.003] [Worker-ResourceReload-7/WARN] [net.minecraft.client.resources.model.ModelManager/]: Missing textures in model cbc_at:unbored_steel_rocket_pod_breech#facing=down,waterlogged=false:
    minecraft:textures/atlas/blocks.png:cbc_at:block/bronze_rocket_pod
[21May2026 14:41:35.003] [Worker-ResourceReload-7/WARN] [net.minecraft.client.resources.model.ModelManager/]: Missing textures in model cbc_at:bronze_rocket_pod_rail#assembled=false,facing=north,waterlogged=false:
    minecraft:textures/atlas/blocks.png:cbc_at:block/bronze_rocket_pod
[21May2026 14:41:35.003] [Worker-ResourceReload-7/WARN] [net.minecraft.client.resources.model.ModelManager/]: Missing textures in model cbc_at:unbored_cast_iron_rocket_pod_breech#facing=west,waterlogged=false:
    minecraft:textures/atlas/blocks.png:cbc_at:block/cast_iron_rocket_pod
[21May2026 14:41:35.003] [Worker-ResourceReload-7/WARN] [net.minecraft.client.resources.model.ModelManager/]: Missing textures in model cbc_at:cast_iron_rocket_pod_rail#assembled=false,facing=up,waterlogged=false:
    minecraft:textures/atlas/blocks.png:cbc_at:block/cast_iron_rocket_pod
[21May2026 14:41:35.003] [Worker-ResourceReload-7/WARN] [net.minecraft.client.resources.model.ModelManager/]: Missing textures in model cbc_at:cast_iron_rocket_pod_rail#assembled=false,facing=east,waterlogged=false:
    minecraft:textures/atlas/blocks.png:cbc_at:block/cast_iron_rocket_pod
[21May2026 14:41:35.003] [Worker-ResourceReload-7/WARN] [net.minecraft.client.resources.model.ModelManager/]: Missing textures in model cbc_at:steel_rocket_pod_rail#assembled=false,facing=west,waterlogged=true:
    minecraft:textures/atlas/blocks.png:cbc_at:block/bronze_rocket_pod
[21May2026 14:41:35.003] [Worker-ResourceReload-7/WARN] [net.minecraft.client.resources.model.ModelManager/]: Missing textures in model cbc_at:unbored_cast_iron_rocket_pod_breech#inventory:
    minecraft:textures/atlas/blocks.png:cbc_at:block/cast_iron_rocket_pod
[21May2026 14:41:35.003] [Worker-ResourceReload-7/WARN] [net.minecraft.client.resources.model.ModelManager/]: Missing textures in model cbc_at:steel_rocket_pod_rail#assembled=false,facing=north,waterlogged=false:
    minecraft:textures/atlas/blocks.png:cbc_at:block/bronze_rocket_pod
[21May2026 14:41:35.003] [Worker-ResourceReload-7/WARN] [net.minecraft.client.resources.model.ModelManager/]: Missing textures in model cbc_at:steel_rocket_pod_rail#inventory:
    minecraft:textures/atlas/blocks.png:cbc_at:block/bronze_rocket_pod
[21May2026 14:41:35.004] [Worker-ResourceReload-7/WARN] [net.minecraft.client.resources.model.ModelManager/]: Missing textures in model cbc_at:unbored_bronze_fume_extractor#facing=down:
    minecraft:textures/atlas/blocks.png:minecraft:bronze_cannon_barrel_side
[21May2026 14:41:35.004] [Worker-ResourceReload-7/WARN] [net.minecraft.client.resources.model.ModelManager/]: Missing textures in model cbc_at:bronze_rocket_pod_breech#inventory:
    minecraft:textures/atlas/blocks.png:cbc_at:block/bronze_rocket_pod
[21May2026 14:41:35.004] [Worker-ResourceReload-7/WARN] [net.minecraft.client.resources.model.ModelManager/]: Missing textures in model cbc_at:unbored_steel_rocket_pod_breech#facing=west,waterlogged=true:
    minecraft:textures/atlas/blocks.png:cbc_at:block/bronze_rocket_pod
[21May2026 14:41:35.004] [Worker-ResourceReload-7/WARN] [net.minecraft.client.resources.model.ModelManager/]: Missing textures in model cbc_at:unbored_cast_iron_rocket_pod_rail#assembled=false,facing=south,waterlogged=false:
    minecraft:textures/atlas/blocks.png:cbc_at:block/cast_iron_rocket_pod
[21May2026 14:41:35.004] [Worker-ResourceReload-7/WARN] [net.minecraft.client.resources.model.ModelManager/]: Missing textures in model cbc_at:steel_rocket_pod_rail#assembled=false,facing=south,waterlogged=true:
    minecraft:textures/atlas/blocks.png:cbc_at:block/bronze_rocket_pod
[21May2026 14:41:35.004] [Worker-ResourceReload-7/WARN] [net.minecraft.client.resources.model.ModelManager/]: Missing textures in model cbc_at:unbored_steel_rocket_pod_breech#facing=east,waterlogged=false:
    minecraft:textures/atlas/blocks.png:cbc_at:block/bronze_rocket_pod
[21May2026 14:41:35.004] [Worker-ResourceReload-7/WARN] [net.minecraft.client.resources.model.ModelManager/]: Missing textures in model cbc_at:unbored_steel_rocket_pod_rail#assembled=false,facing=east,waterlogged=false:
    minecraft:textures/atlas/blocks.png:cbc_at:block/bronze_rocket_pod
[21May2026 14:41:35.004] [Worker-ResourceReload-7/WARN] [net.minecraft.client.resources.model.ModelManager/]: Missing textures in model cbc_at:bronze_rocket_pod_rail#inventory:
    minecraft:textures/atlas/blocks.png:cbc_at:block/bronze_rocket_pod
[21May2026 14:41:35.004] [Worker-ResourceReload-7/WARN] [net.minecraft.client.resources.model.ModelManager/]: Missing textures in model brewinandchewin:block/coaster_tray#standalone:
    minecraft:textures/atlas/blocks.png:farmersdelight:block/tray_top
[21May2026 14:41:35.004] [Worker-ResourceReload-7/WARN] [net.minecraft.client.resources.model.ModelManager/]: Missing textures in model cbc_at:cast_iron_rocket_pod_breech#facing=east,waterlogged=true:
    minecraft:textures/atlas/blocks.png:cbc_at:block/cast_iron_rocket_pod
[21May2026 14:41:35.004] [Worker-ResourceReload-7/WARN] [net.minecraft.client.resources.model.ModelManager/]: Missing textures in model cbc_at:bronze_rocket_pod_rail#assembled=false,facing=south,waterlogged=true:
    minecraft:textures/atlas/blocks.png:cbc_at:block/bronze_rocket_pod
[21May2026 14:41:35.004] [Worker-ResourceReload-7/WARN] [net.minecraft.client.resources.model.ModelManager/]: Missing textures in model cbc_at:unbored_bronze_fume_extractor#facing=west:
    minecraft:textures/atlas/blocks.png:minecraft:bronze_cannon_barrel_side
[21May2026 14:41:35.004] [Worker-ResourceReload-7/WARN] [net.minecraft.client.resources.model.ModelManager/]: Missing textures in model cbc_at:bronze_rocket_pod_rail#assembled=false,facing=down,waterlogged=true:
    minecraft:textures/atlas/blocks.png:cbc_at:block/bronze_rocket_pod
[21May2026 14:41:35.004] [Worker-ResourceReload-7/WARN] [net.minecraft.client.resources.model.ModelManager/]: Missing textures in model cbc_at:unbored_bronze_fume_extractor#facing=north:
    minecraft:textures/atlas/blocks.png:minecraft:bronze_cannon_barrel_side
[21May2026 14:41:35.004] [Worker-ResourceReload-7/WARN] [net.minecraft.client.resources.model.ModelManager/]: Missing textures in model cbc_at:unbored_cast_iron_rocket_pod_breech#facing=up,waterlogged=true:
    minecraft:textures/atlas/blocks.png:cbc_at:block/cast_iron_rocket_pod
[21May2026 14:41:35.004] [Worker-ResourceReload-7/WARN] [net.minecraft.client.resources.model.ModelManager/]: Missing textures in model cbc_at:heavy_autocannon_qfbreech_mould#inventory:
    minecraft:textures/atlas/blocks.png:minecraft:cast_mould
[21May2026 14:41:35.004] [Worker-ResourceReload-7/WARN] [net.minecraft.client.resources.model.ModelManager/]: Missing textures in model cbc_at:steel_rocket_pod_breech#facing=south,waterlogged=false:
    minecraft:textures/atlas/blocks.png:cbc_at:block/bronze_rocket_pod
[21May2026 14:41:35.004] [Worker-ResourceReload-7/WARN] [net.minecraft.client.resources.model.ModelManager/]: Missing textures in model cbc_at:cast_iron_rocket_pod_rail#inventory:
    minecraft:textures/atlas/blocks.png:cbc_at:block/cast_iron_rocket_pod
[21May2026 14:41:35.004] [Worker-ResourceReload-7/WARN] [net.minecraft.client.resources.model.ModelManager/]: Missing textures in model cbc_at:bronze_rocket_pod_breech#facing=west,waterlogged=false:
    minecraft:textures/atlas/blocks.png:cbc_at:block/bronze_rocket_pod
[21May2026 14:41:35.004] [Worker-ResourceReload-7/WARN] [net.minecraft.client.resources.model.ModelManager/]: Missing textures in model cbc_at:unbored_bronze_fume_extractor#inventory:
    minecraft:textures/atlas/blocks.png:minecraft:bronze_cannon_barrel_side
[21May2026 14:41:35.004] [Worker-ResourceReload-7/WARN] [net.minecraft.client.resources.model.ModelManager/]: Missing textures in model cbc_at:bronze_rocket_pod_breech#facing=north,waterlogged=false:
    minecraft:textures/atlas/blocks.png:cbc_at:block/bronze_rocket_pod
[21May2026 14:41:35.004] [Worker-ResourceReload-7/WARN] [net.minecraft.client.resources.model.ModelManager/]: Missing textures in model cbc_at:unbored_steel_rocket_pod_rail#assembled=false,facing=west,waterlogged=true:
    minecraft:textures/atlas/blocks.png:cbc_at:block/bronze_rocket_pod
[21May2026 14:41:35.004] [Worker-ResourceReload-7/WARN] [net.minecraft.client.resources.model.ModelManager/]: Missing textures in model cbc_at:unbored_bronze_rocket_pod_breech#facing=west,waterlogged=false:
    minecraft:textures/atlas/blocks.png:cbc_at:block/bronze_rocket_pod
[21May2026 14:41:35.004] [Worker-ResourceReload-7/WARN] [net.minecraft.client.resources.model.ModelManager/]: Missing textures in model cbc_at:unbored_cast_iron_rocket_pod_breech#facing=north,waterlogged=false:
    minecraft:textures/atlas/blocks.png:cbc_at:block/cast_iron_rocket_pod
[21May2026 14:41:35.004] [Worker-ResourceReload-7/WARN] [net.minecraft.client.resources.model.ModelManager/]: Missing textures in model cbc_at:unbored_steel_rocket_pod_rail#inventory:
    minecraft:textures/atlas/blocks.png:cbc_at:block/bronze_rocket_pod
[21May2026 14:41:35.004] [Worker-ResourceReload-7/WARN] [net.minecraft.client.resources.model.ModelManager/]: Missing textures in model cbc_at:unbored_cast_iron_rocket_pod_breech#facing=east,waterlogged=true:
    minecraft:textures/atlas/blocks.png:cbc_at:block/cast_iron_rocket_pod
[21May2026 14:41:35.004] [Worker-ResourceReload-7/WARN] [net.minecraft.client.resources.model.ModelManager/]: Missing textures in model cbc_at:cast_iron_rocket_pod_rail#assembled=false,facing=down,waterlogged=true:
    minecraft:textures/atlas/blocks.png:cbc_at:block/cast_iron_rocket_pod
[21May2026 14:41:35.004] [Worker-ResourceReload-7/WARN] [net.minecraft.client.resources.model.ModelManager/]: Missing textures in model cbc_at:steel_rocket_pod_rail#assembled=false,facing=up,waterlogged=true:
    minecraft:textures/atlas/blocks.png:cbc_at:block/bronze_rocket_pod
[21May2026 14:41:35.004] [Worker-ResourceReload-7/WARN] [net.minecraft.client.resources.model.ModelManager/]: Missing textures in model cbc_at:bronze_fume_extractor#inventory:
    minecraft:textures/atlas/blocks.png:minecraft:bronze_cannon_barrel_side
[21May2026 14:41:35.005] [Worker-ResourceReload-7/WARN] [net.minecraft.client.resources.model.ModelManager/]: Missing textures in model cbc_at:cast_iron_rocket_pod_rail#assembled=false,facing=west,waterlogged=false:
    minecraft:textures/atlas/blocks.png:cbc_at:block/cast_iron_rocket_pod
[21May2026 14:41:35.005] [Worker-ResourceReload-7/WARN] [net.minecraft.client.resources.model.ModelManager/]: Missing textures in model cbc_at:bronze_rocket_pod_breech#facing=down,waterlogged=true:
    minecraft:textures/atlas/blocks.png:cbc_at:block/bronze_rocket_pod
[21May2026 14:41:35.005] [Worker-ResourceReload-7/WARN] [net.minecraft.client.resources.model.ModelManager/]: Missing textures in model cbc_at:unbored_bronze_rocket_pod_rail#assembled=false,facing=south,waterlogged=true:
    minecraft:textures/atlas/blocks.png:cbc_at:block/bronze_rocket_pod
[21May2026 14:41:35.005] [Worker-ResourceReload-7/WARN] [net.minecraft.client.resources.model.ModelManager/]: Missing textures in model cbc_at:unbored_bronze_rocket_pod_breech#facing=east,waterlogged=false:
    minecraft:textures/atlas/blocks.png:cbc_at:block/bronze_rocket_pod
[21May2026 14:41:35.005] [Worker-ResourceReload-7/WARN] [net.minecraft.client.resources.model.ModelManager/]: Missing textures in model cbc_at:bronze_rocket_pod_breech#facing=south,waterlogged=true:
    minecraft:textures/atlas/blocks.png:cbc_at:block/bronze_rocket_pod
[21May2026 14:41:35.005] [Worker-ResourceReload-7/WARN] [net.minecraft.client.resources.model.ModelManager/]: Missing textures in model cbc_at:steel_rocket_pod_breech#facing=down,waterlogged=false:
    minecraft:textures/atlas/blocks.png:cbc_at:block/bronze_rocket_pod
[21May2026 14:41:35.005] [Worker-ResourceReload-7/WARN] [net.minecraft.client.resources.model.ModelManager/]: Missing textures in model cbc_at:unbored_cast_iron_rocket_pod_rail#assembled=false,facing=west,waterlogged=true:
    minecraft:textures/atlas/blocks.png:cbc_at:block/cast_iron_rocket_pod
[21May2026 14:41:35.005] [Worker-ResourceReload-7/WARN] [net.minecraft.client.resources.model.ModelManager/]: Missing textures in model cbc_at:cast_iron_rocket_pod_breech#inventory:
    minecraft:textures/atlas/blocks.png:cbc_at:block/cast_iron_rocket_pod
[21May2026 14:41:35.005] [Worker-ResourceReload-7/WARN] [net.minecraft.client.resources.model.ModelManager/]: Missing textures in model cbc_at:steel_rocket_pod_rail#assembled=false,facing=down,waterlogged=true:
    minecraft:textures/atlas/blocks.png:cbc_at:block/bronze_rocket_pod
[21May2026 14:41:35.005] [Worker-ResourceReload-7/WARN] [net.minecraft.client.resources.model.ModelManager/]: Missing textures in model cbc_at:unbored_bronze_rocket_pod_breech#inventory:
    minecraft:textures/atlas/blocks.png:cbc_at:block/bronze_rocket_pod
[21May2026 14:41:35.005] [Worker-ResourceReload-7/WARN] [net.minecraft.client.resources.model.ModelManager/]: Missing textures in model cbc_at:unbored_bronze_fume_extractor#facing=east:
    minecraft:textures/atlas/blocks.png:minecraft:bronze_cannon_barrel_side
[21May2026 14:41:35.005] [Worker-ResourceReload-7/WARN] [net.minecraft.client.resources.model.ModelManager/]: Missing textures in model cbc_at:steel_rocket_pod_rail#assembled=false,facing=east,waterlogged=false:
    minecraft:textures/atlas/blocks.png:cbc_at:block/bronze_rocket_pod
[21May2026 14:41:35.005] [Worker-ResourceReload-7/WARN] [net.minecraft.client.resources.model.ModelManager/]: Missing textures in model cbc_at:unbored_bronze_rocket_pod_rail#assembled=false,facing=down,waterlogged=false:
    minecraft:textures/atlas/blocks.png:cbc_at:block/bronze_rocket_pod
[21May2026 14:41:35.005] [Worker-ResourceReload-7/WARN] [net.minecraft.client.resources.model.ModelManager/]: Missing textures in model cbc_at:unbored_bronze_rocket_pod_breech#facing=south,waterlogged=false:
    minecraft:textures/atlas/blocks.png:cbc_at:block/bronze_rocket_pod
[21May2026 14:41:35.005] [Worker-ResourceReload-7/WARN] [net.minecraft.client.resources.model.ModelManager/]: Missing textures in model cbc_at:unbored_steel_rocket_pod_breech#facing=north,waterlogged=false:
    minecraft:textures/atlas/blocks.png:cbc_at:block/bronze_rocket_pod
[21May2026 14:41:35.005] [Worker-ResourceReload-7/WARN] [net.minecraft.client.resources.model.ModelManager/]: Missing textures in model cbc_at:cast_iron_rocket_pod_rail#assembled=false,facing=south,waterlogged=false:
    minecraft:textures/atlas/blocks.png:cbc_at:block/cast_iron_rocket_pod
[21May2026 14:41:35.005] [Worker-ResourceReload-7/WARN] [net.minecraft.client.resources.model.ModelManager/]: Missing textures in model cbc_at:unbored_steel_rocket_pod_breech#inventory:
    minecraft:textures/atlas/blocks.png:cbc_at:block/bronze_rocket_pod
[21May2026 14:41:35.005] [Worker-ResourceReload-7/WARN] [net.minecraft.client.resources.model.ModelManager/]: Missing textures in model cbc_at:steel_rocket_pod_breech#facing=west,waterlogged=false:
    minecraft:textures/atlas/blocks.png:cbc_at:block/bronze_rocket_pod
[21May2026 14:41:35.005] [Worker-ResourceReload-7/WARN] [net.minecraft.client.resources.model.ModelManager/]: Missing textures in model pipeorgans:haunted_whistle#inventory:
    minecraft:textures/atlas/blocks.png:pipeorgans:block/haunted_whistle_particle
[21May2026 14:41:35.005] [Worker-ResourceReload-7/WARN] [net.minecraft.client.resources.model.ModelManager/]: Missing textures in model cbc_at:cast_iron_rocket_pod_breech#facing=west,waterlogged=false:
    minecraft:textures/atlas/blocks.png:cbc_at:block/cast_iron_rocket_pod
[21May2026 14:41:35.005] [Worker-ResourceReload-7/WARN] [net.minecraft.client.resources.model.ModelManager/]: Missing textures in model cbc_at:wrought_iron_medium_rocket_rail_breech#inventory:
    minecraft:textures/atlas/blocks.png:cbc_at:block/bronze_medium_rocket_rail
[21May2026 14:41:35.005] [Worker-ResourceReload-7/WARN] [net.minecraft.client.resources.model.ModelManager/]: Missing textures in model cbc_at:heavy_autocannon_empty_cartridge#inventory:
    minecraft:textures/atlas/blocks.png:minecraft:cartridge_side
[21May2026 14:41:35.005] [Worker-ResourceReload-7/WARN] [net.minecraft.client.resources.model.ModelManager/]: Missing textures in model cbc_at:unbored_bronze_rocket_pod_rail#assembled=false,facing=up,waterlogged=true:
    minecraft:textures/atlas/blocks.png:cbc_at:block/bronze_rocket_pod
[21May2026 14:41:35.005] [Worker-ResourceReload-7/WARN] [net.minecraft.client.resources.model.ModelManager/]: Missing textures in model cbc_at:unbored_steel_rocket_pod_rail#assembled=false,facing=down,waterlogged=true:
    minecraft:textures/atlas/blocks.png:cbc_at:block/bronze_rocket_pod
[21May2026 14:41:35.005] [Worker-ResourceReload-7/WARN] [net.minecraft.client.resources.model.ModelManager/]: Missing textures in model create_connected:fan_enriched_catalyst#:
    minecraft:textures/atlas/blocks.png:createnuclear:block/enriched_soul_soil
    minecraft:textures/atlas/blocks.png:createnuclear:block/enriching/campfire/enriching_flame
[21May2026 14:41:35.005] [Worker-ResourceReload-7/WARN] [net.minecraft.client.resources.model.ModelManager/]: Missing textures in model cbc_at:unbored_bronze_rocket_pod_rail#assembled=false,facing=east,waterlogged=true:
    minecraft:textures/atlas/blocks.png:cbc_at:block/bronze_rocket_pod
[21May2026 14:41:35.005] [Worker-ResourceReload-7/WARN] [net.minecraft.client.resources.model.ModelManager/]: Missing textures in model cbc_at:unbored_steel_rocket_pod_rail#assembled=false,facing=north,waterlogged=false:
    minecraft:textures/atlas/blocks.png:cbc_at:block/bronze_rocket_pod
[21May2026 14:41:35.005] [Worker-ResourceReload-7/WARN] [net.minecraft.client.resources.model.ModelManager/]: Missing textures in model cbc_at:steel_rocket_pod_breech#inventory:
    minecraft:textures/atlas/blocks.png:cbc_at:block/bronze_rocket_pod
[21May2026 14:41:35.005] [Worker-ResourceReload-7/WARN] [net.minecraft.client.resources.model.ModelManager/]: Missing textures in model cbc_at:cast_iron_rocket_pod_breech#facing=down,waterlogged=true:
    minecraft:textures/atlas/blocks.png:cbc_at:block/cast_iron_rocket_pod
[21May2026 14:41:35.005] [Worker-ResourceReload-7/WARN] [net.minecraft.client.resources.model.ModelManager/]: Missing textures in model create_connected:fan_enriched_catalyst#inventory:
    minecraft:textures/atlas/blocks.png:createnuclear:block/enriched_soul_soil
    minecraft:textures/atlas/blocks.png:createnuclear:block/enriching/campfire/enriching_flame
[21May2026 14:41:35.005] [Worker-ResourceReload-7/WARN] [net.minecraft.client.resources.model.ModelManager/]: Missing textures in model cbc_at:unbored_bronze_fume_extractor#facing=south:
    minecraft:textures/atlas/blocks.png:minecraft:bronze_cannon_barrel_side
[21May2026 14:41:35.005] [Worker-ResourceReload-7/WARN] [net.minecraft.client.resources.model.ModelManager/]: Missing textures in model cbc_at:unbored_steel_rocket_pod_rail#assembled=false,facing=south,waterlogged=false:
    minecraft:textures/atlas/blocks.png:cbc_at:block/bronze_rocket_pod
[21May2026 14:41:35.005] [Worker-ResourceReload-7/WARN] [net.minecraft.client.resources.model.ModelManager/]: Missing textures in model cbc_at:bronze_rocket_pod_rail#assembled=false,facing=east,waterlogged=true:
    minecraft:textures/atlas/blocks.png:cbc_at:block/bronze_rocket_pod
[21May2026 14:41:35.005] [Worker-ResourceReload-7/WARN] [net.minecraft.client.resources.model.ModelManager/]: Missing textures in model cbc_at:unbored_bronze_rocket_pod_breech#facing=north,waterlogged=true:
    minecraft:textures/atlas/blocks.png:cbc_at:block/bronze_rocket_pod
[21May2026 14:41:35.005] [Worker-ResourceReload-7/WARN] [net.minecraft.client.resources.model.ModelManager/]: Missing textures in model cbc_at:built_up_nethersteel_rifled_barrel#facing=east:
    minecraft:textures/atlas/blocks.png:cbc_at:block/built_up_nethersteel_barrel_side
[21May2026 14:41:35.005] [Worker-ResourceReload-7/WARN] [net.minecraft.client.resources.model.ModelManager/]: Missing textures in model cbc_at:unbored_cast_iron_rocket_pod_rail#assembled=false,facing=east,waterlogged=false:
    minecraft:textures/atlas/blocks.png:cbc_at:block/cast_iron_rocket_pod
[21May2026 14:41:35.005] [Worker-ResourceReload-7/WARN] [net.minecraft.client.resources.model.ModelManager/]: Missing textures in model cbc_at:block/twin_autocannon/cast_iron_vert_recoil_spring#standalone:
    minecraft:textures/atlas/blocks.png:minecraft:0
[21May2026 14:41:35.005] [Worker-ResourceReload-7/WARN] [net.minecraft.client.resources.model.ModelManager/]: Missing textures in model cbc_at:bronze_rocket_pod_rail#assembled=false,facing=up,waterlogged=true:
    minecraft:textures/atlas/blocks.png:cbc_at:block/bronze_rocket_pod
[21May2026 14:41:35.005] [Worker-ResourceReload-7/WARN] [net.minecraft.client.resources.model.ModelManager/]: Missing textures in model cbc_at:unbored_bronze_fume_extractor#facing=up:
    minecraft:textures/atlas/blocks.png:minecraft:bronze_cannon_barrel_side
[21May2026 14:41:35.005] [Worker-ResourceReload-7/WARN] [net.minecraft.client.resources.model.ModelManager/]: Missing textures in model cbc_at:unbored_cast_iron_rocket_pod_rail#assembled=false,facing=up,waterlogged=true:
    minecraft:textures/atlas/blocks.png:cbc_at:block/cast_iron_rocket_pod
[21May2026 14:41:35.005] [Worker-ResourceReload-7/WARN] [net.minecraft.client.resources.model.ModelManager/]: Missing textures in model cbc_at:bronze_rocket_pod_breech#facing=up,waterlogged=true:
    minecraft:textures/atlas/blocks.png:cbc_at:block/bronze_rocket_pod
[21May2026 14:41:35.005] [Worker-ResourceReload-7/WARN] [net.minecraft.client.resources.model.ModelManager/]: Missing textures in model cbc_at:steel_rocket_pod_breech#facing=north,waterlogged=false:
    minecraft:textures/atlas/blocks.png:cbc_at:block/bronze_rocket_pod
[21May2026 14:41:35.005] [Worker-ResourceReload-7/WARN] [net.minecraft.client.resources.model.ModelManager/]: Missing textures in model cbc_at:steel_rocket_pod_breech#facing=up,waterlogged=false:
    minecraft:textures/atlas/blocks.png:cbc_at:block/bronze_rocket_pod
[21May2026 14:41:35.005] [Worker-ResourceReload-7/WARN] [net.minecraft.client.resources.model.ModelManager/]: Missing textures in model cbc_at:unbored_cast_iron_rocket_pod_breech#facing=down,waterlogged=true:
    minecraft:textures/atlas/blocks.png:cbc_at:block/cast_iron_rocket_pod
[21May2026 14:41:35.005] [Worker-ResourceReload-7/WARN] [net.minecraft.client.resources.model.ModelManager/]: Missing textures in model cbc_at:unbored_cast_iron_rocket_pod_breech#facing=south,waterlogged=false:
    minecraft:textures/atlas/blocks.png:cbc_at:block/cast_iron_rocket_pod
[21May2026 14:41:35.005] [Worker-ResourceReload-7/WARN] [net.minecraft.client.resources.model.ModelManager/]: Missing textures in model cbc_at:wrought_iron_medium_rocket_rail#inventory:
    minecraft:textures/atlas/blocks.png:cbc_at:block/bronze_medium_rocket_rail
[21May2026 14:41:35.005] [Worker-ResourceReload-7/WARN] [net.minecraft.client.resources.model.ModelManager/]: Missing textures in model cbc_at:cast_iron_rocket_pod_breech#facing=south,waterlogged=true:
    minecraft:textures/atlas/blocks.png:cbc_at:block/cast_iron_rocket_pod
[21May2026 14:41:35.005] [Worker-ResourceReload-7/WARN] [net.minecraft.client.resources.model.ModelManager/]: Missing textures in model cbc_at:unbored_bronze_rocket_pod_rail#assembled=false,facing=west,waterlogged=true:
    minecraft:textures/atlas/blocks.png:cbc_at:block/bronze_rocket_pod
[21May2026 14:41:35.005] [Worker-ResourceReload-7/WARN] [net.minecraft.client.resources.model.ModelManager/]: Missing textures in model cbc_at:built_up_nethersteel_rifled_barrel#facing=down:
    minecraft:textures/atlas/blocks.png:cbc_at:block/built_up_nethersteel_barrel_side
[21May2026 14:41:35.005] [Worker-ResourceReload-7/WARN] [net.minecraft.client.resources.model.ModelManager/]: Missing textures in model cbc_at:cast_iron_rocket_pod_breech#facing=up,waterlogged=false:
    minecraft:textures/atlas/blocks.png:cbc_at:block/cast_iron_rocket_pod
[21May2026 14:41:35.005] [Worker-ResourceReload-7/WARN] [net.minecraft.client.resources.model.ModelManager/]: Missing textures in model cbc_at:unbored_bronze_rocket_pod_rail#inventory:
    minecraft:textures/atlas/blocks.png:cbc_at:block/bronze_rocket_pod
[21May2026 14:41:35.005] [Worker-ResourceReload-7/WARN] [net.minecraft.client.resources.model.ModelManager/]: Missing textures in model cbc_at:bronze_rocket_pod_breech#facing=east,waterlogged=true:
    minecraft:textures/atlas/blocks.png:cbc_at:block/bronze_rocket_pod
[21May2026 14:41:35.005] [Worker-ResourceReload-7/WARN] [net.minecraft.client.resources.model.ModelManager/]: Missing textures in model cbc_at:bronze_rocket_pod_rail#assembled=false,facing=west,waterlogged=true:
    minecraft:textures/atlas/blocks.png:cbc_at:block/bronze_rocket_pod
[21May2026 14:41:35.005] [Worker-ResourceReload-7/WARN] [net.minecraft.client.resources.model.ModelManager/]: Missing textures in model cbc_at:unbored_bronze_rocket_pod_breech#facing=down,waterlogged=false:
    minecraft:textures/atlas/blocks.png:cbc_at:block/bronze_rocket_pod
[21May2026 14:41:35.005] [Worker-ResourceReload-7/WARN] [net.minecraft.client.resources.model.ModelManager/]: Missing textures in model cbc_at:unbored_steel_rocket_pod_breech#facing=up,waterlogged=true:
    minecraft:textures/atlas/blocks.png:cbc_at:block/bronze_rocket_pod
[21May2026 14:41:35.006] [Worker-ResourceReload-7/WARN] [net.minecraft.client.resources.model.ModelManager/]: Missing textures in model cbc_at:unbored_cast_iron_rocket_pod_rail#inventory:
    minecraft:textures/atlas/blocks.png:cbc_at:block/cast_iron_rocket_pod
[21May2026 14:41:35.006] [Worker-ResourceReload-7/WARN] [net.minecraft.client.resources.model.ModelManager/]: Missing textures in model cbc_at:unbored_steel_rocket_pod_rail#assembled=false,facing=up,waterlogged=false:
    minecraft:textures/atlas/blocks.png:cbc_at:block/bronze_rocket_pod
[21May2026 14:41:35.006] [Worker-ResourceReload-7/WARN] [net.minecraft.client.resources.model.ModelManager/]: Missing textures in model cbc_at:built_up_nethersteel_rifled_barrel#inventory:
    minecraft:textures/atlas/blocks.png:cbc_at:block/built_up_nethersteel_barrel_side
[21May2026 14:41:35.006] [Worker-ResourceReload-7/WARN] [net.minecraft.client.resources.model.ModelManager/]: Missing textures in model cbc_at:block/twin_autocannon/bronze_vert_recoil_spring#standalone:
    minecraft:textures/atlas/blocks.png:minecraft:0
[21May2026 14:41:35.006] [Worker-ResourceReload-7/WARN] [net.minecraft.client.resources.model.ModelManager/]: Missing textures in model cbc_at:cast_iron_rocket_pod_breech#facing=north,waterlogged=false:
    minecraft:textures/atlas/blocks.png:cbc_at:block/cast_iron_rocket_pod
[21May2026 14:41:35.006] [Worker-ResourceReload-7/WARN] [net.minecraft.client.resources.model.ModelManager/]: Missing textures in model cbc_at:built_up_nethersteel_rifled_barrel#facing=south:
    minecraft:textures/atlas/blocks.png:cbc_at:block/built_up_nethersteel_barrel_side
[21May2026 14:41:35.006] [Worker-ResourceReload-7/WARN] [net.minecraft.client.resources.model.ModelManager/]: Missing textures in model cbc_at:unbored_bronze_rocket_pod_rail#assembled=false,facing=north,waterlogged=false:
    minecraft:textures/atlas/blocks.png:cbc_at:block/bronze_rocket_pod
[21May2026 14:41:35.006] [Worker-ResourceReload-7/WARN] [net.minecraft.client.resources.model.ModelManager/]: Missing textures in model cbc_at:unbored_steel_rocket_pod_breech#facing=south,waterlogged=false:
    minecraft:textures/atlas/blocks.png:cbc_at:block/bronze_rocket_pod
[21May2026 14:41:35.006] [Worker-ResourceReload-7/WARN] [net.minecraft.client.resources.model.ModelManager/]: Missing textures in model cbc_at:steel_rocket_pod_breech#facing=east,waterlogged=true:
    minecraft:textures/atlas/blocks.png:cbc_at:block/bronze_rocket_pod
[21May2026 14:41:35.006] [Worker-ResourceReload-7/WARN] [net.minecraft.client.resources.model.ModelManager/]: Missing textures in model cbc_at:cast_iron_rocket_pod_rail#assembled=false,facing=north,waterlogged=false:
    minecraft:textures/atlas/blocks.png:cbc_at:block/cast_iron_rocket_pod
[21May2026 14:41:35.006] [Worker-ResourceReload-7/WARN] [net.minecraft.client.resources.model.ModelManager/]: Missing textures in model cbc_at:unbored_cast_iron_rocket_pod_rail#assembled=false,facing=down,waterlogged=true:
    minecraft:textures/atlas/blocks.png:cbc_at:block/cast_iron_rocket_pod
[21May2026 14:41:35.006] [Worker-ResourceReload-7/WARN] [net.minecraft.client.resources.model.ModelManager/]: Missing textures in model cbc_at:built_up_nethersteel_rifled_barrel#facing=west:
    minecraft:textures/atlas/blocks.png:cbc_at:block/built_up_nethersteel_barrel_side
[21May2026 14:41:35.006] [Worker-ResourceReload-7/WARN] [net.minecraft.client.resources.model.ModelManager/]: Missing textures in model cbc_at:block/twin_autocannon/cast_iron_recoil_spring#standalone:
    minecraft:textures/atlas/blocks.png:minecraft:0
[21May2026 14:41:35.006] [Worker-ResourceReload-7/WARN] [net.minecraft.client.resources.model.ModelManager/]: Missing textures in model cbc_at:built_up_nethersteel_rifled_barrel#facing=north:
    minecraft:textures/atlas/blocks.png:cbc_at:block/built_up_nethersteel_barrel_side
[21May2026 14:41:36.382] [Render thread/INFO] [Veil/]: Loaded 0 shader modifications
[21May2026 14:41:36.467] [Render thread/INFO] [com.mojang.blaze3d.platform.GlDebug/]: OpenGL debug message: id=0, source=SHADER COMPILER, type=ERROR, severity=HIGH, message='SHADER_ID_COMPILE error has been generated. GLSL compile failed for shader 36, "compute Shader veil:light/indirect_sphere": ERROR: 0:24: 'readonly' : reserved word 
ERROR: 0:24: 'readonly' : syntax error syntax error

'
[21May2026 14:41:36.470] [Render thread/ERROR] [Veil/]: Failed to create shader veil:light/indirect_sphere: Failed to compile compute shader
[21May2026 14:41:36.470] [Render thread/WARN] [Veil/]: ERROR: 0:24: 'readonly' : reserved word 
ERROR: 0:24: 'readonly' : syntax error syntax error


[21May2026 14:41:39.022] [Render thread/INFO] [com.mojang.blaze3d.platform.GlDebug/]: OpenGL debug message: id=1, source=SHADER COMPILER, type=ERROR, severity=HIGH, message='SHADER_ID_LINK error has been generated. GLSL link failed for program 42, "Shader Program antique_transport:ship_diagram": The  shader uses varying oneTexel, but previous shader does not write to it.
Out of resource error.
'
[21May2026 14:41:39.023] [Render thread/ERROR] [Veil/]: Failed to create shader antique_transport:ship_diagram: Failed to link shader
[21May2026 14:41:39.023] [Render thread/WARN] [Veil/]: The  shader uses varying oneTexel, but previous shader does not write to it.
Out of resource error.
[21May2026 14:41:41.456] [Render thread/INFO] [Veil/]: Loaded 30 shaders from: pinwheel/shaders/program
[21May2026 14:41:41.537] [Worker-ResourceReload-9/WARN] [mcqoy/]: [McQoy] Failed to match config antique-atlas to any loaded mod
[21May2026 14:41:41.537] [Worker-ResourceReload-9/INFO] [mcqoy/]: [McQoy] Matched config antique_transport to "Antique Transport" (antique_transport)
[21May2026 14:41:41.537] [Worker-ResourceReload-9/INFO] [mcqoy/]: [McQoy] Matched config mcqoy to "Barebones McQoy" (mcqoy)
[21May2026 14:41:41.537] [Worker-ResourceReload-9/INFO] [mcqoy/]: [McQoy] Matched config surveyor to "Surveyor Map Framework" (surveyor)
[21May2026 14:41:41.626] [Worker-ResourceReload-12/INFO] [snownee.jade.Jade/]: Start loading plugin from net.blay09.mods.balm.neoforge.compat.hudinfo.NeoForgeJadeModCompat
[21May2026 14:41:41.655] [Worker-ResourceReload-12/INFO] [snownee.jade.Jade/]: Start loading plugin from de.maxhenkel.corpse.integration.waila.PluginCorpse
[21May2026 14:41:41.656] [Worker-ResourceReload-12/INFO] [snownee.jade.Jade/]: Start loading plugin from snownee.jade.addon.JadeAddonsBase
[21May2026 14:41:41.690] [Worker-ResourceReload-12/INFO] [snownee.jade.Jade/]: Start loading plugin from nezerx.aspectalchemy.compat.jade.AspectAlchemyJadePlugin
[21May2026 14:41:41.692] [Worker-ResourceReload-12/ERROR] [snownee.jade.Jade/]: Error loading plugin at nezerx.aspectalchemy.compat.jade.AspectAlchemyJadePlugin
java.lang.IllegalArgumentException: Duplicate config key: aspectalchemy:cauldron
	at MC-BOOTSTRAP/com.google.common@32.1.2-jre/com.google.common.base.Preconditions.checkArgument(Preconditions.java:218) ~[guava-32.1.2-jre.jar%23125!/:?]
	at TRANSFORMER/jade@15.10.5+neoforge/snownee.jade.impl.config.PluginConfig.addConfig(PluginConfig.java:70) ~[Jade-1.21.1-NeoForge-15.10.5.jar%23494!/:15.10.5+neoforge]
	at java.base/java.util.ArrayList.forEach(ArrayList.java:1596) ~[?:?]
	at TRANSFORMER/jade@15.10.5+neoforge/snownee.jade.impl.ClientRegistrationSession.end(ClientRegistrationSession.java:222) ~[Jade-1.21.1-NeoForge-15.10.5.jar%23494!/:15.10.5+neoforge]
	at TRANSFORMER/jade@15.10.5+neoforge/snownee.jade.impl.WailaClientRegistration.endSession(WailaClientRegistration.java:563) ~[Jade-1.21.1-NeoForge-15.10.5.jar%23494!/:15.10.5+neoforge]
	at TRANSFORMER/jade@15.10.5+neoforge/snownee.jade.util.CommonProxy.loadComplete(CommonProxy.java:524) ~[Jade-1.21.1-NeoForge-15.10.5.jar%23494!/:15.10.5+neoforge]
	at MC-BOOTSTRAP/net.neoforged.bus/net.neoforged.bus.ConsumerEventHandler.invoke(ConsumerEventHandler.java:27) ~[bus-8.0.5.jar%23164!/:?]
	at MC-BOOTSTRAP/net.neoforged.bus/net.neoforged.bus.EventBus.post(EventBus.java:360) ~[bus-8.0.5.jar%23164!/:?]
	at MC-BOOTSTRAP/net.neoforged.bus/net.neoforged.bus.EventBus.post(EventBus.java:328) ~[bus-8.0.5.jar%23164!/:?]
	at MC-BOOTSTRAP/fml_loader@4.0.42/net.neoforged.fml.ModContainer.acceptEvent(ModContainer.java:158) ~[loader-4.0.42.jar%23161!/:4.0]
	at MC-BOOTSTRAP/fml_loader@4.0.42/net.neoforged.fml.ModLoader.lambda$dispatchParallelEvent$4(ModLoader.java:172) ~[loader-4.0.42.jar%23161!/:4.0]
	at MC-BOOTSTRAP/fml_loader@4.0.42/net.neoforged.fml.ModLoader.lambda$dispatchParallelTask$7(ModLoader.java:231) ~[loader-4.0.42.jar%23161!/:4.0]
	at java.base/java.util.concurrent.CompletableFuture.uniHandle(CompletableFuture.java:934) [?:?]
	at java.base/java.util.concurrent.CompletableFuture$UniHandle.tryFire(CompletableFuture.java:911) [?:?]
	at java.base/java.util.concurrent.CompletableFuture$Completion.exec(CompletableFuture.java:483) [?:?]
	at java.base/java.util.concurrent.ForkJoinTask.doExec(ForkJoinTask.java:387) [?:?]
	at java.base/java.util.concurrent.ForkJoinPool$WorkQueue.topLevelExec(ForkJoinPool.java:1312) [?:?]
	at java.base/java.util.concurrent.ForkJoinPool.scan(ForkJoinPool.java:1843) [?:?]
	at java.base/java.util.concurrent.ForkJoinPool.runWorker(ForkJoinPool.java:1808) [?:?]
	at java.base/java.util.concurrent.ForkJoinWorkerThread.run(ForkJoinWorkerThread.java:188) [?:?]
[21May2026 14:41:41.694] [Worker-ResourceReload-12/INFO] [snownee.jade.Jade/]: Start loading plugin from snownee.jade.addon.vanilla.VanillaPlugin
[21May2026 14:41:41.733] [Worker-ResourceReload-12/INFO] [snownee.jade.Jade/]: Start loading plugin from snownee.jade.addon.universal.UniversalPlugin
[21May2026 14:41:41.740] [Worker-ResourceReload-12/INFO] [snownee.jade.Jade/]: Start loading plugin from snownee.jade.addon.debug.DebugPlugin
[21May2026 14:41:41.743] [Worker-ResourceReload-12/INFO] [snownee.jade.Jade/]: Start loading plugin from snownee.jade.addon.core.CorePlugin
[21May2026 14:41:41.749] [Worker-ResourceReload-12/INFO] [snownee.jade.Jade/]: Start loading plugin from snownee.jade.addon.access.AccessibilityPlugin
[21May2026 14:41:41.754] [Worker-ResourceReload-12/INFO] [snownee.jade.Jade/]: Start loading plugin from dev.mgcode.sablejade.SableJadePlugin
[21May2026 14:41:41.757] [Worker-ResourceReload-12/INFO] [snownee.jade.Jade/]: Start loading plugin from fr.lucreeper74.createmetallurgy.compat.jade.CreateMetallurgyJade
[21May2026 14:41:41.888] [Worker-ResourceReload-1/INFO] [PonderIndex/]: Registering Ponder Scenes took 352.1 ms
[21May2026 14:41:41.900] [Worker-ResourceReload-1/INFO] [PonderIndex/]: Registering Ponder Tags took 11.83 ms
[21May2026 14:41:42.061] [Render thread/INFO] [net.pinkcats.createlazytick.CreateLazyTick/]: [CreateLazyTick][Network] registering CLT payload handlers
[21May2026 14:41:42.394] [Render thread/WARN] [net.minecraft.client.resources.language.ClientLanguage/]: Skipped language file: sim_copycats:lang/en_us.json (com.google.gson.JsonSyntaxException: com.google.gson.stream.MalformedJsonException: Expected name at line 39 column 2 path $.block.sim_copycats.weightless_copycat_stairs)
[21May2026 14:41:42.425] [Render thread/WARN] [net.minecraft.client.sounds.SoundEngine/]: Missing sound for event: minecraft:item.goat_horn.play
[21May2026 14:41:42.425] [Render thread/WARN] [net.minecraft.client.sounds.SoundEngine/]: Missing sound for event: minecraft:entity.goat.screaming.horn_break
[21May2026 14:41:42.426] [Render thread/WARN] [net.minecraft.client.sounds.SoundEngine/]: Missing sound for event: minecraft:block.potent_sulfur.geyser_continuous_eruption_start
[21May2026 14:41:42.426] [Render thread/WARN] [net.minecraft.client.sounds.SoundEngine/]: Missing sound for event: northstar:mars_cobra_death
[21May2026 14:41:43.365] [Render thread/INFO] [com.mojang.blaze3d.audio.Library/]: OpenAL initialized on device OpenAL Soft on Speakers (Realtek(R) Audio)
[21May2026 14:41:43.366] [Render thread/INFO] [net.minecraft.client.sounds.SoundEngine/SOUNDS]: Sound engine started
[21May2026 14:41:43.485] [Render thread/INFO] [net.minecraft.client.renderer.texture.TextureAtlas/]: Created: 4096x4096x4 minecraft:textures/atlas/blocks.png-atlas
[21May2026 14:41:43.882] [Render thread/INFO] [net.minecraft.client.renderer.texture.TextureAtlas/]: Created: 512x512x4 minecraft:textures/atlas/signs.png-atlas
[21May2026 14:41:43.890] [Render thread/INFO] [net.minecraft.client.renderer.texture.TextureAtlas/]: Created: 512x512x4 minecraft:textures/atlas/shield_patterns.png-atlas
[21May2026 14:41:43.896] [Render thread/INFO] [net.minecraft.client.renderer.texture.TextureAtlas/]: Created: 512x512x4 minecraft:textures/atlas/banner_patterns.png-atlas
[21May2026 14:41:43.902] [Render thread/INFO] [net.minecraft.client.renderer.texture.TextureAtlas/]: Created: 2048x2048x4 minecraft:textures/atlas/armor_trims.png-atlas
[21May2026 14:41:43.971] [Render thread/INFO] [net.minecraft.client.renderer.texture.TextureAtlas/]: Created: 128x64x4 minecraft:textures/atlas/decorated_pot.png-atlas
[21May2026 14:41:43.974] [Render thread/INFO] [net.minecraft.client.renderer.texture.TextureAtlas/]: Created: 256x256x4 minecraft:textures/atlas/chest.png-atlas
[21May2026 14:41:43.978] [Render thread/INFO] [net.minecraft.client.renderer.texture.TextureAtlas/]: Created: 512x256x4 minecraft:textures/atlas/beds.png-atlas
[21May2026 14:41:43.984] [Render thread/INFO] [net.minecraft.client.renderer.texture.TextureAtlas/]: Created: 512x256x4 minecraft:textures/atlas/shulker_boxes.png-atlas
[21May2026 14:41:44.761] [Render thread/INFO] [net.minecraft.client.renderer.texture.TextureAtlas/]: Created: 1024x512x0 minecraft:textures/atlas/particles.png-atlas
[21May2026 14:41:44.786] [Render thread/INFO] [net.minecraft.client.renderer.texture.TextureAtlas/]: Created: 512x256x0 minecraft:textures/atlas/paintings.png-atlas
[21May2026 14:41:44.791] [Render thread/INFO] [net.minecraft.client.renderer.texture.TextureAtlas/]: Created: 256x128x0 minecraft:textures/atlas/mob_effects.png-atlas
[21May2026 14:41:44.795] [Render thread/INFO] [net.minecraft.client.renderer.texture.TextureAtlas/]: Created: 64x64x0 minecraft:textures/atlas/map_decorations.png-atlas
[21May2026 14:41:44.801] [Render thread/INFO] [net.minecraft.client.renderer.texture.TextureAtlas/]: Created: 1024x1024x0 minecraft:textures/atlas/gui.png-atlas
[21May2026 14:41:44.972] [Render thread/WARN] [net.minecraft.client.renderer.ShaderInstance/]: Shader rendertype_entity_translucent_emissive could not find sampler named Sampler2 in the specified shader program.
[21May2026 14:41:45.757] [Render thread/INFO] [Veil/]: Compiled 60 vanilla shaders in 475.0 ms
[21May2026 14:41:46.661] [Render thread/INFO] [net.neoforged.neoforge.client.entity.animation.json.AnimationLoader/]: Loaded 0 entity animations
[21May2026 14:41:46.661] [Render thread/INFO] [Veil/]: Loaded 3 framebuffers
[21May2026 14:41:46.720] [Render thread/INFO] [Veil/]: Loaded 7 post pipelines
[21May2026 14:41:46.729] [Render thread/INFO] [Veil/]: Loaded 4 render types
[21May2026 14:41:46.729] [Render thread/INFO] [Veil/]: Enabled bloom pipeline
[21May2026 14:41:46.731] [Render thread/INFO] [Veil/]: Loaded 0 quasar particles
[21May2026 14:41:46.732] [Render thread/INFO] [Veil/]: Loaded 0 templates
[21May2026 14:41:46.732] [Render thread/INFO] [Veil/]: Loaded 0 modules
[21May2026 14:41:46.737] [Render thread/INFO] [com.blackgear.vanillabackport.core.VanillaBackport/]: Loaded 2 custom leaf colors: [minecraft:azalea_leaves, minecraft:flowering_azalea_leaves]
[21May2026 14:41:46.749] [Render thread/INFO] [net.minecraft.client.renderer.texture.TextureAtlas/]: Created: 256x256x0 jei:textures/atlas/gui.png-atlas
[21May2026 14:41:46.794] [Render thread/INFO] [flywheel/backend/shaders/]: Loaded 82 shader sources in 25.098 ms
[21May2026 14:41:47.018] [Render thread/INFO] [patchouli/]: BookContentResourceListenerLoader preloaded 40 jsons
[21May2026 14:41:47.027] [Render thread/INFO] [com.simibubi.create.Create/]: Loaded 58 train hat configurations.
[21May2026 14:41:47.030] [Render thread/INFO] [Antique Atlas/]: [Antique Atlas] Reloading Tile Textures...
[21May2026 14:41:47.060] [Render thread/INFO] [Antique Atlas/]: [Antique Atlas] Reloading Biome Tile Providers...
[21May2026 14:41:47.075] [Render thread/INFO] [Antique Atlas/]: [Antique Atlas] Reloading Marker Textures...
[21May2026 14:41:47.111] [Render thread/INFO] [Antique Atlas/]: [Antique Atlas] Reloading Structure Tile / Marker Providers...
[21May2026 14:41:51.091] [Render thread/INFO] [Veil/]: Finished uploading vanilla shaders
[21May2026 14:46:15.079] [JEI Config File Watcher/INFO] [mezz.jei.common.config.file.FileWatcherThread/]: Failed to re-watch directory C:\Users\Josiah\AppData\Roaming\PrismLauncher\instances\Create Aeronautics\minecraft\config\jei. It may have been deleted.
